дом|Бичевка|185|
дом|Бичевка 250 м|
дом|Бичевка лен 200 м|
дом|Брус 2*3|
дом|Брус 3*3|
дом|Брус 3*4|
дом|Брус 4*4|
дом|Брус 4*5|
дом|Брус 5*10|
дом|Брус 5*4|
дом|Брус 5*5|
дом|Брус 5*7|
дом|бумагодержатель|
дом|ванту3 пласт |
дом|ванту3 пластик (мал)|
дом|вантуз дер ручка|
дом|веревка бельевая  D 2 25м|
дом|веревка бельевая  D 3 15м|
дом|веревка бельевая  D 5 20м|
дом|веревка бельевая 15м|
дом|веревка бельевая 15м |
дом|веревка бельевая с наполнит|
дом|Веревка d10|
дом|Веревка d12 бичовка|
дом|Веревка d5|
дом|Веревка d6|
дом|Веревка d8|
дом|Вешалка 6-я|
дом|вешалка декорат 2-й|
дом|вешалка декорат 2-й|
дом|вешалка декорат 2-й|
дом|вешалка декорат 2-й зелен|
дом|Газ балон под горелку|
дом|Газ балон под горелку|
дом|гипс  потолок|
дом|гипс влага|
дом|гипс стена|
дом|горелка газовая|
дом|горелка на балон м|
дом|горелка под газ балон|
дом|горелка пьезо|
дом|градусник помещ t|
дом|градусник улич t|
дом|двери Ольга 80см глух|
дом|двери Ольга 80см стекло|
дом|двери Ольга 80см стекло|
дом|дверь белая МДФ|
дом|держатель полки|
дом|держатель полки|
дом|держатель полки|
дом|держатель полки |
дом|держатель полки |
дом|держатель полки пара|
дом|держатель полок набор|
дом|доводчик мебельный|
дом|зажигалка газовая длин|
дом|зажигалка газовая м|
дом|зажигалка газовая ср|
дом|зажигалка пьезо|
дом|Карниз 1,2|
дом|Карниз 1,60|
дом|Карниз 2,40|
дом|Карниз 2,80|
дом|Карниз 3,00|
дом|карниз потолоч двой 2|
дом|карниз потолоч двой 3,5|
дом|карниз потолоч один 2|
дом|карниз потолоч один 2,5|
дом|карниз потолочный дв3м|
дом|квадрат в двери (б)|
дом|квадрат в двери (м)|
дом|квадрат полоток бел кв.м|
дом|квадрат полоток дерево кв.м|
дом|квадрат полоток крашеный кв.м|
дом|клинья под плинтус|
дом|коврик в ванную|
дом|колесики под мебель б|
дом|колесики под мебель м|
дом|колесики под мебель с|
дом|колесики под мебель с|
дом|короб двери 100|
дом|короб двери 120|
дом|короб двери 140|
дом|короб двери 160|
дом|короб двери 200|
дом|Короб двери 60|
дом|Короб двери 80|
дом|короб МДФ|
дом|крышечки на горелку б|
дом|крышечки на горелку м нерж|
дом|крышечки на горелку нерж|
дом|крючок на карниз|
дом|лента серпянка 150мм*20м|
дом|лента серпянка 150мм*20м|
дом|лента серпянка 20м*100мм|
дом|лента серпянка 20м*50мм|
дом|лента серпянка 20м*50мм|
дом|лента серпянка 42*45|
дом|лента серпянка 45м*50мм|
дом|лента серпянка 50*10м|
дом|лента серпянка 50*45м|
дом|Лента серпянка 50*90м|
дом|лента серпянка 90м*50мм|
дом|лента серпянка стекловолокно 25 мм|
дом|леска Ø 2,7|
дом|леска Ø 3|
дом|навес декор 100 мм|
дом|навес декор 125 мм|
дом|навес декор Ареx 110|
дом|навес декор Кедр 125|
дом|навес декор Apexs 125|
дом|навес декор FSB 100|
дом|навес декор FSB 110|
дом|навес декор FSB 125|
дом|навес декор LEX 100|
дом|навес декорат 100|
дом|навес мебельн|
дом|навес рояльный 1м|
дом|навес рояльный 50см|
дом|навесы декорат 100мм|
дом|навесы декорат 100мм|
дом|навесы декорат золот|
дом|навесы декорат универс пара|
дом|навесы декорат универс пара|
дом|навесы форт 30 мм|
дом|навесы форт 40 мм|
дом|навесы форт 50мм|
дом|навесы форт 60 мм|
дом|нить капроновая|
дом|ножки под мебель|
дом|ножки под мебель|
дом|ножки под мебель|
дом|ножки под мебель|
дом|обивка на двери|
дом|обивка на двери|
дом|обналичка МДФ|
дом|обналичка ровная|
дом|обналичка фигурная|
дом|обувная полка|
дом|ограничитель двери |
дом|ограничитель для двери|
дом|отдушина в двери|
дом|пенопласт 2мм|
дом|пенопласт 2см 15П|
дом|Пенопласт 3/25 плот|
дом|пенопласт 3мм|
дом|Пенопласт 4/25 плот|
дом|пенопласт 4см 15П|
дом|пенопласт 5мм|
дом|пенопласт крошка 0,45м³|
дом|планка на проф лист  вишня|
дом|планка на проф лист зеленая|
дом|планка на проф лист коричневая|
дом|Планка №140 140*30|
дом|Планка №160 160*60|
дом|Планка №180 180*60|
дом|пластик белый 8 мм|
дом|пластик глянец узор 8 мм|
дом|пластик голубой 8 мм|
дом|пластик желтый 8 мм|
дом|пластик зеленый 8 мм|
дом|пластик мат коричнев 8 мм|
дом|пластик розовый 8 мм|
дом|пластик серебро 8 мм|
дом|пластик улитка|
дом|плинтус|
дом|плинтус|
дом|Плинтус 30 дерев|
дом|Плинтус 40 дерев|
дом|плинтус груша темная|
дом|плинтус дуб дачн|
дом|плинтус дуб рос|
дом|плинтус каштан|
дом|плинтус клен|
дом|плинтус короб|
дом|плинтус махагон|
дом|плинтус МДФ|
дом|плинтус орех браз|
дом|плинтус орех св|
дом|плинтус полисандр|
дом|плинтус пот  С 07/05|
дом|плинтус сосна сакромен|
дом|плинтус сосна север|
дом|Плинтус Teko  аксесуар фурнитур|
дом|плита двухкомф|
дом|плитка пол 30*30|
дом|плитка пол 35*35|
дом|плитка стена 20*30|
дом|плитка стена 20*40|
дом|плитка стена 23*35|
дом|плитка стена 25*33|
дом|плитка стена 27*40|
дом|подложка 3мм|
дом|полочка в ванну ( м)|
дом|потолок квадрат безшовн|
дом|потолок квадрат белые|
дом|потолок квадрат цветной|
дом|потолок подвес белый|
дом|потолок подвес под дер|
дом|потолок подвес цвет|
дом|Потолок подвесн бел|
дом|Потолок подвесн цв|
дом|Потолок подвесн цв|
дом|Прес плита QSB 10 мм|
дом|Прес плита QSB 6 мм|
дом|прищепка 12шт набор|
дом|прищепка бельевая плас.|
дом|прищепка по шт|
дом|прищепка Харьков набор|
дом|прищепки набор|
дом|прищепки набор|
дом|прищепок набор|
дом|пятаки под мебель|
дом|рассеиватель на газ|
дом|рассеиватель на горелку|
дом|сушилка д/обуви|
дом|тепла підлога 1л|
дом|теплый пол 16|
дом|тремпель|
дом|тремпель|
дом|тремпель|
дом|трос бельевой d3|
дом|трос бельевой d4|
дом|угол МДФ|
дом|уплотнитель двери|
дом|уплотнитель двери войлоч|
дом|уплотнитель универс|
дом|утеплитель 3мм|
дом|Фанера 10 мм|
дом|Фанера 4 мм|
дом|Фанера 6 мм|
дом|Фанера 8 мм|
дом|фриз 5мм|
дом|фриз 8мм|
дом|фурнитура двойн карниз|
дом|фурнитура для ван|
дом|фурнитура для карниз дв|
дом|фурнитура для карнизов|
дом|фурнитура карниза 2,5м|
дом|фурнитура карниза 2м|
дом|фурнитура одиноч карниз|
дом|шнур бытовой 20|
дом|шнур бытовой плетен|
дом|шнур плетеный с наполн 15|
дом|шнур синтет 10|
дом|шнур синтет 20|
дом|шнур синтет 25|
дом|Шпагат 100 м|
дом|Шпагат 140 м|
дом|Шпагат 250 м|
дом|Шпагат 50 м|
дом|шпагат белый большой|
дом|шпагат белый маленький|
дом|Шпагат полипропилен  100 м|
дом|Шпагат полипропилен  380 м|
дом|Штапик 1|
дом|Штапик 1,50|
дом|Штапик 1,70|
дом|Штапик 1,80|
дом|Штапик 2,00|
дом|Штапик 2,20|
дом|Штапик 2,40|
дом|штора в ванную|
дом|Экопласт обвод 20|
дом|Экопласт обвод 25 длиный|
дом|Экопласт обвод 25 короткий|
дом|эл зажигалка|
дом|F-образка 8мм|
