сантехника|шпатель зуб 300|
сантехника|айраторы|
сантехника|бита (б)|
сантехника|бита 2я с|
сантехника|Бита 4 гранная|
сантехника|бита б|
сантехника|бита двохст|
сантехника|бита м|
сантехника|бита м|
сантехника|бита маленькая|
сантехника|бита маленькая|
сантехника|бита с|
сантехника|бита с|
сантехника|Бокорезы 180|
сантехника|бокорезы 180мм Сила|
сантехника|бокорезы мал|
сантехника|брусок для шлиф сет |
сантехника|брусок под затир сетку 165|
сантехника|брусок под затир сетку 210|
сантехника|брусок точило|
сантехника|бура для пайки|
сантехника|Гвоздодер 400|
сантехника|Гвоздодер 500|
сантехника|Гвоздодер 600|
сантехника|Головка 10|
сантехника|Головка 10|
сантехника|Головка 8|
сантехника|Головка 8|
сантехника|головка шестигранн 32|
сантехника|головка шестигранная на 10|
сантехника|головка шестигранная на 12|
сантехника|головка шестигранная на 13|
сантехника|головка шестигранная на 14|
сантехника|головка шестигранная на 15|
сантехника|головка шестигранная на 16|
сантехника|головка шестигранная на 17|
сантехника|головка шестигранная на 19|
сантехника|головка шестигранная на 19|
сантехника|головка шестигранная на 20|
сантехника|головка шестигранная на 21|
сантехника|головка шестигранная на 21|
сантехника|головка шестигранная на 23|
сантехника|головка шестигранная на 27|
сантехника|головка шестигранная на 30|
сантехника|головка шестигранная на 32|
сантехника|головка шестигранная на 8|
сантехника|головка шестигранная на 9|
сантехника|груша на насосну станцию 24л|
сантехника|груша на насосну станцию 50л|
сантехника|держат для электродов|
сантехника|держат для электродов|
сантехника|держатель для плашки|
сантехника|держатель массы б|
сантехника|держатель массы м|
сантехника|держатель сварки б|
сантехника|держатель сварки м|
сантехника|диск лепесток d125 интертон|
сантехника|диск лепесток d125 интертон|
сантехника|диск под бензокосу|
сантехника|диск универс для наж бумаги|
сантехника|диск универс для наж бумаги|
сантехника|длиногубцы Сила 180 мм|
сантехника|Дюбель 6*40|
сантехника|Дюбель 8*40|
сантехника|Дюбель 8*50|
сантехника|Дюбель 8*60|
сантехника|Дюбель 8*80|
сантехника|заклепочник grad|
сантехника|заклепочник sigma|
сантехника|зубило д 750мм|
сантехника|зубило длин 200мм|
сантехника|зубило плоское 14*250|
сантехника|зубило плоское 14*250 20мм|
сантехника|зубило плоское 14*250 40мм|
сантехника|зубило по камню 250|
сантехника|зубило с огранич|
сантехника|зубило точечное 14/250|
сантехника|камень точильный|
сантехника|канифоль|
сантехника|карабин замков с колов|
сантехника|карабин простой|
сантехника|карабин с закр №10|
сантехника|карабин с закр №10|
сантехника|карабин с закр №4|
сантехника|карабин с закр №5|
сантехника|карабин с закр №5|
сантехника|карабин с закр №6|
сантехника|карабин с закр №8|
сантехника|карабин с закр №8|
сантехника|карабин с закр №9|
сантехника|карабин с коловоротом №5|
сантехника|карабин с коловоротом №6|
сантехника|карабин с коловоротом №7|
сантехника|Карабин №10|
сантехника|Карабин №6|
сантехника|Карабин №7|
сантехника|Карабин №8|
сантехника|Карабин №9|
сантехника|кирка|
сантехника|кислота для пайки|
сантехника|кислота паяльная|
сантехника|Киянка 450 гр|
сантехника|киянка резин 350 г|
сантехника|киянка резин 410 г|
сантехника|киянка резин 450 г|
сантехника|киянка резин 450г|
сантехника|киянка резин 700 г|
сантехника|Клещи для сварки Technics|
сантехника|клещи зажимные 220 мм  Technics|
сантехника|ключ  набор  |
сантехника|ключ звездоч Sigma б набор |
сантехника|ключ звездоч Sigma с набор |
сантехника|ключ р-н 1-23|
сантехника|ключ р-н 10|
сантехника|ключ р-н 10|
сантехника|ключ р-н 10|
сантехника|ключ р-н 10|
сантехника|ключ р-н 10|
сантехника|ключ р-н 10|
сантехника|ключ р-н 11|
сантехника|ключ р-н 11|
сантехника|ключ р-н 12|
сантехника|ключ р-н 12|
сантехника|ключ р-н 12|
сантехника|ключ р-н 12|
сантехника|ключ р-н 12|
сантехника|ключ р-н 13|
сантехника|ключ р-н 13|
сантехника|ключ р-н 13|
сантехника|ключ р-н 13|
сантехника|ключ р-н 13|
сантехника|ключ р-н 14|
сантехника|ключ р-н 14|
сантехника|ключ р-н 14|
сантехника|ключ р-н 14|
сантехника|ключ р-н 15|
сантехника|ключ р-н 150|
сантехника|ключ р-н 16|
сантехника|ключ р-н 16|
сантехника|ключ р-н 16  Technics|
сантехника|ключ р-н 17|
сантехника|ключ р-н 17|
сантехника|ключ р-н 18|
сантехника|ключ р-н 18|
сантехника|ключ р-н 18|
сантехника|ключ р-н 19|
сантехника|ключ р-н 19|
сантехника|ключ р-н 19|
сантехника|ключ р-н 21|
сантехника|ключ р-н 22|
сантехника|ключ р-н 22|
сантехника|ключ р-н 22|
сантехника|ключ р-н 22|
сантехника|ключ р-н 24|
сантехника|ключ р-н 250|
сантехника|ключ р-н 27|
сантехника|ключ р-н 30|
сантехника|ключ р-н 300 Technics|
сантехника|ключ р-н 6|
сантехника|ключ р-н 6|
сантехника|ключ р-н 6|
сантехника|ключ р-н 6|
сантехника|ключ р-н 7|
сантехника|ключ р-н 7|
сантехника|ключ р-н 7|
сантехника|ключ р-н 7|
сантехника|ключ р-н 8|
сантехника|ключ р-н 8|
сантехника|ключ р-н 8|
сантехника|ключ р-н 8|
сантехника|ключ р-н 8|
сантехника|ключ р-н 9|
сантехника|ключ свечной 16 мм Technics|
сантехника|ключ свечной 21 мм Technics|
сантехника|ключ свечной с шариком|
сантехника|ключ свечной с шариком|
сантехника|ключ СИГМА набор|
сантехника|ключ Техникс набор |
сантехника|ключ труб|
сантехника|ключ труб 10*12|
сантехника|ключ труб 16*17|
сантехника|ключ труб 17*19|
сантехника|ключ труб 22*24|
сантехника|ключ труб 6*7|
сантехника|ключ труб 8*9|
сантехника|ключ труб №1|
сантехника|ключ трубных Technics набор |
сантехника|ключ угловой для шлиф маш|
сантехника|ключ угловой для шлиф маш|
сантехника|ключ шестигран Grad набор |
сантехника|ключ шестигран Grad набор |
сантехника|ключ шестигран Grad набор с|
сантехника|ключ шестигран Technics набор  м|
сантехника|ключ шестигранники набор|
сантехника|ковш малярный сер|
сантехника|ковш малярный чер|
сантехника|ковш штукатура большой|
сантехника|ковш штукатура большой|
сантехника|ковш штукатура малый|
сантехника|коловорот оцинк|
сантехника|коловорот черный|
сантехника|коронка  по бетону Ø65|
сантехника|крокодильчики|
сантехника|крокодильчики|
сантехника|крокодильчики|
сантехника|круг алмазный КТ d125 |
сантехника|круг алмазный КТ d180|
сантехника|круг алмазный RIN6 d125 плитка|
сантехника|круг алмазный RIN6 d125 сегмент|
сантехника|круг алмазный RIN6 d125 турбо|
сантехника|круг алмазный RIN6 d230 гранит|
сантехника|круг алмазный STERN d125  сегмент|
сантехника|круг алмазный STERN d125 плитка|
сантехника|круг алмазный STERN d125 турбо|
сантехника|круг алмазный STERN d125 турбо|
сантехника|круг алмазный STERN d150|
сантехника|круг алмазный STERN d180|
сантехника|круг алмазный TIP d125 плитка|
сантехника|круг алмазный TIP d125 сегмент|
сантехника|круг алмазный TIP d180 плитка|
сантехника|круг алмазный TIP d180 турбо|
сантехника|круг алмазный TIP d230 плитка|
сантехника|круг алмазный TIP d230 сегмент|
сантехника|круг алмазный TIP d230 турбо|
сантехника|круг алмазный TRITON d150 turbo|
сантехника|круг алмазный VELLSUT d180|
сантехника|круг наждачный на липучке|
сантехника|крыло под обои|
сантехника|крючок|
сантехника|латки на ,,,,,,,,,,|
сантехника|Лобзик для выпиливания|
сантехника|лобзик ручной|
сантехника|масло H2O|
сантехника|мастер  «Сила»180|
сантехника|мастер “Америка»200|
сантехника|мастер «Интертул»160|
сантехника|мастер «Интертул»180|
сантехника|мастер «Ростек»160|
сантехника|мастер «Сигма»160|
сантехника|мастер «Сигма»180|
сантехника|мастер «Сила»200|
сантехника|Мастер Сигма 160|
сантехника|Мастер Сигма 180|
сантехника|мастерок бетонщика|
сантехника|мастерок для внутреннего угла|
сантехника|мастерок для наружного угла|
сантехника|мастерок капля|
сантехника|мастерок пика|
сантехника|мастерок плиточника|
сантехника|мастерок прямоугольник|
сантехника|мастерок четырехугольный|
сантехника|мастерок чирва|
сантехника|метчик м-12|
сантехника|метчик м-4|
сантехника|метчик м-6|
сантехника|метчик М12 на 1,5|
сантехника|метчик на 14|
сантехника|миксер большой|
сантехника|миксер для краски 100|
сантехника|миксер для краски 50|
сантехника|миксер под перфор 100|
сантехника|миксер под перфор 80|
сантехника|миксер средний|
сантехника|Молоток 0,8 кг|
сантехника|Молоток 0,8 кг|
сантехника|Молоток 0,8 кг|
сантехника|Молоток 1 кг|
сантехника|Молоток 1 кг|
сантехника|Молоток 1 кг|
сантехника|Молоток 1 кг|
сантехника|Молоток 100 гр|
сантехника|молоток американка|
сантехника|набор насадок с огран по гипсокарт|
сантехника|набор отверток|
сантехника|набор пайки|
сантехника|наждачн бумага по шт|
сантехника|наждачная бумага №120 м|
сантехника|наждачная бумага №240 м|
сантехника|напильник  ромб 150 мм|
сантехника|напильник 3х гранный 200 м|
сантехника|напильник 3х гранный 250 м|
сантехника|напильник 3х гранный 300 м|
сантехника|напильник 3х гранный Луганск|
сантехника|напильник 3х угольный|
сантехника|напильник для цепи|
сантехника|напильник круглый 200 мм|
сантехника|напильник круглый 250|
сантехника|напильник круглый 250|
сантехника|напильник круглый 250 мм|
сантехника|напильник круглый 300|
сантехника|напильник плоский |
сантехника|напильник плоский 100 мм|
сантехника|напильник плоский 150 мм|
сантехника|напильник плоский 200|
сантехника|напильник плоский 200 мм|
сантехника|напильник плоский 250|
сантехника|напильник плоский 250 мм|
сантехника|напильник ромбич|
сантехника|напильник треуголь|
сантехника|напильник треуголь длин|
сантехника|насадка РН-2|
сантехника|насадка торцевая 10 мм|
сантехника|насадка шестигранная 16 мм|
сантехника|насадка шестигранная 8 мм|
сантехника|насос велосипедный|
сантехника|натфиль|
сантехника|нож канцеляр  9мм|
сантехника|нож канцеляр  Sigma 18мм|
сантехника|нож канцеляр 18мм|
сантехника|нож канцеляр Интертол 18мм|
сантехника|нож канцеляр Интертол 18мм|
сантехника|нож канцеляр Интертол 18мм|
сантехника|нож строительный 18мм|
сантехника|нож строительный 18мм|
сантехника|нож строительный 18мм|
сантехника|нож строительный 18мм|
сантехника|нож строительный 18мм|
сантехника|нож строительный 18мм|
сантехника|нож строительный 18мм|
сантехника|нож строительный 18мм|
сантехника|нож строительный 9мм|
сантехника|Ножбумага 100|
сантехника|Ножбумага 100|
сантехника|Ножбумага 120|
сантехника|Ножбумага 150|
сантехника|Ножбумага 180|
сантехника|Ножбумага 240|
сантехника|Ножбумага 320|
сантехника|Ножбумага 40|
сантехника|Ножбумага 80|
сантехника|Ножницы |
сантехника|Ножницы 155 мм|
сантехника|Ножницы 180 мм|
сантехника|Ножницы 220 мм|
сантехника|Ножницы 220 мм|
сантехника|Ножницы б|
сантехника|Ножницы б|
сантехника|Ножницы м|
сантехника|ножницы по м/п|
сантехника|ножницы по мет Grad 250 мм|
сантехника|ножницы по металу|
сантехника|ножницы по металу|
сантехника|ножницы по металу|
сантехника|Ножницы с|
сантехника|ножницы,,,|
сантехника|ножовка Sigma 400 мм|
сантехника|ножовки дер ручк|
сантехника|ножовки дер ручк|
сантехника|ножовки Интертол|
сантехника|ножовки Интертол 400мм |
сантехника|ножовки Интертол 450 мм|
сантехника|ножовки Интертол 450 мм|
сантехника|ножовки по дер Техникс 400 мм|
сантехника|ножовки по мет пласм ручка|
сантехника|ножовки Техникс 450 мм|
сантехника|олово|
сантехника|Олово 40|
сантехника|олово б|
сантехника|олово м|
сантехника|Отвертка 2 в 1 |
сантехника|Отвертка 2 в 1 |
сантехника|Отвертка 2 в 1 б|
сантехника|Отвертка 2 в 1 м|
сантехника|Отвертка 2 в 1 с|
сантехника|Отвертка 4 в 1 |
сантехника|отвертка б|
сантехника|отвертка б|
сантехника|отвертка б (*)|
сантехника|отвертка Интертал 5x125 «-»|
сантехника|отвертка Интертал 6х150 «-»|
сантехника|отвертка Интертал 8х150 «-»|
сантехника|отвертка крестовая|
сантехника|отвертка м|
сантехника|отвертка набор сила|
сантехника|отвертка с|
сантехника|отвертка с|
сантехника|отвертка с насадкой 20 нас|
сантехника|отвертка с рез ручкой|
сантехника|отвертка ударная 2х150(+)|
сантехника|отвертка ударная 6х150(-)|
сантехника|отвертка Berg пупс 1x38 «+»|
сантехника|отвертка Berg пупс 5,5x38 «-»|
сантехника|отвертка Range 8x150 «-»|
сантехника|отвертка Sigma 0х100 «+»|
сантехника|отвертка Sigma 2х150 «+»|
сантехника|отвертка Sigma 2х150 «+»|
сантехника|отвертка Sigma 2х38 «+»|
сантехника|отвертка Sigma 5х100 «-»|
сантехника|отвертка Sigma 5х125 «-»|
сантехника|отвертка Sigma 6х100 «-»|
сантехника|отвертка Sigma 6x125 «-»|
сантехника|отвертка Technics 1х125 «+»|
сантехника|отвертка Technics 1х75 «+»|
сантехника|отвертка Technics 2х150 «+»|
сантехника|отвертка Technics 6х150 «-»|
сантехника|отвертки 3х150|
сантехника|отверточные насадки|
сантехника|отвес 100г|
сантехника|Отвес 300 г Orange|
сантехника|отвес малярный |
сантехника|очки сварные кругл|
сантехника|очки сварные ровн|
сантехника|пакля м|
сантехника|пилка по металлу Tehnick |
сантехника|пилочка для ручного лобзика|
сантехника|пилочка на лобзик  мет|
сантехника|пилочка на лобзик дер|
сантехника|пилочка на лобзик дер|
сантехника|пилочка на лобзик дер|
сантехника|пилочка на лобзик дер|
сантехника|пилочка на лобзик дер длин|
сантехника|пилочка на лобзик мет длин|
сантехника|пилочка на ручку лобзика|
сантехника|пистолет для подкач Sigma |
сантехника|плашка двойн Viko|
сантехника|плашка м-10|
сантехника|плашка м-6|
сантехника|плашка м-8|
сантехника|плоскогубцы|
сантехника|Плоскогубцы 160 мм Интертол|
сантехника|Плоскогубцы 180 мм Интертол|
сантехника|Плоскогубцы 180 мм Technics|
сантехника|плоскогубцы мален|
сантехника|плоскогубцы160 амер|
сантехника|Подшипник 7 шариков|
сантехника|Подшипник 8 шариков|
сантехника|подшипник педальный больш|
сантехника|подшипник педальный мал|
сантехника|подшипник шарик|
сантехника|полумесяц|
сантехника|полутер 180х320|
сантехника|Полутер 200|
сантехника|Полутер 250|
сантехника|Полутер 400|
сантехника|полутер пеноп 500|
сантехника|полутер пеноп 600|
сантехника|полутер пеноп 700|
сантехника|проволока свар 1кг|
сантехника|проволока свар 2,5кг|
сантехника|Пупс 2 в 1|
сантехника|пупс двойной|
сантехника|пупс отвертка|
сантехника|пятаки войлочные под нож|
сантехника|Резинка 124*110|
сантехника|Резинка 70*50|
сантехника|резинка конусна 40|
сантехника|резинка стяжная 0,8 м|
сантехника|рем комплект на лампу паяльную|
сантехника|рем комплект на лампу паяльную|
сантехника|ремкомплект на лампу|
сантехника|розшивка будівельна|
сантехника|Рулетка  Мисури 3 м|
сантехника|Рулетка «line» 3 м|
сантехника|рулетка «line» 5 м|
сантехника|Рулетка дешовая 10 м|
сантехника|Рулетка Интертул 3 м |
сантехника|Рулетка Интертул 5 м|
сантехника|Рулетка Сила 3 м|
сантехника|Рулетка Сила 3 м|
сантехника|Рулетка Сила 3 м|
сантехника|Рулетка Сила 5 м|
сантехника|Рулетка Сила 8 м|
сантехника|Рулетка Сила 8 м|
сантехника|Рулетка Сила 8 м |
сантехника|Рулетка Grad  5 м|
сантехника|Рулетка Grad  5 м|
сантехника|Рулетка Orient 3 м|
сантехника|Рулетка Orient 5 м|
сантехника|Рулетка S-line 5 м|
сантехника|Рулетка S-line 8м|
сантехника|Рулетка Sigma 10 м |
сантехника|Рулетка Sigma 20 м|
сантехника|Рулетка Sigma 3 м|
сантехника|Рулетка Sigma 30 м|
сантехника|Рулетка Sigma 5 м|
сантехника|Рулетка Sobi 2 м|
сантехника|Рулетка Technics 10 м|
сантехника|Рулетка Technics 10 м|
сантехника|Рулетка Technics 2 м|
сантехника|Рулетка Technics 30 м|
сантехника|Рулетка Technics 5 м|
сантехника|ручка для ножов полотна длинная|
сантехника|ручка для ножов полотна корот|
сантехника|ручка на газ печку пл|
сантехника|ручка на напильн 115мм|
сантехника|ручка на напильн 135мм|
сантехника|ручка на напильн 90мм|
сантехника|саморез П/Ш 4,2*19|
сантехника|саморез П/Ш 4,2*25|
сантехника|саморез П/Ш 4,2*41|
сантехника|саморез П/Ш 4,2*63|
сантехника|саморез П/Ш 4,2*70|
сантехника|саперка|
сантехника|сетка затирочная|
сантехника|сетка затирочная|
сантехника|сетка фас помаранч|
сантехника|сетка фас помаранч|
сантехника|сетка фас синяя|
сантехника|стамеска Berg 12 мм|
сантехника|стамеска Mastertol 16мм|
сантехника|стамеска Sigma 14 мм|
сантехника|стамеска Sigma 18 мм|
сантехника|стамеска Sigma 20 мм|
сантехника|Стаместка 8 мм Sigma |
сантехника|степлер домаш мастер|
сантехника|степлер sigma|
сантехника|степлер technics|
сантехника|струбцина стопер|
сантехника|Стусло 220*60*70|
сантехника|Стусло 310*70*100|
сантехника|Стусло 315*80*80|
сантехника|терка|
сантехника|терка для сетки затир|
сантехника|терка карс|
сантехника|терка конус 130*270|
сантехника|терка короед|
сантехника|терка мет 130*270 с зубьями|
сантехника|терка пеноп 180х320|
сантехника|терка пласт 140х250|
сантехника|терка пласт 200|
сантехника|терка пласт 250|
сантехника|терка под затир сетку|
сантехника|терка полиурит 12*10|
сантехника|терка полиурит 12*24|
сантехника|терка полиурит 14*28|
сантехника|терка полиурит 18*32|
сантехника|терка ровная|
сантехника|терка сетки интертол|
сантехника|удлинитель биты|
сантехника|удлинитель биты|
сантехника|удлинитель ворон|
сантехника|уровень 1м technics|
сантехника|уровень 1м technics|
сантехника|Уровень 30 см Бригадир|
сантехника|Уровень 40 см |
сантехника|Уровень 40 см Бригадир|
сантехника|уровень 60см technics|
сантехника|Уровень 80 cm TOOCS|
сантехника|уровень 80cм technics|
сантехника|уровень воды 25м|
сантехника|уровень воды 3м|
сантехника|уровень воды 3м|
сантехника|уровень воды 5м|
сантехника|уровень воды 7м|
сантехника|утконосы «Интертул»160|
сантехника|утконосы мален|
сантехника|фитиль|
сантехника|шарнир карданный ½|
сантехника|шестигранник мебельный|
сантехника|шестигранник на 6 |
сантехника|шестигранник на 8|
сантехника|шестигранников набор|
сантехника|шестигранников набор |
сантехника|шнур отбивочный|
сантехника|шпатель 100мм|
сантехника|Шпатель 150 мм|
сантехника|шпатель 150мм|
сантехника|Шпатель 200 мм|
сантехника|шпатель 200мм|
сантехника|шпатель 250мм|
сантехника|шпатель 300мм|
сантехника|шпатель 350мм|
сантехника|Шпатель 40 мм|
сантехника|шпатель 40мм|
сантехника|шпатель 450мм|
сантехника|Шпатель 60 мм|
сантехника|Шпатель 600 мм|
сантехника|шпатель 600мм|
сантехника|шпатель 60мм|
сантехника|Шпатель 80 мм|
сантехника|шпатель 80мм|
сантехника|шпатель зубн 150мм|
сантехника|шпатель зубн 200мм|
сантехника|шпатель зубн 350мм|
сантехника|шпатель рез набор |
сантехника|шпатель резин|
сантехника|шпатель резин|
сантехника|шпатель резин|
сантехника|шпатель резин|
сантехника|щетка дрот с пласм ручкой|
сантехника|щетка дрот с пласм ручкой|
сантехника|щетка крацовка Ø115 мм жест|
сантехника|щетка крацовка Ø115 мм мягк|
сантехника|щетка крацовка Ø115 мм под заж гайку|
сантехника|щетка крацовка Ø115 мм под заж гайку|
сантехника|щетка крацовка Ø125 мм жест|
сантехника|щетка крацовка Ø125 мм жест|
сантехника|щетка крацовка Ø125 мм жестк|
сантехника|щетка крацовка Ø125 мм мягк|
сантехника|щетка крацовка Ø125 мм мягк|
сантехника|щетка крацовка Ø125 мм Sigma жест|
сантехника|щетка крацовка Ø125 мм Sigma мягк|
сантехника|щетка крацовка Ø150 мм|
сантехника|щетка крацовки|
сантехника|щетка крацовки|
сантехника|щетка крацовки|
сантехника|щетка крацовки|
сантехника|щетка крацовки d 115 мм|
сантехника|щетка крацовки d 115 мм жесткая сигма|
сантехника|щетка крацовки d 125 мм жесткая сигма|
сантехника|щетка крацовки d 125 мм жесткая сигма заж|
сантехника|щетка крацовки d 125 мм мягкая сигма|
сантехника|щетка по металу многор|
сантехника|щипцы «Grad» 150 мм|
сантехника|щипцы для стопор колец  180 мм|
сантехника|щипцы для стопорн колец Sigma|
сантехника|щипцы стопорн колец Сила набор |
сантехника|эксцентрик набор |
