краска|алебастр|
краска|алебастр 5кг|
краска|анти силикон 0,5л|
краска|Анти силикон 1л|
краска|Антисиликон 0,5л|
краска|антисиликон 1л|
краска|белила аэроз |
краска|белила аэроз термо 600|
краска|бензин калоша  1кг блеск|
краска|бензин калоша 0,5л Блеск|
краска|бензин калоша 1л Пр|
краска|бронза пудра пакет|
краска|бумага для окон|
краска|валик велюр 30*150|
краска|валик велюр с ручкой 15*70|
краска|валик велюр с ручкой 30*100|
краска|валик велюр с ручкой 30*250|
краска|валик велюр с ручкой 48*200|
краска|валик велюр смен h+Tools 48*180|
краска|валик для обоев с ручкой 150|
краска|валик для обоев с ручкой 180|
краска|валик для обоев с ручкой 250|
краска|валик для труб|
краска|валик для швов |
краска|валик маляр велюр  Tool 38*175|
краска|Валик маляр мульт велюр 30*150|
краска|Валик маляр смен 30*150|
краска|валик маляр смен велюр 30*100|
краска|валик моляр смен Tools 15*100|
краска|валик с ручкой  48*180|
краска|валик с ручкой  Blumberg 180|
краска|валик с ручкой 15*100|
краска|валик с ручкой 15*200|
краска|валик с ручкой 15*70|
краска|валик с ручкой 30*100|
краска|валик с ручкой 30*150|
краска|Валик смен 180|
краска|Валик смен 48*180|
краска|валик смен велюр 30*100|
краска|валик смен велюр Tool 15*70|
краска|валик смен горох|
краска|Валик смен паралон 150*50|
краска|Валик смен паралон 15мм*15см|
краска|Валик смен паралон 35*110|
краска|Валик смен паралон 35*150|
краска|Валик смен паралон 36*70|
краска|валик смен Blumberg 250|
краска|валик смен Favorit 100мм|
краска|валик смен h+Tools мульт 48*180|
краска|валик смен Orange 30*100|
краска|валик смен Oranre 30*150|
краска|валик смен Tool 15*100|
краска|валик смен Tool 15*50|
краска|валик смен Tool 15*70|
краска|валик смен Tool 30*150|
краска|валик смен Tool 48*250|
краска|валик смен Tool синтекс 30*100|
краска|валик смен Triton 40*180|
краска|валик струк с ручкой 180 мм|
краска|валик структ с ручкой горох|
краска|валик структур с ручкой гор 180 мм Favorit|
краска|валик Favorite смен 180|
краска|валик Fortune смен 180*47|
краска|валик Orange  с ручкой 30*150|
краска|валик Orange  с ручкой 58*18|
краска|Валик Orange с ручкой 48*180|
краска|валик Polax  с ручкой 48*250|
краска|валик Polax  смен 48*180|
краска|валик Polax с ручкой 48*180|
краска|валик Polax смен 30*150|
краска|валик Polax смен 48*250|
краска|валик Tool  с ручкой синтекс 30*100|
краска|Валик Tool с ручкой 30*100|
краска|ванночка большая|
краска|ванночка мален|
краска|ванночка мален длинная|
краска|ванночка сред|
краска|герметик авт м черн,красн|
краска|герметик акрил Technics|
краска|герметик универсальн Dr Fix|
краска|гідрофобна пропитка 1л|
краска|емульсія гідрофобізуюча 1л|
краска|жидкие гвозди  Soma Fix|
краска|жидкие гвозди ЕКО-100|
краска|жидкие гвозди Belini|
краска|жидкое стекло 1л|
краска|жидкое стекло 2,5 л|
краска|жидкость торм Нева|
краска|жидкость тормозная ДОТ|
краска|замазка в тубе Aplais|
краска|Замазка оконная|
краска|Замазка оконная Интера|
краска|замазка Штрих|
краска|затирка POLIMIN |
краска|затирка POLIMIN |
краска|затирка POLIMIN  блакитний|
краска|затирка POLIMIN  бузковий|
краска|затирка POLIMIN  сірий|
краска|затирка POLIMIN беж|
краска|затирка POLIMIN белая|
краска|затирка POLIMIN жовтый|
краска|затирка POLIMIN зеленый|
краска|затирка POLIMIN карамель|
краска|затирка POLIMIN корич|
краска|затирка POLIMIN кофейн|
краска|затирка POLIMIN краснокирпич|
краска|затирка POLIMIN кремов|
краска|затирка POLIMIN оливковый|
краска|затирка POLIMIN персик|
краска|затирка POLIMIN салатовый|
краска|затирка POLIMIN св корич|
краска|затирка POLIMIN світлосірий|
краска|затирка POLIMIN чорний|
краска|известь 2кг|
краска|известь 5кг|
краска|керосин  0,5л|
краска|керосин 1л|
краска|керосин Блеск 0,5л|
краска|керосин Блеск 1л|
краска|кисточка 100мм  толст|
краска|кисточка 100мм 1,5'|
краска|кисточка 100мм 1'|
краска|кисточка 100мм 2,5'|
краска|кисточка 100мм 4'|
краска|кисточка 20мм толст|
краска|кисточка 25мм толст|
краска|кисточка 30мм|
краска|кисточка 30мм толст|
краска|кисточка 30мм тонкая|
краска|кисточка 36мм|
краска|кисточка 40мм толст|
краска|кисточка 40мм тонкая|
краска|кисточка 50мм|
краска|кисточка 50мм толст|
краска|кисточка 50мм тонкая|
краска|кисточка 60мм тонкая|
краска|кисточка 70мм толст|
краска|кисточка 70мм тонкая|
краска|кисточка 75мм толст|
краска|кисточка 80мм толст|
краска|кисточка 80мм тонкая|
краска|кисточка 90мм толст|
краска|кисточка лак 20мм|
краска|кисточка лак 30мм|
краска|кисточка лак 40мм|
краска|кисточка радиаторная дерев 1*|
краска|кисточка радиаторная дерев 2*|
краска|кисточка радиаторная пласм 30мм|
краска|кисточка радиаторная пласм 40мм|
краска|кисточка радиаторная пласм 60мм|
краска|кисточка черн ручка 1,5'|
краска|кисточка черн ручка 1'|
краска|кисточка черн ручка 2,5'|
краска|кисточка черн ручка 2'|
краска|кисточка d16|
краска|кисточка d20|
краска|кисточка d20|
краска|кисточка d25|
краска|кисточка d30|
краска|кисточка d50|
краска|кисточка d75|
краска|Клей 505 20|
краска|Клей 88 ,герметик,сапожник|
краска|Клей 88 1кг|
краска|клей Десмокол|
краска|клей для латок |
краска|клей для надувных матрасов|
краска|клей для побел Антимелитель|
краска|клей для побелки|
краска|клей дракон 0,25|
краска|клей дракон 0,4|
краска|клей дракон 0,8|
краска|клей дракон 0,8|
краска|клей дракон монтаж 0,25|
краска|Клей Дуфа 1 кг|
краска|клей кнауф Перфомикс 30кг|
краска|клей кнауф Ф-Ш 25кг|
краска|клей кнауф C-T 30кг|
краска|клей кнауф MULTI-FINISH 25кг|
краска|клей кнауф ROTBAND 30кг|
краска|Клей Крайзель 102 25кг|
краска|Клей Крайзель 220/25 кг|
краска|клей Кросс|
краска|Клей Лакрусил|
краска|Клей мастер-гель|
краска|клей метилам|
краска|клей Момент|
краска|клей момент «Монтаж» туба|
краска|клей момент для армировки 25|
краска|клей момент для газобетона 25кг|
краска|клей момент для плитки 25|
краска|клей момент для проклейки 25|
краска|клей монтаж  Lakrysil туба|
краска|клей монтаж сумашедшая липучка|
краска|клей монтаж сумашедшая липучка туба|
краска|клей монтажный 125 гр|
краска|клей монтажный 250 гр|
краска|клей обойн КМЦ 400гр|
краска|клей обойн метилан винил|
краска|клей обойн метилан унив|
краска|клей обойн метилан флизелин |
краска|клей обойн Момент винил 95г|
краска|клей обойн Момент флизелин 95 г|
краска|клей обойн Туткал|
краска|клей обойн QUELYD винил|
краска|клей обойн QUELYD екс|
краска|клей ПВА 1 кг Д-3|
краска|клей ПВА 1 кг Totus|
краска|клей ПВА 1л МБ3|
краска|клей ПВА 2,5 кг|
краска|клей ПВА 250 гр|
краска|клей ПВА 40 гр|
краска|Клей ПВА бустилат 1,2 кг|
краска|клей ПВА МБ шт 1кг|
краска|клей пена Akluks|
краска|клей пена Belat |
краска|клей пена De Lise|
краска|клей пена Dr Schenk|
краска|клей пена Soma Fix|
краска|клей пена Technics|
краска|клей Пеностирол  1|
краска|клей Пеностирол 2 50х100|
краска|клей Пеностирол 2 60х1,2|
краска|клей Пеностирол 3|
краска|клей пеностирол 50х1  2|
краска|клей Полимин 4-4 25кг|
краска|клей полимин ШФ-3 белый|
краска|клей полимин ШФ-3 серый|
краска|клей полистерол 2мм|
краска|клей полистерол 3мм|
краска|Клей Примус 1,5 кг|
краска|клей Проф|
краска|клей цеоогопан|
краска|Клей ЭДП 70г|
краска|клей эпоксид 150г|
краска|краситель колорекс|
краска|краситель Колорекс|
краска|краска аэроз золото больш|
краска|краска аэроз паинт больш|
краска|краска аэроз паинт маленькая|
краска|краска аэроз сильвер больш|
краска|краска аэроз сильвер маленькая|
краска|краска декор 100г|
краска|краска декор 100г|
краска|краска декор 500г|
краска|Краска мобилак аэроз|
краска|Лазурь релакс 0,75 л желтая|
краска|Лазурь релакс 0,75 л каштан|
краска|Лазурь релакс 0,75 л орех |
краска|Лазурь релакс 0,75 л палисандр|
краска|Лазурь релакс 0,75 л св дуб|
краска|Лазурь релакс 0,75 л тем дуб|
краска|Лазурь релакс 0,75 л тик|
краска|Лазурь релакс 0,8 кг паркетный |
краска|Лазурь релакс 2,8 кг зеленая|
краска|Лазурь релакс 2,8 кг морская волна|
краска|лак битумный 0,5л|
краска|лак битумный 1л|
краска|лак Блеск НЦ-218|
краска|лак Контакт акриловый 1кг|
краска|лак Лазурь с морилк|
краска|лак НЦ 218 0,5кг|
краска|лак Ролакс акриловый 1кг|
краска|Лак Ролакс матовый 0,8 л|
краска|лак Ролакс панель|
краска|лак Ролакс паркетный 0,8 л|
краска|лак Ролакс по камню 0,8 л|
краска|Лак Ролакс ПФ 170 0,8 кг|
краска|лак Ролакс ПФ-170 0,5кг|
краска|лак Ролакс ПФ-170 2,8кг|
краска|лак Ролакс яхтенный глян 0,8 л|
краска|Лак яхтенный матовый 0,8 кг|
краска|лак Belini ПФ-170 0,75л|
краска|лак Belini с морилк|
краска|Лак Maxima с морилк |
краска|лента малярная 19|
краска|Макловица 30*110|
краска|Макловица 30*130|
краска|Макловица 30*70|
краска|Макловица 30*90|
краска|Макловица 40*140|
краска|Макловица 50* 180|
краска|Макловица 50*150|
краска|макловица пласм 30*100|
краска|макловица пласм 30*100|
краска|макловица пласм 30*130|
краска|макловица пласм 40*140|
краска|макловица пласм 50*150|
краска|медный купорос|
краска|мел 2кг|
краска|мел 5кг|
краска|мел для отбив тросса|
краска|миксер для краски б|
краска|миксер для краски м|
краска|миксер для краски с|
краска|миксер на дрель б|
краска|миксер на дрель с|
краска|мин вата изовер 15 м2|
краска|мин вата изовер 17 м2|
краска|мин вата Кнауф 18 м2|
краска|Мин вата Кнауф мат 18 м2|
краска|Мин вата кнауф мат 9м2|
краска|Мин вата УРСА 16,8 м2|
краска|мин вата урса 8,4 м3|
краска|Морилка 0,5л|
краска|огнезащит силик  Grad|
краска|огнезащит силик  Sigma|
краска|огнезащит силик  Sigma|
краска|Олифа  0,5 л|
краска|Олифа 1 л|
краска|Олифа Оксоль 3,8кг|
краска|Очиститель пены Boomonster|
краска|Очиститель пены Get Fix|
краска|пена Вilove труб 0,5|
краска|пена Вilove трубчатая|
краска|пена монтажная  Penosil|
краска|пена монтажная под лист  Soma Fix|
краска|пена монтажная Belat 300 мл|
краска|пена монтажная Soma Fix|
краска|пена монтажная Soma Fix 500 гр|
краска|пена пистолет   дом моб|
краска|пена пистолет  дом моб|
краска|пена под пистол монтаж стандарт 500|
краска|пена под пистол монтаж Aktix|
краска|пена под пистол монтаж BELAT|
краска|пена под пистол монтаж BELAT|
краска|пена под пистол монтаж BELAT 500|
краска|пена под пистол монтаж PENOSIL 300|
краска|пена под пистол Ролакс|
краска|пена под пистол Aktix|
краска|пена под пистол BUD PROFIT|
краска|пена проф Rolax|
краска|пена профессион|
краска|пена трубчатая пеносил|
краска|пена трубчатая Aklix 75|
краска|пена трубчатая Aklix 812|
краска|пенопластовая крошка 0,2 м3|
краска|пистол для пол  РНIМО №7202|
краска|пистолет д/силикон полузакр|
краска|пистолет для пены|
краска|пистолет клеевой|
краска|пистолет под пену одн дом мастер|
краска|пистолет под силикон|
краска|пистолет под силикон закрытый|
краска|пистолет под силикон сигма|
краска|пластификатор морозост 5л|
краска|пластфиксатор для бетона 1л|
краска|преобразователь ржавчины 0,5л|
краска|Преобразователь ржавчины 1л|
краска|преобразователь ржавчины 1л|
краска|Противогрибковая 1 л|
краска|протиморозний 1л|
краска|пудра алюмин пак|
краска|размораживатель АВАНТЕК|
краска|Растворитель 007 Ролакс 0,5л|
краска|растворитель 3в1 Polital|
краска|Растворитель 646  0,5л|
краска|Растворитель 646  1л|
краска|Растворитель 647  0,5л|
краска|Растворитель 647  0,5л|
краска|Растворитель 647  1л|
краска|Растворитель 647 3,6 кг|
краска|Растворитель 650 0,5л|
краска|Растворитель 650 0,5л Блеск|
краска|Растворитель 650 1л|
краска|Респиратор|
краска|Респиратор|
краска|респиратор лепесток|
краска|респиратор сменные фильтра|
краска|респиратор угольный 1й|
краска|респиратор угольный 2й|
краска|Рубероид 10 м|
краска|Рубероид 15 м|
краска|Рубероид ГОСТ 10 м|
краска|Рубероид ГОСТ 10 м|
краска|рубероид гост 10м|
краска|Рубероид ГОСТ 15 м|
краска|Рубероид ГОСТ 15 м|
краска|Рубероид евро 10 м|
краска|Рубероид евро 10 м|
краска|Рубероид евро 10 м|
краска|рубероид евро 10м|
краска|рубероид евро 15м|
краска|ручка на валик 100|
краска|ручка на валик 150|
краска|серебрянка маленькая|
краска|сигнальная лента 100м|
краска|сигнальная лента 50м|
краска|Силикон 1,2|
краска|силикон для аквариума Hercul|
краска|силикон для аквариума SOMA GERMAN|
краска|силикон пистолет |
краска|Силикон стержень длинный|
краска|силикон стержень короткий|
краска|силикон Belat прозрач|
краска|силикон Belat туба|
краска|силикон SOMA GERMAN|
краска|силикон SOMA GERMAN туба|
краска|синька|
краска|синька в пакет|
краска|Скотч 100 м желт|
краска|Скотч 100мм|
краска|Скотч 150мм|
краска|скотч 2-хсторон 48*15м|
краска|Скотч 2-хсторон 48*25м|
краска|скотч 2-хсторон 50*5м|
краска|Скотч 200мм|
краска|Скотч 200мм желт|
краска|скотч 2хсторон|
краска|Скотч 300 м|
краска|Скотч 30мм|
краска|Скотч 30мм|
краска|Скотч 75мм|
краска|Скотч 90мм|
краска|скотч авт 12*2м|
краска|скотч авт 19*2м|
краска|скотч алюм 45*10м|
краска|скотч алюмин 38*10м|
краска|скотч алюмин 50*10м|
краска|скотч армирующ 48*25 м|
краска|скотч армирующ 48*50 м|
краска|скотч армирующ 50*10 м|
краска|Скотч канцел|
краска|Скотч канцел|
краска|Скотч канцел|
краска|скотч малярный 19мм|
краска|скотч малярный 25мм|
краска|скотч малярный 25мм|
краска|скотч малярный 38мм|
краска|скотч малярный 38мм|
краска|скотч малярный 38мм Мастер|
краска|скотч малярный 48 мм|
краска|скотч малярный 48мм Мастер|
краска|скотч малярный 50мм|
краска|скотч прозрач|
краска|смывка стар краски СП-6 1л|
краска|сольвент 1л|
краска|Сольвент 3,8кг|
краска|Сольвент Блеск 0,5л|
краска|сольвент Блеск 1л|
краска|сольвент ЕРА 0,5Л|
краска|сольвент ЕРА 1л|
краска|стержень силиконовый|
краска|стержень силиконовый|
краска|стержень силиконовый|
краска|стержень силиконовый черный|
краска|супер клей 20|
краска|тотус антисептик 1 л дер|
краска|тотус антисептичный грунт 1 л|
краска|Уайт-спирит 0,5л|
краска|Уайт-спирит 3,1 кг|
краска|Уайт-спирит Блеск 1л|
краска|Уайт-спирит ЕРА 1л|
краска|Утеплитель Изовер 15 м2|
краска|Утеплитель Изовер 17 м2|
краска|Утеплитель Профитеп 16 м2|
краска|холодная сварка алмаз|
краска|холодная сварка ремпласт|
краска|холодная сварка ремпласт|
краска|Цемент 50 кг|
краска|цемент 50 кг Portland 400|
краска|цемент 50 кг Portland 500|
краска|церезит кол шов біл |
краска|Шпаклевка АВС старт 2кг|
краска|Шпаклевка АВС старт 5кг|
краска|Шпаклевка АВС финиш 2кг|
краска|Шпаклевка АВС финиш 5кг|
краска|Шпаклевка грунт акрил Атлас 1л|
краска|Шпаклевка грунт антигриб 5л|
краска|Шпаклевка грунт Аура 0,5л|
краска|Шпаклевка грунт Аура 1л|
краска|Шпаклевка грунт Дюфа 1л|
краска|Шпаклевка грунт момент|
краска|Шпаклевка грунт Премиум 1л|
краска|Шпаклевка грунт Ультра 1л|
краска|Шпаклевка грунт церазит 5л|
краска|Шпаклевка грунтовка антигрибковая 1л|
краска|Шпаклевка грунтовка антигрибковая 2л|
краска|Шпаклевка грунтовка церазит 2л|
краска|Шпаклевка Макс Веng 3 1кг|
краска|Шпаклевка Макс Веng 3 1кг|
краска|Шпаклевка Мастерок УПС 1:4 25кг|
краска|шпаклевка по дереву 0,35 біла|
краска|шпаклевка по дереву 0,7 біла|
краска|шпаклевка по дереву 0,7 вільха|
краска|шпаклевка по дереву 0,7 сосна|
краска|шпаклевка по дереву бук 0,35|
краска|шпаклевка по дереву вільха 0,35|
краска|шпаклевка по дереву дуб 0,35|
краска|шпаклевка по дереву сосна 0,35|
краска|Шпаклевка СМ -11 25кг|
краска|Шпаклевка СМ -11 5кг|
краска|Шпаклевка СМ -117 25кг|
краска|шпаклевка финиш Putz 1,5кг|
краска|шпаклевка финиш Putz 17кг|
краска|шпаклевка финиш Putz 5кг|
краска|шпаклевка финиш Putz 8кг|
краска|Шпаклевка skanmix термост 20кг|
краска|Штукатурка полимин кол шов горіх|
краска|Штукатурка полимин М-75-25кг|
краска|Штукатурка полимин П-12-25кг|
краска|Штукатурка полимин П-19-25кг|
краска|Штукатурка полимин П-20-25кг|
краска|Штукатурка полимин П-21-25кг|
краска|Штукатурка полимин П-22-25кг|
краска|Штукатурка полимин П-9-25кг|
краска|Штукатурка полимин ПБ-55-25кг|
краска|щетка круглая 16|
краска|щетка круглая 20 мм|
краска|щетка плоская 1|
краска|щетка плоская 1|
краска|щетка плоская 1,5|
краска|щетка плоская 1,5|
краска|щетка плоская 100 мм|
краска|щетка плоская 2|
краска|щетка плоская 2,5|
краска|щетка плоская 2,5|
краска|щетка по металу 1 ряд|
краска|щетка по металу 1 ряд|
краска|щетка по металу 5 ряд дерев|
краска|щетка по металу многоряд|
краска|щетка побелочная|
краска|щетка радиаторная 1,5|
краска|щетка радиаторная 2|
краска|эмаль  грунт Днепрконтакт серая 2,8 кг|
краска|эмаль  Ролакс 0,75кг акрилов |
краска|эмаль  Фазенда  2,8 кг пол кр корич|
краска|Эмаль «Вагонка»0,8 бел|
краска|эмаль «Вагонка»0,8 черн|
краска|эмаль «Вагонка»0,8бирюза|
краска|эмаль «Вагонка»0,8вишня|
краска|эмаль «Вагонка»0,8голубая|
краска|эмаль «Вагонка»0,8зелен|
краска|эмаль «Вагонка»0,8корич|
краска|эмаль «Вагонка»0,8крас корич|
краска|эмаль «Вагонка»0,8красная|
краска|эмаль «Вагонка»0,8св серая|
краска|эмаль «Вагонка»0,8серая|
краска|эмаль «Вагонка»0,8синяя|
краска|эмаль «Вагонка»0,8тем зел|
краска|эмаль «Вагонка»0,8тем серая|
краска|эмаль «Вагонка»2,5 бел|
краска|эмаль «Вагонка»2,5 голубой|
краска|эмаль «Вагонка»2,5 зелен|
краска|эмаль «Вагонка»2,5 св серый|
краска|эмаль «Вагонка»2,5 серый|
краска|эмаль «Вагонка»2,5 синий |
краска|эмаль «Вагонка»2,5 черный|
краска|эмаль «Вагонка»2,5бирюза|
краска|эмаль «Вагонка»2,5вишня|
краска|эмаль «Вагонка»2,5коричнев|
краска|эмаль «Вагонка»2,5красн корич|
краска|эмаль «Вагонка»2,5красная|
краска|эмаль «Вагонка»2,5тем зелен|
краска|эмаль «Вагонка»2,5тем серый|
краска|Эмаль +грунтовка 3в1 Delfi зелен|
краска|эмаль аэроз жаростойкая|
краска|эмаль аэрозоль жароустойчив|
краска|эмаль аэрозоль Belat керам|
краска|эмаль аэрозоль Belat №1001|
краска|эмаль аэрозоль Bosny белая|
краска|эмаль аэрозоль Bosny черная|
краска|эмаль аэрозоль Mobi LACK|
краска|эмаль аэрозоль №44|
краска|эмаль аэрозоль Paint |
краска|эмаль аэрозоль Paint  (м) Silver|
краска|эмаль аэрозоль Paint м|
краска|эмаль аэрозоль Paint молоток|
краска|эмаль аэрозоль Paint Silver|
краска|Эмаль Бирюза 2,8 кг|
краска|Эмаль Бирюза 2,8 кг слоновая кость |
краска|Эмаль Бирюза 2,8 кг яр голуюая|
краска|Эмаль грунт ГФ-021 красн коричнев 0,9кг|
краска|эмаль грунт Комфорт кр корич2,8 кг|
краска|Эмаль грунт Фазенда серая 0,9кг|
краска|эмаль грунт Фазенда серая 2,8 кг|
краска|Эмаль Грунт Belini  серая  0,9кг|
краска|эмаль грунт Belini белая 2,8 кг|
краска|Эмаль Грунт Belini кр-коричневая 0,9 кг|
краска|Эмаль грунт Belini красн коричнев 0,9кг|
краска|эмаль грунт Belini серая 2,8 кг|
краска|Эмаль грунт Belini чер 0,9кг|
краска|эмаль грунт Belini черн 2,8 кг|
краска|Эмаль Грунт Belini черная 2,8 кг|
краска|эмаль грунтовка корабельная  серая 2,8 кг|
краска|Эмаль грунтовка Корабельная красн коричнев 0,9кг|
краска|Эмаль грунтовка Delfi красн коричнев 0,9кг|
краска|Эмаль грунтовка Delfi серая 0,9кг|
краска|эмаль грунтовка Elfina серая 2,8 кг|
краска|эмаль грунтовка Smail кр корич2,8 кг|
краска|Эмаль Декарт 2,8 кг св. зеленая|
краска|Эмаль Колорик 2,8 кг желто коричневая|
краска|эмаль комфорт 0,9 кг  желт |
краска|эмаль комфорт 0,9 кг  черная|
краска|эмаль комфорт 0,9 кг белая |
краска|эмаль комфорт 0,9 кг черная |
краска|эмаль комфорт 1,4 кг латекс синяя |
краска|эмаль комфорт 1,4 кг розовая |
краска|эмаль комфорт 14 кг розовая |
краска|эмаль комфорт 2,8 кг кр коричневая|
краска|эмаль комфорт 4,2 кг латекс синяя |
краска|эмаль комфорт 4,2 кг розовая |
краска|эмаль комфорт 7 кг латекс синяя |
краска|эмаль комфорт 7 кг розовая |
краска|эмаль корабельная  2,8 кг голубая |
краска|эмаль Корабельная 0,2 кг белая |
краска|эмаль корабельная 0,2 кг зеленая |
краска|эмаль корабельная 0,9 кг вишня|
краска|эмаль корабельная 0,9 кг ж коричневая  |
краска|эмаль корабельная 0,9 кг желтая|
краска|эмаль корабельная 0,9 кг зеленая|
краска|эмаль корабельная 0,9 кг зеленая |
краска|эмаль корабельная 0,9 кг коричневая|
краска|эмаль корабельная 0,9 кг кр коричневая|
краска|эмаль корабельная 0,9 кг кр-коричневая|
краска|эмаль корабельная 0,9 кг оранжевая|
краска|эмаль корабельная 0,9 кг светло серая|
краска|эмаль корабельная 0,9 кг серая|
краска|эмаль корабельная 0,9 кг серая|
краска|эмаль корабельная 0,9 кг синяя|
краска|эмаль Корабельная 0,9 кг сирен |
краска|эмаль корабельная 0,9 кг т серая |
краска|эмаль корабельная 0,9 кг черная |
краска|эмаль корабельная 2,8 кг  желто коричневая|
краска|эмаль корабельная 2,8 кг  красная|
краска|эмаль корабельная 2,8 кг  красно коричневая|
краска|эмаль корабельная 2,8 кг  серая|
краска|эмаль корабельная 2,8 кг белая|
краска|эмаль корабельная 2,8 кг вишня |
краска|эмаль корабельная 2,8 кг зеленая |
краска|эмаль корабельная 2,8 кг коричневая|
краска|эмаль корабельная 2,8 кг кр коричневая|
краска|эмаль корабельная 2,8 кг кр коричневая |
краска|эмаль корабельная 2,8 кг пол жел корич |
краска|эмаль корабельная 2,8 кг пол кр кор |
краска|эмаль корабельная 2,8 кг синяя|
краска|эмаль корабельная 2,8 кг синяя |
краска|эмаль корабельная 2,8 кг черная|
краска|эмаль корабельная 2,8 кг ярк голубая |
краска|эмаль Макіта 1л|
краска|эмаль Макіта 400г|
краска|эмаль Панафарб 0,2 кг белая |
краска|эмаль Панафарб 0,2 кг голуб |
краска|эмаль Панафарб 0,2 кг красн |
краска|эмаль Панафарб 0,2 кг серая |
краска|эмаль Панафарб 0,2 кг черн |
краска|эмаль Панафарб 0,2кг салат |
краска|эмаль Панафарб 0,9 кг белая |
краска|эмаль Панафарб 0,9 кг зеленая|
краска|эмаль Панафарб 0,9 кг зеленая |
краска|эмаль Панафарб 0,9 кг коричн |
краска|эмаль Панафарб 0,9 кг кр коричн |
краска|Эмаль Панафарб 0,9 кг красная |
краска|эмаль Панафарб 0,9 кг салатов |
краска|эмаль Панафарб 0,9 кг св серая |
краска|эмаль Панафарб 0,9 кг св. зеленая|
краска|эмаль Панафарб 0,9 кг серая|
краска|эмаль панафарб 0,9 кг серебро  |
краска|эмаль Панафарб 0,9 кг синяя |
краска|Эмаль панафарб 0,9 кг черная  |
краска|эмаль Панафарб 0,9 кг яр голубая |
краска|эмаль Панафарб 1,4 кг Фасад  |
краска|эмаль Панафарб 2,8 кг бел |
краска|эмаль Панафарб 2,8 кг коричнев |
краска|эмаль Панафарб 2,8 кг пол кр корич |
краска|эмаль Панафарб 2,8 кг св зеленая|
краска|эмаль Панафарб 2,8 кг серый |
краска|эмаль Панафарб 2,8 кг т. зеленая |
краска|эмаль Панафарб 2,8 кг темно зелен|
краска|эмаль Панафарб 2,8 кг черн |
краска|эмаль Панафарб 2,8кг зеленая |
краска|эмаль Панафарб 4,2 кг Фасад интерьер |
краска|эмаль Поликолор 0,9 кг бирюза|
краска|эмаль Поликолор 0,9 кг изумруд|
краска|эмаль Поликолор 2,8 кг яр голубая|
краска|Эмаль Поликолор жел  2,8 кг|
краска|эмаль Ролакс 0,2 кг белая |
краска|эмаль Ролакс 0,2 кг бирюза |
краска|эмаль Ролакс 0,2 кг голуб св |
краска|эмаль Ролакс 0,2 кг голуб яркая |
краска|эмаль Ролакс 0,2 кг жел кор |
краска|эмаль Ролакс 0,2 кг желт |
краска|эмаль Ролакс 0,2 кг корич |
краска|эмаль Ролакс 0,2 кг синяя |
краска|эмаль Ролакс 0,2 кг яр голубая |
краска|эмаль Ролакс 0,9кг сирен |
краска|эмаль Ролакс 1,0кг радиат|
краска|эмаль Ролакс 2,8 кг бирюза |
краска|эмаль Ролакс 2,8 кг зелен |
краска|эмаль Смайл 0,5 кг зеленая |
краска|эмаль Смайл 0,5 кг черная |
краска|эмаль Смайл 0,5 кг яр голубая |
краска|эмаль Смайл 0,9 кг хаки|
краска|эмаль Смайл 2,8 кг кр-коричневая|
краска|эмаль Смайл 2,8 кг оранжевая|
краска|эмаль Смайл 2,8 кг хаки |
краска|эмаль Снежка маслосалев 400г|
краска|эмаль Снежка маслосалиевая 1л|
краска|эмаль Снежка радиат 1л|
краска|эмаль Снежка радиат 400г|
краска|Эмаль Снежка ЭКО 1,4 кг|
краска|Эмаль Снежка ЭКО 14 кг|
краска|Эмаль Снежка ЭКО 7 кг|
краска|Эмаль Снежка экстра фасад 1,4 кг|
краска|Эмаль Снежка экстра фасад 14 кг|
краска|Эмаль Снежка экстра фасад 4,2 кг|
краска|Эмаль Снежка экстра фасад 7 кг|
краска|эмаль Универсал св. голубой 2,8 кг|
краска|эмаль Фазенда  0,9 кг красная|
краска|эмаль Фазенда  2,8 кг пол желт |
краска|Эмаль фазенда 0,9 кг  белая|
краска|Эмаль фазенда 0,9 кг  желто коричневая|
краска|Эмаль фазенда 0,9 кг  зеленая|
краска|Эмаль фазенда 0,9 кг  коричневая|
краска|Эмаль фазенда 0,9 кг  красно коричневая|
краска|Эмаль фазенда 0,9 кг  серая|
краска|Эмаль фазенда 0,9 кг  серая|
краска|Эмаль фазенда 0,9 кг  синяя|
краска|Эмаль фазенда 0,9 кг  черная|
краска|эмаль Фазенда 0,9 кг желтая |
краска|Эмаль фазенда 0,9 кг ярко голубая|
краска|Эмаль Фазенда 2,8 кг  белая|
краска|Эмаль Фазенда 2,8 кг  вишня|
краска|Эмаль Фазенда 2,8 кг  голубая|
краска|Эмаль Фазенда 2,8 кг  зеленая|
краска|Эмаль Фазенда 2,8 кг  коричневая|
краска|Эмаль Фазенда 2,8 кг  кр-коричневая|
краска|Эмаль Фазенда 2,8 кг  кр-коричневая|
краска|Эмаль Фазенда 2,8 кг  серая|
краска|Эмаль Фазенда 2,8 кг  серая|
краска|Эмаль Фазенда 2,8 кг  синяя|
краска|Эмаль Фазенда 2,8 кг жел-коричневая|
краска|Эмаль Фазенда 2,8 кг красная|
краска|Эмаль Фазенда 2,8 кг черная|
краска|эмаль Фарбекс ореховая 0,9 кг|
краска|эмаль Фарбекс синяя 2,8 кг|
краска|Эмаль Фасад Делфи  7 кг|
краска|Эмаль фасад желтая|
краска|Эмаль Фасад Комфорт  1,4 кг|
краска|Эмаль Фасад Комфорт  14 кг|
краска|Эмаль Фасад Комфорт  7 кг|
краска|Эмаль фасад оранжевая|
краска|Эмаль фасад оранжевая|
краска|Эмаль Фасад стандарт 1,4 кг|
краска|Эмаль Фасад стандарт 14 кг|
краска|Эмаль Фасад стандарт 4,2 кг|
краска|Эмаль Фасад стандарт 7 кг|
краска|Эмаль Фасад Фарбек 4,2|
краска|Эмаль Химтекс 0,9 кг бирюза|
краска|Эмаль Эльфина 0,9 кг красно коричневая|
краска|эмаль яхтенная  0,9 кг зеленая |
краска|эмаль яхтенная  2,8 кг пол кр корич|
краска|эмаль яхтенная 0,9 кг вишня |
краска|эмаль Яхтенная 0,9 кг оранж |
краска|эмаль яхтенная 0,9 кг т серая |
краска|эмаль Яхтенная 2,8 кг вишня |
краска|эмаль Яхтенная 2,8 кг зеленая |
краска|эмаль Belini 0,75кг палисандр |
краска|эмаль Belini 0,9 кг бежевая |
краска|эмаль Belini 0,9 кг бирюза|
краска|эмаль Belini 0,9 кг голубая |
краска|Эмаль Belini 0,9 кг красная |
краска|Эмаль Belini 0,9 кг морская волна |
краска|Эмаль Belini 0,9 кг серебро |
краска|эмаль Belini 0,9 кг слоновая кость|
краска|эмаль Belini 0,9 кг слоновая кость |
краска|Эмаль Belini 0,9 кг яр голубая |
краска|эмаль Belini 2,8 кг бирюза |
краска|эмаль Belini 2,8 кг серая |
краска|эмаль Belini 2,8 кг слоновая кость |
краска|эмаль Belini 2,8 кг ярк голубая |
краска|эмаль Delfi желт корич 2,8 кг|
краска|эмаль Delfi св орех 0,9 кг|
краска|эмаль Panitex 2,8кг серая |
краска|Эмаль Polifarb молоткова |
краска|эмаль Smica 2,8 кг оранж |
краска|эмаль Smile 0,9 кг орех |
краска|эмаль+грунтовка 3в1 Delfi серая|
краска|Эмульсионка ультрабелая 1,4 кг|
краска|Эмульсионка ультрабелая 14 кг|
краска|Эмульсионка ультрабелая 4,2 кг|
краска|Эмульсионка ультрабелая 7 кг|
краска|Sigma пистолет для герметика|
