огородник|веер желтый|
огородник|веер плоский грабли|
огородник|веер с металической ручкой|
огородник|грабарка черная|
огородник|Грабли 10 зубов|
огородник|Грабли 8 зубов|
огородник|грабли веер проволка|
огородник|грабли веер раздвижн|
огородник|грабли веер утолщ|
огородник|грабли садовые |
огородник|грабли сено|
огородник|вилы для сена|
огородник|вилы садовые|
огородник|лопата американка|
огородник|лопата американка|
огородник|лопата оранжевая |
огородник|лопата снегов АБС|
огородник|лопата снегов Лемира|
огородник|лопата снеговая|
огородник|лопата совок|
огородник|лопата чехия совок|
огородник|лопата чехия штык |
огородник|лопата штык|
огородник|Лопата штыкова черная|
огородник|лопатка|
огородник|лопатка садовая|
огородник|мотыжка|
огородник|розпуш |
огородник|рыхлитель|
огородник|Сапка 150|
огородник|Сапка 200|
огородник|Секатор 200 мм|
огородник|секатор Град|
огородник|секатор Интерпол|
огородник|Секатор Интертол|
огородник|секатор Китай|
огородник|секатор обводной|
огородник|тяпка садовая|
огородник|фруктосъемник |
огородник|фруктосъемник  (леска)|
огородник|Вожи|
огородник|выбивалка|
огородник|выбивалка|
огородник|веник|
огородник|веник длинная ручка|
огородник|Колун 3 кг|
огородник|Кувалда 2 кг|
огородник|пила по дереву d 115*24 зуба|
огородник|пила по дереву d 115*40 зуба|
огородник|пила по дереву d 125 на болг|
огородник|пила по дереву d 125*48 зуба|
огородник|пила по дереву d 150*30 зуба|
огородник|пила по дереву d 150*56 зуба|
огородник|пила по дереву d 160*24 зуба|
огородник|пила по дереву d 160*24 зуба|
огородник|пила по дереву d 180*30 зуба|
огородник|пила по дереву d 180*60 зуба|
огородник|пила по дереву d 180*60 зуба|
огородник|пила по дереву d 230*66 зуба|
огородник|топор с рез дер ручкой technics 0,6кг|
огородник|топор с рез ручкой technics 0,6кг|
огородник|топор с рез ручкой technics 0,8кг|
огородник|топор technics 0,8 кг|
огородник|топор technics 1 кг|
огородник|клин в топор|
огородник|ручка на молоток|
огородник|ручка на молоток|
огородник|ручка на молоток|
огородник|топорище б|
огородник|топорище б|
огородник|топорище деда|
огородник|топорище м|
огородник|топорище м|
огородник|топорище маленький|
огородник|черенок вилы|
огородник|черенок грабли бук|
огородник|черенок грабли осина|
огородник|черенок колун с |
огородник|черенок кувалды м|
огородник|черенок лопата бук|
огородник|черенок лопата осина|
огородник|черенок молот б|
огородник|черенок молот м|
огородник|черенок молот с|
огородник|черенок сапка бук |
огородник|черенок сапка осина |
огородник|хомут на косье|
огородник|метла дереза|
огородник|метла дереза с ручкой|
огородник|метла круглая|
огородник|метла плоская|
огородник|щетка «Марта»|
огородник|щетка автомоб|
огородник|щетка скребок|
огородник|щетка стекломойка|
огородник|швабра полутер|
огородник|швабра полутер|
огородник|швабра полутер|
огородник|швабра с отжимом|
огородник|швабра с отжимом|
огородник|швабра с отжимом|
огородник|совок большой|
огородник|совок нерж  б|
огородник|совок нержав мален|
огородник|совок нержав ср|
огородник|совок пласт|
огородник|совок с резинкой|
огородник|совок с ручкой|
огородник|тачка «будмонстер»|
огородник|тачка двухколесная|
огородник|кий дер|
огородник|кий мет|
огородник|кий мет|
огородник|запаска на швабру ж|
огородник|запаска на швабру мягкая|
огородник|насадка для полутера|
огородник|насадка для полутера (макар)|
огородник|насадка МОП «МІДІ»|
огородник|насадка МОП «МEGA»|
огородник|насадка МОП «Пастер»|
огородник|насадка МОП «синтетика»|
огородник|насадка МОП «Хозленд»|
огородник|насадка МОП «Maxi»|
огородник|насадка МОП міdi|
огородник|насадка МОП хозленд мах|
огородник|насадка МОП чиста хата|
огородник|насадка МОП VORK синтетика|
огородник|насадка на швабру|
огородник|Насадка хозленд мах+|
огородник|отжим на МОП|
огородник|мухобойка|
огородник|мышеловка дер|
огородник|мышеловка мет|
огородник|мышеловка мет |
огородник|мышеловка пласм|
огородник|поилка для цыплят|
огородник|поилка для цыплят 3л|
огородник|корм для цыплят 3л|
огородник|кормушка для цыплят|
огородник|кормушка для цыплят длин|
огородник|отбойник в ДКУшку|
огородник|сетка в ДКУшку|
огородник|ошейник 20мм|
огородник|ошейник 25мм|
огородник|Ошейник 30 мм|
огородник|Ошейник 30 мм|
огородник|Ошейник 35 мм|
огородник|Ошейник 35 мм|
огородник|ошейник 40мм|
огородник|Камера 3,5х8|
огородник|Камера 3х8|
огородник|Камера 4х8|
огородник|камера на велосипед|
огородник|камера на велосипед|
огородник|камера на велосипед|
огородник|колпачки для камер|
огородник|колесо на тачку 3,5х8|
огородник|колесо на тачку 4х8|
огородник|Скат с камерой 3,5х8|
огородник|Скат с камерой 3х8|
огородник|Скат с камерой 3х8|
огородник|Скат с камерой 4х3,50|
огородник|Бутылка 110*50|
огородник|Бутылка 124*110|
огородник|Бутылка 50*70|
огородник|насос для опрыскивания|
огородник|опрыскиватель Лемира       8л|
огородник|опрыскиватель Лемира   10л|
огородник|крест для полива ¾ х 1|
огородник|курок на опрыскив ручка|
огородник|пистолет для полива |
огородник|пистолет для полива АР 2002|
огородник|пистолет для полива мет нос|
огородник|пистолет для полива Verano|
огородник|пистолет полив|
огородник|поливалка |
огородник|Поливалка 10 л|
огородник|поливалка 10л|
огородник|поливалка 12л|
огородник|поливалка 6л|
огородник|поливалка 8л|
огородник|рассееватель (ракушка)|
огородник|рассееватель (шар)|
огородник|рассееватель полив 3й|
огородник|рассееватель полив 5й|
огородник|рассеиватель на бутылку|
огородник|рассеиватель полив 4-я|
огородник|рассеиватель полив 4-я|
огородник|соединен полив|
огородник|соединит полив ½|
огородник|соединит полив ½* ¾|
огородник|соед полива ½|
огородник|соед полива ¾|
огородник|соеденитель полив ½|
огородник|соеденитель полив ¾|
огородник|соедин поливочного шланга|
огородник|тройник полив ½ х¾|
огородник|тройник полив желт ¾|
огородник|Тройник 5/4 полив|
огородник|тройник полив синий ¾|
огородник|удочка на опрыскив|
огородник|улитка полив б|
огородник|улитка полив м|
огородник|улитка полив м|
огородник|улитка полив с|
огородник|улитка полив с с держ|
огородник|умывальник дачный|
огородник|умывальник дачный 10 л|
огородник|шланг на насос опрыск|
огородник|планка на забор 2 м цветн|
огородник|сетка оградительная 50х100|
огородник|сетка рабица 35х35 1,2х10 оцинк|
огородник|сетка рабица 35х35 1,2х10 оцинк|
огородник|сетка рабица 35х35 1,5х10 оцинк|
огородник|сетка рабица 35х35 чер 1,5 м|
огородник|сетка рабица 50х50|
огородник|сетка рабица 50х50 1,5х10 оцинк|
огородник|сетка рабица 50х50 1,5х10 черн|
огородник|сетка рабица 60*60 1,5*10м оцинк|
огородник|сетка рабица 60х60 1,5х10 оцинк|
огородник|сетка рабица 60х60 1,5х10 оцинк|
огородник|сетка рабица 60х60 1,5х10 черн|
огородник|сетка рабица оцинк 35*35 15*10|
огородник|сетка рабица чорна 35х35 1,5*10м|
огородник|сетка рабица чорна 50*50 1,5*10м|
огородник|сетка рабица чорна 60*60 15*10м|
огородник|сетка рабица50*50 1,5*10м оцинк|
огородник|сетка фасад желтая|
огородник|сетка фасад зеленая|
огородник|сетка фасад оранжевая|
огородник|сетка фасад синяя|
огородник|сетка фасад синяя|
огородник|Тент 3х4|
огородник|Тент 3х5|
огородник|Тент 3х5|
огородник|Тент усиленный 3х4|
огородник|Тент усиленный 4х5|
огородник|цв горшок висяч|
огородник|цв горшок подвесн|
огородник|цв горшок подвесн|
огородник|цветочный горшок  (Дания) 18 см |
огородник|цветочный горшок «Николь» 11 см|
огородник|цветочный горшок «Николь» 28 см|
огородник|цветочный горшок «Терра» 30 см|
огородник|цветочный горшок (волна) 24 см|
огородник|цветочный горшок (волна) 28 см|
огородник|цветочный горшок (греческий) 13,5 см|
огородник|цветочный горшок (дания) 14 см|
огородник|цветочный горшок (Тера) 22см |
огородник|цветочный горшок бел |
огородник|цветочный горшок бел |
огородник|цветочный горшок бел |
огородник|цветочный горшок бел |
огородник|цветочный горшок белый (Николь) 14 см|
огородник|цветочный горшок белый (Николь) 19 см|
огородник|цветочный горшок бол|
огородник|цветочный горшок Волна 16см|
огородник|цветочный горшок Волна 20см|
огородник|цветочный горшок длиный|
огородник|цветочный горшок квадр под кактус б|
огородник|цветочный горшок квадр под кактус м|
огородник|цветочный горшок квадр под кактус м|
огородник|цветочный горшок коричнев |
огородник|цветочный горшок коричнев |
огородник|цветочный горшок коричнев |
огородник|цветочный горшок коричнев (Николь) 19 см|
огородник|цветочный горшок коричнев (Николь) 22 см|
огородник|цветочный горшок николь бел 22см|
огородник|цветочный горшок орхид|
огородник|цветочный горшок орхид|
огородник|цветочный горшок орхид б|
огородник|цветочный горшок под орхидею б|
семена|базилик фиолет|
семена|горох детский сахар|
семена|горох Сах медовик|
семена|Дыня Амал F1|
семена|дыня Колхозница|
семена|кабачок Агронавт|
семена|кабачок Агронавт|
семена|кабачок Золотинка|
семена|кабачок ран Красавчик|
семена|кабачок Цукеша|
семена|Капуста Агрия F1|
семена|Капуста Белокачанная|
семена|капуста Жара F1|
семена|капуста Жара F1|
семена|Капуста Июньская|
семена|капуста каменная голова|
семена|Капуста Красный топаз|
семена|крес-салат|
семена|кукуруза Ароматная|
семена|кукуруза Сахарная|
семена|лук батун|
семена|лук батун|
семена|лук на зелень|
семена|лук Стригуновский|
семена|огурец Бригадный |
семена|огурец Бригадный F1|
семена|огурец джерело|
семена|огурец китайское чудо|
семена|огурец Феникс|
семена|перец Богдан|
семена|перец Винни-пух|
семена|перец Пионер|
семена|петрушка  кучерява|
семена|петрушка листов аромат|
семена|редис Ал любовь|
семена|салат латук|
семена|салат Одесский кучер|
семена|свекла Бордо 237|
семена|свекла винегрет|
семена|свекла Египет плоск|
семена|свекла Ривал|
семена|свекла цилиндр|
семена|свекла Цыганочка|
семена|Томат Батяня|
семена|Томат Дар Заволжья|
семена|Томат Де-барао роз|
семена|томат Искорка|
семена|Томат Ляна|
семена|Томат Ляна розов|
семена|Томат Настенька|
семена|томат Фатима|
семена|тыква Арабатская|
семена|тыква Титан|
семена|тыква Укр многоплод|
семена|укроп грибовский|
семена|цветы Бархатцы манд мал|
семена|цветы Бархатцы низкоросл|
семена|цветы иполия|
семена|цветы маргаритка махров|
семена|цветы матиола|
семена|цветы Низкоросл бол|
семена|цветы портулак|
семена|цветы ромашка круп бол|
семена|цветы цыния|
семена|цветыГеоргина Вес |
семена|щавель Широколист|
отрава|отрава стакан БРОД|
отрава|яд  в банке антимышь|
отрава|яд  от крота 70г|
отрава|яд анти-анти медведка 120|
отрава|яд антидуст от тараканов|
отрава|яд антикрот 60г|
отрава|яд антимедведка 120г|
отрава|яд антимедведка 500г|
отрава|яд антимуравьин|
отрава|яд антимуравьин|
отрава|яд багира 100г|
отрава|яд багира 100г|
отрава|яд байт от мух|
отрава|яд дуст|
отрава|яд истребитель 300г|
отрава|яд крысиная смерть|
отрава|яд крысиная смерть 100г|
отрава|яд крысолов 600г|
отрава|яд липучка от крыс б|
отрава|яд липучка от крыс м|
отрава|яд от жука|
отрава|яд от крыс в банке щелкунчик|
отрава|яд от тараканов |
отрава|Яд раундап от сорняков|
отрава|яд ураган от сорняков|
отрава|яд щелкунчик 100г|
отрава|яд щелкунчик 100г|
отрава|яд щелкунчик 150г|
отрава|яд щелкунчик 500г|
отрава|яд Rembek 220г|
отрава|яд Remdek от крота|
отрава|яд Remdek от медведки |
отрава|липучка для моли|
отрава|липучка для мух|
отрава|пластины от комаров|
отрава|жидкость от комаров дет|
отрава|фумигатор под жидк от комаров|
отрава|фумигатор под жидк от комаров|
отрава|фумигатор под жидк от комаров|
отрава|фумигатор под жидк от комаров|
отрава|жидкость от комаров |
отрава|жидкость от комаров Чистый дом|
отрава|бордоская смесь|
отрава|железный купорос 500г|
отрава|медный купорос|
огородник|земля «Полиська» 10л|
огородник|земля «Полиська» 2,5л|
огородник|земля «Полиська» 5л|
огородник|земля «Универсал» 10л|
огородник|земля «Универсал» 3л|
огородник|земля «Универсал» 7л|
огородник|земля 2кг|
огородник|земля 3кг|
огородник|земля 5кг|
огородник|земля 6кг|
огородник|земля Панська  10кг|
огородник|земля Панська  2,5кг|
огородник|земля Панська  5кг|
огородник|земля Панська  5кг|
огородник|земля Полтавщина 4л|
огородник|земля универс 10л|
огородник|земля универсал 3л|
огородник|земля универсал 7л|
огородник|контейнер под рассаду б|
огородник|контейнер под рассаду м|
огородник|контейнер под рассаду с|
огородник|лесенка на цветы б|
огородник|лесенка на цветы м|
огородник|лесенка на цветы с|
огородник|Краска Мичурин 1,3 кг|
огородник|Краска Мичурин 2,8 кг|
огородник|подкормка растений|
огородник|удобрение для цветов|
огородник|формы для рассады  (36 яч с торфом)|
огородник|формы для рассады  (36 яч)|
огородник|формы для рассады  (50 яч)|
огородник|формы для рассады  (50 яч)|
огородник|антисептик по дер 2л|
огородник|антисептик по дер 5л|
огородник|антисептик по дереву 1л|
