пакеты|перчатки|ватные|
пакеты перчатки|ватные диски Свежанка 150 шт|
пакеты перчатки|ватные диски Флорика 120шт|
пакеты перчатки|ватные палочки|
пакеты перчатки|ватные палочки «Аура»|
пакеты перчатки|ватные палочки «Дрим»|
пакеты перчатки|ватные палочки 100|
пакеты перчатки|ватные палочки 200|
пакеты перчатки|ватные палочки 200|
пакеты перчатки|ватные палочки 400|
пакеты перчатки|ватные палочки 50|
пакеты перчатки|газ для зажигалки|
пакеты перчатки|губка антибакт мелочи жизни|
пакеты перчатки|губка банная Афродита|
пакеты перчатки|губка банная Лагуна|
пакеты перчатки|губка банная Муза|
пакеты перчатки|губка банная спорт|
пакеты перчатки|губка банная Fitness|
пакеты перчатки|губка банная Malva|
пакеты перчатки|губка банная Matale|
пакеты перчатки|губка банная Nar|
пакеты перчатки|губка д/о “Дивидик” оптима|
пакеты перчатки|губка д/о «Сильвер»|
пакеты перчатки|губка д/о блеск Дивидик|
пакеты перчатки|губка кух Мойдодыр деликат |
пакеты перчатки|губка кухон акция|
пакеты перчатки|губка кухон акция|
пакеты перчатки|губка кухон антибактериальная|
пакеты перчатки|губка кухон Доми|
пакеты перчатки|губка кухон мелочи жизни Б|
пакеты перчатки|губка кухонная макси |
пакеты перчатки|губка кухонные мелочи жизни |
пакеты перчатки|губка кухонные мелочи жизни |
пакеты перчатки|Губка мелочи жизни|
пакеты перчатки|Губка мелочи жизни |
пакеты перчатки|губка мойдодир хвиля |
пакеты перчатки|губка универсальн Мелочи жизни 3шт|
пакеты перчатки|губка универсальн Мелочи жизни 3шт акция|
пакеты перчатки|губка универсальн Мелочи жизни 5шт |
пакеты перчатки|Губка Vortex для стекл посуды|
пакеты перчатки|Губка Vortex для тефлона|
пакеты перчатки|губки д/о Gold care|
пакеты перчатки|губки д/о Silver|
пакеты перчатки|ерш для посуды|
пакеты перчатки|ершик|
пакеты перчатки|ершик кух тройной|
пакеты перчатки|клеенка желтая|
пакеты перчатки|клеенка кух |
пакеты перчатки|клеенка кух рогожка|
пакеты перчатки|клеенка кух силик |
пакеты перчатки|клеенка кух толст|
пакеты перчатки|клеенка кух тонк|
пакеты перчатки|клеенка на стол б на основе|
пакеты перчатки|клеенка на стол б обычн|
пакеты перчатки|клеенка на стол м по шт|
пакеты перчатки|клеенка прозрачн тонкая|
пакеты перчатки|клеенка прозрачная|
пакеты перчатки|клеенка черная|
пакеты перчатки|крем д/кожи дивидик|
пакеты перчатки|крем д/о Дивидик|
пакеты перчатки|крем д/о Сова черн |
пакеты перчатки|крем д/о Cavmen|
пакеты перчатки|крем д/о Silver|
пакеты перчатки|крем д/о Silver|
пакеты перчатки|крем д/о Sitil|
пакеты перчатки|крем Дивидик антипроп  250|
пакеты перчатки|крем Дивидик бесцв|
пакеты перчатки|крем Дивидик оптима|
пакеты перчатки|крем Дивидик тубус|
пакеты перчатки|крем Дивидик черный 75|
пакеты перчатки|крем-краска Дивидик для замши|
пакеты перчатки|крем-краска Дивидик для кожи|
пакеты перчатки|Крем-краска Salamander востанавл|
пакеты перчатки|крышка горячая|
пакеты перчатки|крышка для вина|
пакеты перчатки|крышка для вина|
пакеты перчатки|крышка евро б|
пакеты перчатки|крышка евро м|
пакеты перчатки|крышка закаточ Господарочка|
пакеты перчатки|крышка закаточ Измаил|
пакеты перчатки|крышка закаточ Первомайск|
пакеты перчатки|крышка на сковородку 22 см|
пакеты перчатки|крышка на сковородку 28 см|
пакеты перчатки|крышка пласм|
пакеты перчатки|крышка пласм цветные|
пакеты перчатки|крышка слив|
пакеты перчатки|ледоходы|
пакеты перчатки|липкий ролик д/одежды|
пакеты перчатки|ложка д/о пласм|
пакеты перчатки|ложка д/о пласм длин|
пакеты перчатки|ложка д/о м|
пакеты перчатки|ложка д/о мет дл|
пакеты перчатки|ложка д/о мет м|
пакеты перчатки|ложка д/о ср|
пакеты перчатки|мешок|
пакеты перчатки|мешок овощн 20 кг|
пакеты перчатки|мешок овощн 30 кг|
пакеты перчатки|мешок под засолку|
пакеты перчатки|мешок под цемент|
пакеты перчатки|мыльница|
пакеты перчатки|пакет Босс с прорез ручками|
пакеты перчатки|пакет майка|
пакеты перчатки|пакет майка|
пакеты перчатки|пакет майка тонкая|
пакеты перчатки|пакет майка черн|
пакеты перчатки|пакет майка BMW|
пакеты перчатки|пакет майка BMW б|
пакеты перчатки|Пакет майка BWM|
пакеты перчатки|пакет ручка Босс|
пакеты перчатки|пакет ручка черный|
пакеты перчатки|пакет с ручкой|
пакеты перчатки|пакет с ручкой|
пакеты перчатки|пакет с ручкой газета|
пакеты перчатки|пакет с ручкой газета|
пакеты перчатки|пакет с ручкой газета|
пакеты перчатки|пакет фасовочн 36|
пакеты перчатки|пакет фасовочн майка|
пакеты перчатки|пакет фасовочн рулон|
пакеты перчатки|пакет фасовочн ручка|
пакеты перчатки|Пакет BWM майка больш|
пакеты перчатки|пакеты  д/мусора 35л 30шт ЧесноЧек|
пакеты перчатки|пакеты д/заморозки 10*15|
пакеты перчатки|пакеты д/заморозки 12*18|
пакеты перчатки|пакеты д/заморозки 15*20|
пакеты перчатки|пакеты д/заморозки 200*250|
пакеты перчатки|пакеты д/заморозки 8*12|
пакеты перчатки|пакеты д/мусора  30шт акция|
пакеты перчатки|пакеты д/мусора  35л|
пакеты перчатки|пакеты д/мусора  35л 100 шт мелочи жизни|
пакеты перчатки|пакеты д/мусора  60л 15шт Бонус|
пакеты перчатки|пакеты д/мусора  60л традиции качества |
пакеты перчатки|пакеты д/мусора 120л 10шт Акция |
пакеты перчатки|пакеты д/мусора 120л 10шт Акция |
пакеты перчатки|пакеты д/мусора 120л 10шт Novax|
пакеты перчатки|пакеты д/мусора 120л 15 шт мелочи жизни |
пакеты перчатки|пакеты д/мусора 120л 15шт мелочи жизни|
пакеты перчатки|пакеты д/мусора 160л 10шт Бравый кок |
пакеты перчатки|пакеты д/мусора 160л 10шт мелочи жизни|
пакеты перчатки|пакеты д/мусора 160л 10шт мелочи жизни|
пакеты перчатки|пакеты д/мусора 160л 10шт Novax|
пакеты перчатки|пакеты д/мусора 240л 5шт мелочи жизни|
пакеты перчатки|пакеты д/мусора 35л 100шт мелочи жизни |
пакеты перчатки|пакеты д/мусора 35л 15шт мелочи жизни с затяжкой|
пакеты перчатки|пакеты д/мусора 35л 20шт Акция |
пакеты перчатки|пакеты д/мусора 35л 20шт Акция |
пакеты перчатки|пакеты д/мусора 35л 20шт мелочи жизни|
пакеты перчатки|пакеты д/мусора 35л 20шт мелочи жизни|
пакеты перчатки|пакеты д/мусора 35л 30шт Акция |
пакеты перчатки|пакеты д/мусора 35л 30шт мелочи жизни|
пакеты перчатки|пакеты д/мусора 35л 30шт мелочи жизни |
пакеты перчатки|пакеты д/мусора 35л 30шт мелочи жизни |
пакеты перчатки|пакеты д/мусора 35л 30шт мелочи жизни с затяжкой|
пакеты перчатки|пакеты д/мусора 35л 30шт Рута|
пакеты перчатки|пакеты д/мусора 35л 30шт Эко|
пакеты перчатки|пакеты д/мусора 35л 30шт Note|
пакеты перчатки|пакеты д/мусора 35л 50шт мелочи жизни |
пакеты перчатки|пакеты д/мусора 35л 50шт мелочи жизни |
пакеты перчатки|пакеты д/мусора 35л 50шт ЧесноЧек|
пакеты перчатки|пакеты д/мусора 35л 50шт NEC|
пакеты перчатки|пакеты д/мусора 35л традиции качества|
пакеты перчатки|пакеты д/мусора 60л 10шт мелочи жизни|
пакеты перчатки|пакеты д/мусора 60л 15шт акция|
пакеты перчатки|пакеты д/мусора 60л 20шт мелочи жизни |
пакеты перчатки|пакеты д/мусора 60л 30шт мелочи жизни|
пакеты перчатки|пакеты набор 16*30|
пакеты перчатки|пакеты набор 18*35|
пакеты перчатки|пакеты набор 22*38|
пакеты перчатки|пакеты набор №36|
пакеты перчатки|пакеты с затяжк 35 л 15 шт Мелочи жизни |
пакеты перчатки|пакеты с затяжк 35 л 30 шт Мелочи жизни|
пакеты перчатки|пакеты фасов  9|
пакеты перчатки|папір 5м Torba super |
пакеты перчатки|пергамент|
пакеты перчатки|Пергамент 6 м|
пакеты перчатки|Пергамент 6 м|
пакеты перчатки|пергамент 6м Matador |
пакеты перчатки|пергамент длинн|
пакеты перчатки|пергамент мелочи жизни|
пакеты перчатки|перчатки  прор стр|
пакеты перчатки|перчатки  прорез обр пена|
пакеты перчатки|перчатки долони|
пакеты перчатки|перчатки домашние|
пакеты перчатки|перчатки краш желтые|
пакеты перчатки|перчатки краш красн|
пакеты перчатки|перчатки краш серые|
пакеты перчатки|перчатки краш синие Польша|
пакеты перчатки|перчатки краш черные|
пакеты перчатки|перчатки латекс|
пакеты перчатки|перчатки нитриловые|
пакеты перчатки|перчатки прор капля|
пакеты перчатки|перчатки прор сине желт|
пакеты перчатки|перчатки прор стр желт|
пакеты перчатки|перчатки прор стр красн|
пакеты перчатки|перчатки прор стр серые|
пакеты перчатки|перчатки прор черн|
пакеты перчатки|перчатки прорез желт|
пакеты перчатки|перчатки прорез красная ладонь|
пакеты перчатки|перчатки прорез синие|
пакеты перчатки|перчатки прорез синяя ладонь|
пакеты перчатки|перчатки прорез стр синие|
пакеты перчатки|перчатки прорез стрейч|
пакеты перчатки|перчатки рез синие|
пакеты перчатки|перчатки синие монтаж|
пакеты перчатки|перчатки синие прорез|
пакеты перчатки|перчатки стекл|
пакеты перчатки|перчатки стрейч нитрил |
пакеты перчатки|перчатки теплые желт|
пакеты перчатки|перчатки тигр|
пакеты перчатки|перчатки флис|
пакеты перчатки|перчатки х/б |
пакеты перчатки|перчатки х/б |
пакеты перчатки|перчатки х/б  желт|
пакеты перчатки|перчатки х/б бел|
пакеты перчатки|перчатки х/б двойн бел|
пакеты перчатки|перчатки х/б звезда|
пакеты перчатки|перчатки х/б кирпич|
пакеты перчатки|перчатки х/б син|
пакеты перчатки|перчатки х/б черн|
пакеты перчатки|перчатки х/б FAR|
пакеты перчатки|перчатки хб |
пакеты перчатки|перчатки хб |
пакеты перчатки|перчатки хб двойные|
пакеты перчатки|перчатки хб желтые|
пакеты перчатки|перчатки хб PORA|
пакеты перчатки|плащ дождевик дет|
пакеты перчатки|плащ дождевик обычный|
пакеты перчатки|плащ дождевик под кнопки|
пакеты перчатки|плащ дождевик под пояс |
пакеты перчатки|пленка для продукт 100м Matador|
пакеты перчатки|пленка для продукт 300м Matador |
пакеты перчатки|пленка пищевая  100м мелочи жизни|
пакеты перчатки|пленка пищевая  200м мелочи жизни|
пакеты перчатки|пленка пищевая  20м акция|
пакеты перчатки|пленка пищевая  20м мелочи жизни|
пакеты перчатки|пленка пищевая  20м мелочи жизни|
пакеты перчатки|пленка пищевая  50м|
пакеты перчатки|пленка пищевая  50м мелочи жизни|
пакеты перчатки|пленка пищевая 20м Акция|
пакеты перчатки|пленка пищевая Maestro |
пакеты перчатки|пленка солнцезащ|
пакеты перчатки|пленка солнцезащит|
пакеты перчатки|полотенца папер|
пакеты перчатки|полотенце |
пакеты перчатки|полотенце  Рута|
пакеты перчатки|полотенце Рута|
пакеты перчатки|прокладки  Нормал|
пакеты перчатки|прокладки натурелла|
пакеты перчатки|Прокладки always|
пакеты перчатки|Прокладки Flirt|
пакеты перчатки|Прокладки Molped ежедн|
пакеты перчатки|Прокладки Molped ultra normal|
пакеты перчатки|Прокладки naturella |
пакеты перчатки|Прокладки naturella ежедн|
пакеты перчатки|Прокладки naturella normal|
пакеты перчатки|Прокладки Normal  classic тамп|
пакеты перчатки|Прокладки normal clinic|
пакеты перчатки|Прокладки normal clinic|
пакеты перчатки|Прокладки normal clinic ежед|
пакеты перчатки|Прокладки Normal clinic classic|
пакеты перчатки|рукав 3м Perfetto|
пакеты перчатки|Рукав для запекания мелочи жизни 10м|
пакеты перчатки|Рукав для запекания мелочи жизни 10м|
пакеты перчатки|Рукав для запекания мелочи жизни 3м|
пакеты перчатки|Рукав для запекания мелочи жизни 3м|
пакеты перчатки|Рукав для запекания мелочи жизни 5м|
пакеты перчатки|рукав для запекания Мойдодыр 2м|
пакеты перчатки|рукав для запекания Happy 3м|
пакеты перчатки|рукавица хб|
пакеты перчатки|рукавица хб|
пакеты перчатки|рукавицы детские|
пакеты перчатки|Рукавицы краги черн|
пакеты перчатки|рукавицы рабоч брезент|
пакеты перчатки|рукавицы рабоч брезент|
пакеты перчатки|рукавицы рабоч брезент тонкие|
пакеты перчатки|рукавицы рабоч прорез желт|
пакеты перчатки|рукавицы рабоч прорез желт с черн напыл|
пакеты перчатки|рукавицы рабоч прорез красн|
пакеты перчатки|рукавицы рабоч прорез красн|
пакеты перчатки|рукавицы рабоч прорез нитрил|
пакеты перчатки|рукавицы рабоч прорез синие|
пакеты перчатки|рукавицы рабоч прорез синие|
пакеты перчатки|рукавицы рабоч прорез стр желт|
пакеты перчатки|рукавицы рабоч прорез стр серые|
пакеты перчатки|рукавицы рабоч прорез стр синие|
пакеты перчатки|рукавицы рабоч прорез стр тигр|
пакеты перчатки|рукавицы рабоч прорез стрейч пена желт|
пакеты перчатки|рукавицы рабоч резин|
пакеты перчатки|рукавицы рабоч резин|
пакеты перчатки|рукавицы рабоч резин Польша|
пакеты перчатки|рукавицы рабоч хб|
пакеты перчатки|салфетка влажн |
пакеты перчатки|салфетка премьер|
пакеты перчатки|салфетка Рута |
пакеты перчатки|салфетка сухая|
пакеты перчатки|салфеткаи влажные|
пакеты перчатки|салфеткаи влажные|
пакеты перчатки|салфетки 120шт FLORIKA|
пакеты перчатки|Салфетки 5 шт мелочи жизни|
пакеты перчатки|салфетки 90шт FLORIKA|
пакеты перчатки|салфетки влаговпит 3 шт акция|
пакеты перчатки|салфетки влаговпит 3 шт мелочи жизни|
пакеты перчатки|салфетки влаговпит 5 шт акция|
пакеты перчатки|салфетки влаговпит 5 шт мелочи жизни|
пакеты перчатки|салфетки влаговпитывающие 3шт|
пакеты перчатки|салфетки влаговпитывающие 5шт|
пакеты перчатки|салфетки влаговпитывающие акция 3шт|
пакеты перчатки|салфетки влаговпитывающие акция 5 шт|
пакеты перчатки|салфетки влаговпитывающие детс 72шт|
пакеты перчатки|салфетки влаж Браво|
пакеты перчатки|салфетки влажн с клапан 72шт|
пакеты перчатки|салфетки влажные  (м)|
пакеты перчатки|салфетки влажные Рута детс 72 шт|
пакеты перчатки|салфетки детск влажн 72шт|
пакеты перчатки|салфетки макс эффект Фрекен бок|
пакеты перчатки|салфетки микрофибра Фрекен бок|
пакеты перчатки|салфетки премьер|
пакеты перчатки|салфетки Рута|
пакеты перчатки|салфетки Рута|
пакеты перчатки|салфетки Рута|
пакеты перчатки|салфетки Рута|
пакеты перчатки|салфетки универс 3шт акция|
пакеты перчатки|Салфетки Bonjour хустинки паперові|
пакеты перчатки|свечи хоз|
пакеты перчатки|свечи хоз|
пакеты перчатки|свечи хоз|
пакеты перчатки|свечи хоз 10часов|
пакеты перчатки|свечи хоз 12часов|
пакеты перчатки|свечи хоз 14часов|
пакеты перчатки|свечи хоз 16часов|
пакеты перчатки|свечи хоз 7часов|
пакеты перчатки|Сетка москитка белая|
пакеты перчатки|Сетка москитка зеленая|
пакеты перчатки|скребок акция|
пакеты перчатки|скребок Блеск |
пакеты перчатки|скребок кух|
пакеты перчатки|скребок кух 5шт|
пакеты перчатки|скребок мелочи жизни|
пакеты перчатки|скребок метал блеск |
пакеты перчатки|скребок метал Prodom |
пакеты перчатки|скребок металева 3-я блеск |
пакеты перчатки|скребок Novux |
пакеты перчатки|скребок Tiret |
пакеты перчатки|спички|
пакеты перчатки|спички|
пакеты перчатки|стельки|
пакеты перчатки|стельки|
пакеты перчатки|стельки войлок|
пакеты перчатки|т/б  Рута|
пакеты перчатки|т/б  Рута 4в1|
пакеты перчатки|т/б  Чемпион|
пакеты перчатки|т/б 100%paper|
пакеты перчатки|т/б Кохавинка|
пакеты перчатки|т/б Мега|
пакеты перчатки|т/б Обухов|
пакеты перчатки|т/б Харьков|
пакеты перчатки|т/б Чемпион|
пакеты перчатки|фольга 10 м Appetito |
пакеты перчатки|фольга 10м +рукав мелочи жизни |
пакеты перчатки|фольга 10м мойдодир |
пакеты перчатки|фольга 10м ЧесноЧек|
пакеты перчатки|фольга 10м Stella |
пакеты перчатки|фольга 20 м Matador |
пакеты перчатки|фольга 20м Stella |
пакеты перчатки|фольга 5м +рукав мелочи жизни |
пакеты перчатки|фольга 5м мойдодир |
пакеты перчатки|фольга пищевая 10м|
пакеты перчатки|фольга пищевая 10м  Stella|
пакеты перчатки|фольга пищевая 10м акция|
пакеты перчатки|фольга пищевая 10м матадор|
пакеты перчатки|фольга пищевая 10м мелочи жизни|
пакеты перчатки|фольга пищевая 10м мойдодыр|
пакеты перчатки|фольга пищевая 20м мелочи жизни|
пакеты перчатки|фольга пищевая 20м Stella|
пакеты перчатки|фольга пищевая 5м мелочи жизни|
пакеты перчатки|фольга пищевая 5м мойдодыр|
пакеты перчатки|щетка для одежды|
пакеты перчатки|щетка для одежды|
пакеты перчатки|щетка для одежды|
пакеты перчатки|щетка одежная м|
пакеты перчатки|щетка утюжек |
пакеты перчатки|щетка утюжек больш|
канцтовары|карандаш простой|
канцтовары|карандаш простой|
канцтовары|карандаш цв упаковка|
канцтовары|кисточка для рисования|
канцтовары|кисточка для рисования|
канцтовары|маркер б|
канцтовары|маркер м|
канцтовары|маркер цвет|
канцтовары|обложка паспорта|
канцтовары|ручка шариковая синяя|
канцтовары|ручка шариковая синяя|
канцтовары|скотч канцелярский|
галантерея|антистатик Лира|
галантерея|бальзам д/бритья  Nivea|
галантерея|бальзам для губ Биокон |
галантерея|бальзам п/бритья Агресия|
галантерея|Бальзам Сильвия 10|
галантерея|Бальзам Dove   200|
галантерея|Бальзам Elseve 200|
галантерея|Бальзам Gliss kur 200|
галантерея|Бальзам Slavia   250|
галантерея|бальзам Slavia 200|
галантерея|бальзам Slavia 400|
галантерея|гель д/бритья Арко|
галантерея|гель д/бритья Menzon|
галантерея|гель д/бритья Nivea|
галантерея|гель д/душа Заец Егорка 250|
галантерея|гель д/душа Лапуся 300|
галантерея|гель д/душа Пуся 1л|
галантерея|гель д/душа Agres мужс 250|
галантерея|гель д/душа Aromal 400|
галантерея|гель д/душа Dove 250|
галантерея|гель д/душа Duru 250|
галантерея|гель д/душа Else 430|
галантерея|гель д/душа FA 250|
галантерея|гель д/душа Fresh Juice 170|
галантерея|гель д/душа Nivea 250|
галантерея|гель д/душа Nivea men 250|
галантерея|гель д/душа Palmolive 250|
галантерея|гель д/душа Palmolive 250|
галантерея|дезодорант спрей Дионика|
галантерея|дезодорант спрей жен Nivea|
галантерея|дезодорант спрей жен Rexona|
галантерея|дезодорант спрей муж Rexona|
галантерея|дезодорант спрей муж Rexona|
галантерея|дезодорант сухой жен Леди спистик|
галантерея|дезодорант сухой жен Rexona|
галантерея|дезодорант сухой муж Rexona|
галантерея|дезодорант шарик жен Aroma|
галантерея|Духи пробник|
галантерея|духи Lomani|
галантерея|Жидкость д/снятия лака Ноготок|
галантерея|Жидкость д/снятия лака Ноготок 100|
галантерея|Жидкость д/снятия лака Ноготок 50|
галантерея|з/паста Астера|
галантерея|з/паста Астера 100мл|
галантерея|з/паста Колгейт 100мл|
галантерея|з/паста колгейт 50мл|
галантерея|з/паста колгейт 50мл тотал|
галантерея|з/паста Лесной бальзам 100|
галантерея|з/паста Лесной бальзам 100|
галантерея|З/паста Новый жемчуг|
галантерея|з/паста Новый жемчуг 100|
галантерея|з/паста Новый жемчуг 50|
галантерея|з/паста Санино 50|
галантерея|з/паста Санино 50|
галантерея|з/паста Санино 50 детс|
галантерея|з/паста Санино 50 детс|
галантерея|З/паста Фтородент 100|
галантерея|з/паста Colgate  100 |
галантерея|з/паста Colgate  100 total|
галантерея|з/паста Colgate  50 |
галантерея|з/паста Colgate  50 детс|
галантерея|з/паста Colgate  50 total|
галантерея|З/паста Colgate детская|
галантерея|з/паста Silver Dent 100мл|
галантерея|з/паста Siver 100|
галантерея|з/паста Smier 100мл|
галантерея|З/паста Smila|
галантерея|з/щетка дешевая|
галантерея|з/щетка Colgate |
галантерея|з/щетка Colgate |
галантерея|З/щетка Colgate |
галантерея|з/щетка Colgate 1+1|
галантерея|З/щетка Dr Fresh|
галантерея|зубочистки|
галантерея|зубочистки мелочи жизни|
галантерея|зубочистки мж|
галантерея|краска для бровей|
галантерея|краска для Славия|
галантерея|крем д/бритья Арко|
галантерея|крем д/лица дешовый|
галантерея|крем д/лица Сила лошади зимн уход|
галантерея|крем д/лица Ninea|
галантерея|крем д/лица Spat|
галантерея|крем д/ног антигрибковый|
галантерея|крем д/ног огруб кожи|
галантерея|крем д/ног отеки Деж патека|
галантерея|крем д/ног Сила Лошади|
галантерея|крем д/р дешовый|
галантерея|крем д/рук Анталь|
галантерея|крем д/рук Барх ручки|
галантерея|крем д/рук Бархатные ручки|
галантерея|крем д/рук Биокон|
галантерея|крем д/рук детский|
галантерея|крем д/рук дешевый|
галантерея|крем д/рук Доктор 100|
галантерея|крем д/рук Доктор 160|
галантерея|крем д/рук зимний уход |
галантерея|крем д/рук силиконовый|
галантерея|крем д/рук Чистая линия|
галантерея|крем д/рук Чистая линия|
галантерея|крем д/рук Kamil|
галантерея|крем д/рук Spat|
галантерея|крем д/стоп|
галантерея|крем детс Веселка|
галантерея|крем детский Снеговик|
галантерея|крем для вен Сила лошади|
галантерея|крем для сосудов Дежур аптека|
галантерея|крем п/бритья Арко|
галантерея|Крем суставы Деж аптека|
галантерея|Лак д/волос Domo style 300|
галантерея|Лак д/волос Taft 250|
галантерея|Лак д/волосПрелесть 200|
галантерея|лезвия 12мм набор|
галантерея|лезвия 18мм набор |
галантерея|лезвия рапира|
галантерея|лезвия Спутник|
галантерея|лезвия трапеция набор |
галантерея|лезвия BIG|
галантерея|лезвия Gillete|
галантерея|лосьон для рук бактериц 50|
галантерея|Лосьон Огуречный |
галантерея|мыло  дуру|
галантерея|мыло  дуру|
галантерея|мыло  Камей|
галантерея|мыло  Рецепты природы|
галантерея|мыло  Седьмое небо|
галантерея|мыло  Шик|
галантерея|Мыло авто сила 200|
галантерея|Мыло авто сила 500г|
галантерея|мыло Дегтярное|
галантерея|мыло Диво|
галантерея|мыло Диво планшет 3|
галантерея|мыло Диво э/п|
галантерея|мыло диво э/п|
галантерея|мыло жидкое  дозатор Нарру 0,5|
галантерея|мыло жидкое лапуля 300|
галантерея|мыло жидкое Ода 300|
галантерея|мыло жидкое Ути-пути 300|
галантерея|мыло жидкое Флорика 500|
галантерея|мыло жидкое Attis 330|
галантерея|мыло Камей э/п|
галантерея|мыло Кроха |
галантерея|мыло Лика|
галантерея|мыло Ода планшет 3 дет|
галантерея|Мыло Палмолив|
галантерея|Мыло палмолив э/п|
галантерея|мыло Памолив|
галантерея|мыло планшет Шик|
галантерея|Мыло соковита груша 460|
галантерея|мыло ТЕО|
галантерея|мыло ТЕО|
галантерея|мыло Тет-а-тет|
галантерея|мыло Ути-пути|
галантерея|мыло Ути-пути пленка|
галантерея|мыло Хвойное|
галантерея|мыло хоз 72% б|
галантерея|мыло хоз 72% м|
галантерея|мыло хоз 72% с|
галантерея|мыло хоз Ваниш|
галантерея|мыло хоз Друг|
галантерея|мыло хоз Дуру|
галантерея|мыло хоз Маэстро|
галантерея|мыло Чистая линия|
галантерея|мыло Шик банное|
галантерея|мыло Шик детс 40|
галантерея|мыло Шик детс 70|
галантерея|мыло Шик коробка|
галантерея|Мыло Шик э/п|
галантерея|Мыло Шик э/п детс|
галантерея|мыло Bovary|
галантерея|Мыло Dolce vero 500|
галантерея|Мыло Dove б|
галантерея|Мыло Dove м|
галантерея|мыло FAX|
галантерея|Мыло FAX планшет 3|
галантерея|мыло Sila f|
галантерея|Одеколон Алеша|
галантерея|Одеколон Гвоздика|
галантерея|Одеколон Мужской |
галантерея|Одеколон Фиалка|
галантерея|пена д/бритья  Nivea|
галантерея|помада гигиен Биокон|
галантерея|Станок Arko men|
галантерея|хоз мыло Марио 700|
галантерея|хоз мыло Сама 750|
галантерея|Хоз мыло Чистый дом 1|
галантерея|хоз мыло Чистый дом 500|
галантерея|шампунь  Кря-кря  детск|
галантерея|шампунь  Ласковая мама 315|
галантерея|шампунь  Наша сім я 1л|
галантерея|шампунь  сто рецептов 380|
галантерея|шампунь  Сlear  men 200|
галантерея|шампунь  Сlear  men 250|
галантерея|шампунь  Сlear  men 400|
галантерея|шампунь  Сlear 250|
галантерея|шампунь  Сlear 400|
галантерея|шампунь  травяной 1л|
галантерея|шампунь  Фито бум 1л|
галантерея|шампунь  фитошампунь 1л|
галантерея|шампунь  хит for men 10|
галантерея|шампунь  чистая линия 250|
галантерея|шампунь  чистая линия 400|
галантерея|шампунь  Я хазяйка 1л|
галантерея|шампунь  Aroma 400|
галантерея|шампунь  Dove 250|
галантерея|шампунь  Duru 400|
галантерея|шампунь  Else 400|
галантерея|шампунь  Elseve 250|
галантерея|шампунь  Elseve 400|
галантерея|шампунь  Fax 400|
галантерея|шампунь  Fax 750|
галантерея|шампунь  Head @Shoulders 400|
галантерея|шампунь  Nivea 250|
галантерея|шампунь  Nivea 250|
галантерея|шампунь  Nivea 400|
галантерея|шампунь  Nivea 400|
галантерея|шампунь  Oleo 300|
галантерея|шампунь  Pantene 200|
галантерея|шампунь  Pantene 400|
галантерея|шампунь  Shamtu 200|
галантерея|шампунь  Shamtu 360|
галантерея|шампунь  Shauma 250|
галантерея|шампунь  Shauma men 250|
галантерея|шампунь  Shauma men 400|
галантерея|шампунь  Timotei 400|
галантерея|шампунь  Timotei 400 men|
галантерея|шампунь  Vitam 400|
галантерея|шампунь однораз Slava|
галантерея|Cтанок Arko men|
галантерея|Cтанок astor|
галантерея|Cтанок Bic pure 3 lady|
галантерея|Cтанок bic sensitive |
галантерея|Cтанок big action|
галантерея|Cтанок Gillete 2|
галантерея|Cтанок Gillete blue 3 sensecare|
галантерея|Cтанок Gillete blue II for women|
галантерея|Cтанок Lezo|
галантерея|CтанокGillete simply venus |
