посуда|банка|(300|
посуда|банка 100г набор|
посуда|банка для сыпуч продуктов Женева набор|
посуда|банка для сыпуч продуктов кармен набор|
посуда|банка Женева (3 шт) набор|
посуда|банка Bianca 3 шт набор|
посуда|банка Katrin (3 шт) набор|
посуда|Банки 0,5 л |
посуда|Банки 0,5л евро|
посуда|Банки 1 л |
посуда|Банки 1,5 л |
посуда|Банки 1,5 л евро|
посуда|Банки 1,5л евро|
посуда|Банки 2 л |
посуда|Банки 2 л евро|
посуда|банкодержатель|
посуда|банок выпариватель |
посуда|барбекюшница б|
посуда|барбекюшница м|
посуда|барбекюшница с|
посуда|бочка пищевая 20 л|
посуда|бочка пищевая 30 л|
посуда|бочка пищевая 40 л|
посуда|бочка пищевая 50 л|
посуда|бочка черная  125 л|
посуда|бочка черная 40 л|
посуда|бочка черная 50 л|
посуда|бочка черная 60 л|
посуда|ваза стекло|
посуда|ванночка б|
посуда|ванночка м|
посуда|ванночка м|
посуда|ванночка с|
посуда|варенница дюраль|
посуда|ведро МОП 13л|
посуда|ведро МОП 14л|
посуда|ведро мусорное 1,7л|
посуда|ведро мусорное 5л|
посуда|ведро мусорное 9л|
посуда|ведро оцинк 10 л|
посуда|ведро оцинк 12 л|
посуда|ведро оцинк 15 л|
посуда|ведро оцинк 5 л|
посуда|ведро оцинк 7 л|
посуда|ведро оцинк 7 л|
посуда|ведро пищевое 7 л|
посуда|ведро пласт 5 л|
посуда|ведро пласт 7 л|
посуда|ведро пласт пищевое 10 л|
посуда|ведро пласт строит 12 л|
посуда|ведро пласт строит 20 л|
посуда|ведро пласт цветное 10 л|
посуда|ведро пласт черн 10 л|
посуда|ведро под швабру 10л|
посуда|ведро под швабру 12л|
посуда|ведро с крышкой  пласт 10 л|
посуда|ведро с крышкой пласт   5 л|
посуда|ведро строит 16 л|
посуда|ведро строит 16 л|
посуда|ведро строит 20 л|
посуда|ведро строит 25 л|
посуда|ведро строит пласт 16 л|
посуда|ведро туал  мал|
посуда|ведро туал бол|
посуда|вилка ст|
посуда|вилка ст|
посуда|вилка ст|
посуда|вилка ст|
посуда|выварка оцинк 10 л|
посуда|горшок дет |
посуда|для торта  набор|
посуда|доска кух  м дерев|
посуда|доска кух  с дерев|
посуда|Доска кух б дерев|
посуда|Доска кух б дерев|
посуда|доска кух м дерев|
посуда|доска разделочная  дер|
посуда|доска разделочная б дер|
посуда|доска разделочная б пластик|
посуда|доска разделочная м дер|
посуда|доска разделочная м пластик|
посуда|друшлаг пласм|
посуда|друшлак эмалир|
посуда|емкость для сыпуч|
посуда|емкость для сыпучих 173|
посуда|канистра пласм 10л|
посуда|канистра пласм 20л|
посуда|канистра пласм 5л|
посуда|кантер 10кг|
посуда|кантер 20кг|
посуда|кантер электр|
посуда|карандаш для чистки утюгов|
посуда|картофемялка|
посуда|кастрюля алюм 1,5л|
посуда|кастрюля алюм 1,7л|
посуда|кастрюля алюм 3л|
посуда|кастрюля прозрачная 1,5 л|
посуда|кастрюля чугунок 3л|
посуда|кастрюля чугунок 4л|
посуда|кастрюля чугунок 6л|
посуда|кастрюля чугунок гусятница 4,5л|
посуда|кастрюля эмал 3 шт  набор|
посуда|кастрюля эмалированная белая 12л|
посуда|кастрюля эмалированная белая 2л|
посуда|кастрюля эмалированная белая 3л|
посуда|кастрюля эмалированная белая 4,5л|
посуда|кастрюля эмалированная белая 5,5л|
посуда|кастрюля эмалированная белая 7 л|
посуда|кастрюля эмалированная белая 9л|
посуда|кастрюля эмалированная цветная 4,5 л|
посуда|кисточка силикон б|
посуда|кисточка силикон с|
посуда|ключ закаточ|
посуда|ключ закаточ|
посуда|ключ закаточ|
посуда|ключ закаточ|
посуда|ковш эм 1,5л|
посуда|ковшик нерж (м)|
посуда|ковшик нерж (с)|
посуда|ковшик плоский 1,5л|
посуда|ковшик плоский 1л|
посуда|колба в термос1л|
посуда|контейнер пищ 0,4л|
посуда|контейнер пищ 0,5л|
посуда|контейнер пищ 0,85л|
посуда|контейнер пищ 0,8л|
посуда|контейнер пищ 1,2л|
посуда|контейнер пищ 1,2л|
посуда|контейнер пищ 1,5л|
посуда|контейнер пищ 1,6л|
посуда|контейнер пищ 1,8л|
посуда|контейнер пищ 2,2л|
посуда|контейнер пищ 2л|
посуда|контейнер пищ 5л Lux|
посуда|контейнер пищ Мой обед 0,3 л|
посуда|контейнер пищ Мой обед 0,5 л|
посуда|контейнер пищ Мой обед 0,7 л|
посуда|контейнер пищ Мой обед 1 л|
посуда|контейнер пищевой 0,8л|
посуда|контейнер пищевой 1,2л|
посуда|контейнер пищевой мой обед 1л|
посуда|корзина для белья|
посуда|крашка евро б|
посуда|крашка евро м|
посуда|кружка нерж 10см|
посуда|кружка нерж 8см|
посуда|кружка эм 1л|
посуда|крышка в микроволновку|
посуда|крышка закат|
посуда|Лейка ( воронка) б|
посуда|Лейка ( воронка) м|
посуда|Лейка ( воронка) с|
посуда|лейка большая|
посуда|ложка б|
посуда|ложка дерев|
посуда|ложка дерев  набор|
посуда|ложка дерев  набор|
посуда|ложка ст|
посуда|ложка ст|
посуда|ложка ст|
посуда|ложка ст|
посуда|ложка чайн|
посуда|ложка чайн|
посуда|ложка чайн|
посуда|лопатка силикон|
посуда|мангал с шампурами|
посуда|масленка|
посуда|масленки|
посуда|миска нерж №22|
посуда|Миска пласм пищев 3л|
посуда|Миска пласм пищев 5л|
посуда|молоток дерев отбивной |
посуда|молоток дерев отбивной |
посуда|молоток дюраль отбивной |
посуда|молоток мет отбивной |
посуда|мусорное ведро сетк|
посуда|мыльница на липуч|
посуда|мыльница на липуч|
посуда|мыльница с подставкой|
посуда|мясорубка Полт|
посуда|мясорубка Хар|
посуда|нож|
посуда|нож бармена|
посуда|нож керамич|
посуда|нож кухон |
посуда|нож кухон |
посуда|нож кухон |
посуда|нож кухон |
посуда|нож кухон дерев ручка|
посуда|нож кухон коричн ручка больш|
посуда|нож кухон коричн ручка мал|
посуда|нож кухон мален|
посуда|нож кухон мет|
посуда|нож кухон обеден|
посуда|нож кухон пилочка мал|
посуда|нож кухон Трам боль|
посуда|нож кухон Трам м|
посуда|нож кухон Трам ср|
посуда|нож кухон Трам ср|
посуда|нож на мясорубку|
посуда|нож на мясорубку|
посуда|нож на мясорубку|
посуда|нож пилочка|
посуда|нож столовый|
посуда|овощерезка пласм|
посуда|овощерезка пласм|
посуда|овощерезка чистка|
посуда|Овощечистка бол|
посуда|овощечистка мал|
посуда|опол шум пластмасовые|
посуда|открыватель  б Батлер|
посуда|открыватель  мет для банок|
посуда|открыватель  метал|
посуда|открыватель банок|
посуда|открыватель дерев|
посуда|открыватель дерев ручка|
посуда|открыватель дерев ручка|
посуда|пельменница дюраль|
посуда|пельменница пласм|
посуда|пепельница|
посуда|пиала|
посуда|пиала керам|
посуда|поднос квадрат |
посуда|поднос круглый|
посуда|подставка для ложек|
посуда|половник|
посуда|половник|
посуда|половник б|
посуда|решетка в мойку|
посуда|ручка для крышки|
посуда|Ручка Лида |
посуда|рюмка  набор|
посуда|рюмка  набор|
посуда|салатник «Шафран»  набор|
посуда|салатница б |
посуда|салатница б |
посуда|салатница м|
посуда|санки|
посуда|сахарница|
посуда|ситечко в мойку мет|
посуда|ситечко в раковину мет|
посуда|ситечко в раковину пласм|
посуда|ситечко для чая|
посуда|сито  дер  набор|
посуда|сито  мет  набор|
посуда|скалка дерев|
посуда|скалка дерев|
посуда|сковорода  kamille 24|
посуда|Сковорода 28 мм|
посуда|сковорода Биола  алюм|
посуда|сковорода Биола блин алюм|
посуда|сковорода Биола блин батлер|
посуда|спиртометр|
посуда|стакан  набор|
посуда|стакан высокий  набор|
посуда|стакан мерный 1 л|
посуда|стакан мерный 250 г|
посуда|стакан мерный 500 г|
посуда|стакан низкий  набор|
посуда|судочки Мой обед  набор|
посуда|сушка для посуды|
посуда|сушка для посуды|
посуда|таз пластм  10л|
посуда|таз пластм  10л|
посуда|таз пластм  12л|
посуда|таз пластм  12л|
посуда|таз пластм  12л|
посуда|таз пластм  12л|
посуда|таз пластм  12л|
посуда|таз пластм  15л|
посуда|таз пластм  16л|
посуда|таз пластм  18л|
посуда|таз пластм  24л|
посуда|таз пластм  35л|
посуда|таз пластм  9л|
посуда|таз пластм 27л|
посуда|тарелка глубокая 180|
посуда|тарелка квадрат|
посуда|тарелка керам круг|
посуда|тарелка керам тюльпан|
посуда|тарелка пиала 150|
посуда|тарелка плоская |
посуда|тарелка плоская 190|
посуда|тарелки стекло квадр глуб|
посуда|тарелки стекло квадр мелк|
посуда|тарелки стекло квадр плоск|
посуда|тарелки стекло круг бол|
посуда|тарелки стекло круг мел|
посуда|тарелки стекло круг мел|
посуда|тарелки стекло кругл |
посуда|тарелки стекло кругл глубок|
посуда|тарелки стекло кругл ровн |
посуда|терка для кор морковки дер|
посуда|терка для кор морковки пласм|
посуда|терка кух квадр|
посуда|терка кух ромб|
посуда|терка плоская|
посуда|терка полиуретановая|
посуда|терка хоз пласм|
посуда|терка хозяйственная|
посуда|терка шестигр|
посуда|терка kamille|
посуда|термос stenson 0,5л|
посуда|термос stenson 1,0л|
посуда|толкушка дер|
посуда|толкушка дерев|
посуда|толкушка метал|
посуда|форма для яиц 10шт|
посуда|форма для яиц 20шт|
посуда|форма разъемн  набор|
посуда|форма силикон|
посуда|форма силиконовая 12 шт|
посуда|форма силиконовая 6 шт|
посуда|формы силикон для кексов набор|
посуда|френч пресс|
посуда|хлебница|
посуда|чайник завар прозр Empire|
посуда|чайник завар прозр Empire|
посуда|чайник заварник 0117|
посуда|чайник заварник 0118|
посуда|чайник заварник 0171|
посуда|чайник эмал 2 л|
посуда|чайник эмал 3 л|
посуда|Чашка 0,5 л|
посуда|чашка 300г|
посуда|чашка 370мл|
посуда|чашка керам 250 г|
посуда|чашка керам 250 г|
посуда|чашка керам 300 г|
посуда|чашка керам 350 г|
посуда|чашка керам 350 г|
посуда|чашка керам 350 г|
посуда|чашка керам 350 г|
посуда|чашка керам 370 г|
посуда|чашка корич 250г|
посуда|чашка кофе 350г|
посуда|чашка нерж 10 см|
посуда|чашка нерж 8 см|
посуда|чашка нерж 9 см|
посуда|чашка пласт 250 г|
посуда|чашка пласт 300 г|
посуда|чашка под зубн щетки|
посуда|чашка под зубн щетки|
посуда|чашка стекло  250 г|
посуда|чашка стекло 0,5л|
посуда|чашка стекло 250 г|
посуда|чашка стекло 250г|
посуда|чашка стекло 300г|
посуда|чашка стекло 350 г|
посуда|чашка стекло детская|
посуда|чашка стекло кофе|
посуда|чесночница|
посуда|чесночница|
посуда|шампура б|
посуда|шинковка б|
посуда|шинковка с|
посуда|штопор Батлер|
посуда|штопор дерев ручка|
посуда|штопор деревянный|
посуда|штопор пласм ручка|
посуда|штопор пластмасовый|
посуда|шумовка|
посуда|шумовка мет|
посуда|шумовка пласм|
