сантехника|адаптор|
сантехника|Адаптор  ¾|
сантехника|Адаптор  ¾|
сантехника|Адаптор  ¾В|
сантехника|Адаптор  ¾Н|
сантехника|Адаптор ½|
сантехника|Адаптор ½ х ¾|
сантехника|адаптор ½В|
сантехника|адаптор ½Н|
сантехника|адаптор полив ¾|
сантехника|Адаптор раз ½ * ¾|
сантехника|адаптор соед ½|
сантехника|адаптор соедин|
сантехника|Американка 1' прямая|
сантехника|американка 20х1,2 в|
сантехника|американка 20х1,2 н|
сантехника|американка 25х3,4 в|
сантехника|американка 25х3,4 н|
сантехника|американка 32х1 в|
сантехника|американка 32х1 н|
сантехника|американка мп 16* ½ В угол|
сантехника|антисептик ДЕП 1,5л|
сантехника|Арматура в слив бачок АБ-11|
сантехника|Быстросват 1/2|
сантехника|Быстросват ¾|
сантехника|внутренность в бачек верх|
сантехника|внутренность в бачек ниж|
сантехника|внутренность в бачек ниж|
сантехника|воронка оцинк сливная|
сантехника|воронка оцинк сливная|
сантехника|воронка оцинк сливная|
сантехника|воронка оцинк сливная|
сантехника|воронка оцинк сливная|
сантехника|воронка оцинк сливная|
сантехника|воронка фигурная|
сантехника|воронка фигурная|
сантехника|вороток для метчика м-3-12|
сантехника|вороток Мастер Тол 14|
сантехника|Восьмерка №4|
сантехника|Восьмерка №5|
сантехника|Восьмерка №6|
сантехника|Восьмерка №7|
сантехника|Восьмерка №8|
сантехника|Восьмерка №8|
сантехника|выпуск в ванну мет|
сантехника|выпуск в мойку|
сантехника|выпуск в сифон мет|
сантехника|выпуск сифон|
сантехника|выпуск сифон|
сантехника|выпуск сифон|
сантехника|выпуск сифон|
сантехника|выпуск сифон|
сантехника|Гайка 1 лат|
сантехника|Гайка ½  лат|
сантехника|Гайка ¾  лат|
сантехника|гайка к сифону|
сантехника|гайка латунь Ø50|
сантехника|гайка мет Ø15|
сантехника|гайка мет Ø20|
сантехника|гайка мет Ø25|
сантехника|гайка мет Ø32|
сантехника|гайка мет Ø40|
сантехника|гайка мет Ø50|
сантехника|гайка на вод счетчик|
сантехника|гайка на сифон|
сантехника|гайка под водян счетчик набор|
сантехника|гайка прижим до шлиф лот|
сантехника|гидробарьер|
сантехника|гидробарьер |
сантехника|гидробарьер |
сантехника|гидробарьер |
сантехника|Головка 14 мм Berg|
сантехника|Головка 15 мм Berg|
сантехника|Головка 19 мм Berg|
сантехника|Головка 24 мм Berg|
сантехника|Гофра 100|
сантехника|Гофра 110|
сантехника|Гофра 125|
сантехника|Гофра 130|
сантехника|Гофра 150|
сантехника|Гофра 32|
сантехника|Гофра 40|
сантехника|Гофра 50|
сантехника|гофра арм в унитаз|
сантехника|гофра арм в унитаз|
сантехника|гофра арм унитаз|
сантехника|гофра арм унитаз Nova|
сантехника|гофра мет 10|
сантехника|гофра мет 15|
сантехника|гофра мет 18|
сантехника|гофра под пластик 16|
сантехника|гофра под пластик 20|
сантехника|гофра под пластик 25|
сантехника|гофра Nova 1262|
сантехника|гофра Ø32 ¼|
сантехника|гофра Ø40 ¼|
сантехника|гофра Ø40 Nova 9001|
сантехника|гофра Ø50 ½|
сантехника|гранбукса Hi-kon набор |
сантехника|Грибок    110|
сантехника|Грибок 10*100|
сантехника|Грибок 10*100|
сантехника|Грибок 10*110|
сантехника|Грибок 10*110|
сантехника|Грибок 10*120|
сантехника|Грибок 10*140|
сантехника|Грибок 10*160|
сантехника|Грибок 10*70|
сантехника|Грибок 10*70|
сантехника|Грибок 10*80|
сантехника|Грибок 10*80|
сантехника|Грибок 10*90|
сантехника|Грибок 10*90|
сантехника|Грибок 110 внутр|
сантехника|грибок 110 наруж|
сантехника|Грибок 50|
сантехника|грибок нерж |
сантехника|грибок нерж Ø100|
сантехника|грибок оцинков |
сантехника|грибок оцинков |
сантехника|грибок оцинков |
сантехника|грибок оцинков |
сантехника|грибок сетка 50|
сантехника|грибок Ø100/120|
сантехника|грибок Ø130/140|
сантехника|грибок Ø150|
сантехника|грибок Ø200|
сантехника|гусак ванна|
сантехника|гусак ванна|
сантехника|гусак ванна|
сантехника|гусак ванна|
сантехника|гусак кухня|
сантехника|гусак кухня|
сантехника|гусак кухня|
сантехника|гусак кухня|
сантехника|гусак на смеситель ванна длин|
сантехника|гусак на смеситель ванна корот|
сантехника|гусак на смеситель корот|
сантехника|гусак на смеситель кухн корот|
сантехника|дверь поддув|
сантехника|дверь топка больш|
сантехника|дверь топка мал|
сантехника|держатель душа|
сантехника|держатель душа пласм дешев|
сантехника|держатель лейки|
сантехника|держатель лейки на душ квадр|
сантехника|ершик в унит ров набор|
сантехника|ершик в унит фигурн набор |
сантехника|ершик в унитаз |
сантехника|ершик в унитаз |
сантехника|желоб грибок оцинк|
сантехника|желоб полукруг оцинк|
сантехника|завертка форточ|
сантехника|заглушка ½ В левая|
сантехника|Заглушка 100|
сантехника|Заглушка 20|
сантехника|Заглушка 25|
сантехника|Заглушка 32|
сантехника|Заглушка 40|
сантехника|Заглушка 50|
сантехника|заглушка в батар|
сантехника|заглушка вент дверная|
сантехника|заглушка глубокая оцинк|
сантехника|заглушка желоба глуб|
сантехника|заглушка желоба полукруглая|
сантехника|заглушка лат 1* Н|
сантехника|заглушка лат 1*В|
сантехника|заглушка лат ½ В|
сантехника|заглушка лат ½ Н|
сантехника|заглушка лат ¾  Н|
сантехника|заглушка лат ¾В|
сантехника|заглушка на раковину|
сантехника|заглушка на тюльпан|
сантехника|заглушка полукруглая оцинк|
сантехника|заглушка с отводом|
сантехника|заглушка с отводом 50|
сантехника|заглушка трубки оцинк|
сантехника|заглушка трубки оцинк|
сантехника|заглушка трубки оцинк|
сантехника|заглушка трубки оцинк|
сантехника|заглушка Ø150|
сантехника|заглушка Ø150|
сантехника|заглушка Ø200|
сантехника|заглушка Ø200|
сантехника|заглушка Ø32 д /бат глуха|
сантехника|заглушка Ø40 ½ В|
сантехника|заглушка Ø40 ¾ В|
сантехника|заглушки Ø20|
сантехника|заглушки Ø25|
сантехника|заглушки Ø32|
сантехника|задвижка железо|
сантехника|задвижка чугун|
сантехника|зажим трос №3|
сантехника|зажим трос №4|
сантехника|заклепки d0,4*8|
сантехника|заклепки d3,2*10,16|
сантехника|заклепки d3,2*12,7|
сантехника|заклепки d3,2*14,48|
сантехника|заклепки d3,2*15|
сантехника|заклепки d3,2*6,4|
сантехника|заклепки d3,2*7,4|
сантехника|заклепки d3,2*8,0|
сантехника|заклепки d3,2*9,6 Тек|
сантехника|заклепки d4,8*10,16|
сантехника|заклепки d4,8*12,7|
сантехника|заклепки d4,8*14,48|
сантехника|заклепки d4,8*7|
сантехника|заклепки d4,8*7|
сантехника|заклепки d4,8*8,0|
сантехника|заклепки d4,8*9,6|
сантехника|заклепки d4*10,16|
сантехника|заклепки d4*12,7|
сантехника|заклепки d4*14,48|
сантехника|заклепки d4*16|
сантехника|заклепки d4*6|
сантехника|заклепки d4*9,6|
дом|замок  100мм секрет|
дом|замок  60мм секрет|
дом|замок  60мм секрет|
дом|замок  60мм секрет|
дом|замок  70мм секрет|
дом|замок  70мм секрет|
дом|замок  70мм секрет|
дом|замок  70мм секрет|
дом|замок  80мм секрет|
дом|замок  80мм секрет|
дом|замок  90мм секрет|
дом|замок  90мм секрет|
дом|замок  90мм секрет|
дом|замок  аверс 60 межкомн секрет|
дом|замок  аверс 60 секрет|
дом|замок  аверс 60 секрет|
дом|замок  аверс 70 секрет|
дом|замок  аверс 70 секрет|
дом|замок  врезной арико|
дом|замок  врезной аvers|
дом|Замок  МЕ-901  внутренность|
дом|замок  межкомн секрет|
дом|замок  наклад секрет|
дом|замок  наклад секрет|
дом|замок  наклад секрет|
дом|замок  наклад секрет|
дом|замок  наклад секрет|
дом|замок  наклад Украина 3 ключа секрет|
дом|замок  наклад Украина 4 ключа секрет|
дом|замок  наклад Украина 5 ключей секрет|
дом|замок  с поворотником 100мм секрет|
дом|замок  с поворотником 60мм секрет|
дом|замок  с поворотником 60мм секрет|
дом|замок  с поворотником 60мм секрет|
дом|замок  с поворотником 70мм секрет|
дом|замок  с поворотником 80мм секрет|
дом|замок  с поворотником 80мм секрет|
дом|замок  с поворотником 90мм секрет|
дом|замок  с поворотником 90мм секрет|
дом|замок  с поворотником 90мм секрет|
дом|замок  с поворотником 90мм секрет|
дом|замок  с поворотником 90мм секрет|
дом|замок Авантек 50|
дом|замок аверс 38|
дом|замок аверс 50|
дом|замок аверс 70 секрет|
дом|замок аверс 90 секрет|
дом|замок аверс 90/55/35 секрет|
дом|замок алюмин секрет|
дом|замок алюмин секрет|
дом|замок алюмин секрет|
дом|замок Апекс краб большой|
дом|замок Вело 0,65м|
дом|замок Вело 0,8м|
дом|замок Вело 1м|
дом|замок внутренность|
дом|замок внутренность|
дом|замок внутренность|
дом|замок внутренность|
дом|замок внутренность|
дом|замок внутренность|
дом|замок внутренность|
дом|замок внутренность|
дом|замок внутренность|
дом|замок врез |
дом|замок врез |
дом|замок врез |
дом|замок врез 89-К|
дом|замок врез бабочка|
дом|замок врез бабочка м|
дом|замок врез без секрета|
дом|замок врез без секрета|
дом|замок врез без секрета|
дом|замок врез FSB|
дом|замок император 36/26 секрет|
дом|замок краб лодочка  60мм|
дом|замок краб ARIKO  80мм|
дом|замок лазерный 38|
дом|замок мебельный|
дом|замок мебельный|
дом|замок межкомнатный 60 секрет|
дом|замок межкомнатный секрет|
дом|замок навес |
дом|замок навес  38мм|
дом|замок навес  40мм|
дом|замок навес  50мм|
дом|замок навес  70мм|
дом|замок навес  глобус б 80мм|
дом|замок навес  крестообр ключ желт 38мм|
дом|замок навес  крестообр ключ желт 50мм|
дом|замок навес  крестообр ключ желт 60мм|
дом|замок навес  крестообр ключ желт 70мм|
дом|замок навес  лев  38мм|
дом|замок навес  Чебоксары 50мм|
дом|замок навес  Чебоксары 80мм|
дом|замок навес  экстра  38мм|
дом|замок навес  экстра  40мм|
дом|замок навес  экстра  60мм|
дом|замок навес  AVRRS  38мм|
дом|замок навес  AVRRS  50мм|
дом|замок навес АВАНТЕК 50мм|
дом|замок навес аверс 50|
дом|замок навес глобус 80мм|
дом|Замок навес Ермак 40|
дом|Замок навес Ермак 50|
дом|замок навес ключ квадрат 38|
дом|замок навес ключ квадрат 50|
дом|замок навес ключ квадрат 63|
дом|замок навес ключ квадрат 63|
дом|замок навес ключ квадрат 75|
дом|замок навес контролька|
дом|замок навес лазер 40мм|
дом|замок навес лазер 55мм|
дом|Замок навес Лев 40|
дом|Замок навес Лев 50|
дом|замок навес м декоративн|
дом|замок навес МС-б 80мм|
дом|замок навес с декорат|
дом|Замок навес серый 32|
дом|замок навес серый 50|
дом|замок навес серый 63|
дом|замок навес серый 93|
дом|Замок навес экстра 40|
дом|Замок навес экстра 70|
дом|замок навес Gosami 55мм|
дом|замок накладной|
дом|замок накладной|
дом|замок накладной|
дом|замок накладной|
дом|замок накладной|
дом|замок накладной|
дом|замок накладной|
дом|замок накладной|
дом|замок накладной|
дом|замок накладной|
дом|замок накладной  |
дом|замок накладной замок секрет|
дом|замок накладной замок секрет|
дом|замок накладной кодовый|
дом|замок П образ сред|
дом|замок П-образ 70мм|
дом|замок П-образ 90мм|
дом|замок ручка врез шарик|
дом|Замок тандем|
дом|замок тандем   внутренность|
дом|замок тандем ЗВ  внутренность|
дом|замок Flins 60 секрет|
дом|Замок FSB 60 секрет|
дом|замок FSB 70 секрет|
дом|замок FSB 70 секрет|
дом|защелка замеа Apecs|
дом|защелка замка AVERS|
дом|защелка APEKS|
сантехника|згон длин 15|
сантехника|згон длин 20|
сантехника|згон длин 25|
сантехника|згон длин 32|
сантехника|згон длин 40|
сантехника|згон длин 50|
сантехника|згон длин резьба 15|
сантехника|згон длин резьба 20|
сантехника|згон длин резьба 25|
сантехника|згон длин резьба 32|
сантехника|згон длин резьба 40|
сантехника|згон длин резьба 50|
сантехника|згон корот 15|
сантехника|згон корот 20|
сантехника|згон корот 25|
сантехника|згон корот 32|
сантехника|згон корот 40|
сантехника|згон корот 50|
сантехника|иксцентрик|
сантехника|канат джутов Ø10|
сантехника|канат джутов Ø14|
сантехника|канат джутов Ø16|
сантехника|канцевик на провод Е1508|
сантехника|карабин с коловор №4|
сантехника|Катридж 35|
сантехника|Катридж 35|
сантехника|Катридж 40|
сантехника|Катридж 40|
сантехника|катридж Ø 32 в смеситель дешов|
сантехника|катридж Ø 32 в смеситель Турция|
сантехника|катридж Ø 40 в смеситель|
сантехника|клапан на болер|
сантехника|клапан на унитаз|
сантехника|ключ под колбу|
сантехника|Колба 1,2|
сантехника|Колба 3,4|
сантехника|Колектор ½|
сантехника|Колектор ¾|
сантехника|Коллектор ½|
сантехника|коллектор соединен|
сантехника|коловорот оцинк|
сантехника|колосник|
сантехника|колосник|
сантехника|колосник в сборе|
сантехника|колосник в сборе|
сантехника|конек ориг вишня |
сантехника|конек ориг зеленый |
сантехника|конек ориг коричневый|
сантехника|Контрагайка 15|
сантехника|Контрагайка 20|
сантехника|Контрагайка 32|
сантехника|Контрагайка 40|
сантехника|Контрагайка 50|
сантехника|контрагайка лат 40|
сантехника|Короб 16*16|
сантехника|короб под гипс метал|
сантехника|коронка  по бетону Ø65|
сантехника|коронка  по бетону Ø65|
сантехника|коронка Ø65|
сантехника|короткий Ø100|
сантехника|короткий Ø100|
сантехника|крабы б|
сантехника|крабы м|
сантехника|крабы с|
сантехника|Кран  ½ наруж пиво|
сантехника|Кран  3/4 наруж |
сантехника|Кран 1' ¼ B*1' ¼ H|
сантехника|Кран 20|
сантехника|Кран 25|
сантехника|кран для пол пласм|
сантехника|кран Днепро|
сантехника|кран кухня Ferro|
сантехника|кран кухня Master|
сантехника|кран кухня Master-269|
сантехника|кран кухня Smes-269|
сантехника|кран Маевского ½|
сантехника|кран проход на стир машину ½ * ½|
сантехника|кран прямой 20/1,2 н|
сантехника|кран прямой 25х3,4 н|
сантехника|кран угловой 20/1,2 н|
сантехника|кран угловой 25/3,4 н|
сантехника|кран угловой КОЕR|
сантехника|кран фитенс D25* ¾ d|
сантехника|кран фитенс D25* ¾ y|
сантехника|кран фитенс D25*25|
сантехника|кран шар   ½ В* ½ В|
сантехника|кран шар   ½ В* ½ В газ|
сантехника|кран шар   ½ В* ½ Н|
сантехника|кран шар   ½ В* ½ Н газ|
сантехника|кран шар   ½ Н* ½ Н|
сантехника|кран шар  1' ½ B*1' ½ B|
сантехника|кран шар  1'B*1'H|
сантехника|кран шар  1/2 В* 1/2 Н KOER|
сантехника|кран шар  1/2 В* ½ В KOER|
сантехника|кран шар  ½  Н* ½ Н|
сантехника|кран шар  ½ B* ½ Н|
сантехника|кран шар  16* ½ В|
сантехника|кран шар  2'B*2'H|
сантехника|кран шар  3/4 В* 3/4 В KOER|
сантехника|кран шар  3/4 В* 3/4 Н KOER|
сантехника|кран шар ½ В* ½ В|
сантехника|кран шар 3/4 В* ¾ В*3/4 В* ¾ Н|
сантехника|кран шар м/п 16* ½  Н|
сантехника|кран шар м/п 16*16|
сантехника|кран шар м/п 20* ¾ В|
сантехника|кран шар м/п 20* ¾ н|
сантехника|кран шар м/п 20*20|
сантехника|кран шар м/п Ø16* ½ В;Ø16* ½ В;Н|
сантехника|кран шар м/п Ø16*16|
сантехника|кран шар м/п Ø20* ¾ В|
сантехника|кран шар м/п Ø20* ¾ Н|
сантехника|кран шар м/п Ø20*20|
сантехника|Кран шар полив ½|
сантехника|Кран шар полив ¾|
сантехника|кран d20* ½ в|
сантехника|кран d20* ½ н|
сантехника|Кран-лейка на летний душ|
сантехника|Кран-лейка на летний душ пласм|
сантехника|Кран-лейка на летний душ пласм|
сантехника|краник|
сантехника|краник|
сантехника|Крепеж  для унитаза набор|
сантехника|крепеж амстронг|
сантехника|крепеж бачка с унитазом|
сантехника|крепеж бачка с унитазом лат |
сантехника|крепеж длинный|
сантехника|крепеж длиный глубокий|
сантехника|Крепеж для батареи |
сантехника|крепеж для трубы Ø100|
сантехника|крепеж для трубы Ø110|
сантехника|крепеж для трубы Ø120|
сантехника|крепеж для трубы Ø130|
сантехника|крепеж для трубы Ø150|
сантехника|крепеж короткий|
сантехника|крепеж на крышку унитаза|
сантехника|крепеж на крышку унитаза|
сантехника|крепеж полукруглый|
сантехника|крепеж трубы оцинк Ø100|
сантехника|крепеж трубы оцинк Ø120|
сантехника|крепеж трубы оцинк Ø130|
сантехника|крепеж трубы оцинк Ø150|
сантехника|крепеж унитаза|
сантехника|крепление 1дюйм|
сантехника|Крепление ¾ дюйма|
сантехника|крепление для душа|
сантехника|крепление для труб 1/2д|
сантехника|крепление для труб 1/4д|
сантехника|крепление для унитаза бачка|
сантехника|крепление унитаза |
сантехника|крепление экопласт 25 на трубу|
сантехника|Крест ½ ВВВ лат|
сантехника|Крест 110|
сантехника|Крест 110*50*110*50|
сантехника|Крест 110/45|
сантехника|Крест 20|
сантехника|Крест 25|
сантехника|крест 32х3/4 в х32|
сантехника|Крест 50|
сантехника|крест м/п 16*16*16*16|
сантехника|крест м/п Ø20*  20*20*20|
сантехника|крест поливоч ¾|
сантехника|крестики на плитку|
сантехника|кронштейн для радиаторов|
сантехника|крошеный Ø100|
сантехника|крошеный Ø100|
сантехника|крышка для ванны|
сантехника|крышка на унитаз детская|
сантехника|крышка на унитаз мягкая|
сантехника|крышка на унитаз мягкая|
сантехника|крышка на унитаз пласм|
сантехника|крышка на унитаз пласм|
сантехника|крышка резин|
сантехника|крючок двойн|
сантехника|крючок двойной декор|
сантехника|крючок декор двойн|
сантехника|крючок декорат двойн|
сантехника|крючок декорат двойн золот|
сантехника|крючок декорат двойн прост|
сантехника|крючок декорат один|
сантехника|крючок на липучке большой|
сантехника|крючок на липучке мал|
сантехника|крючок на присоске|
сантехника|крючок на присоске|
сантехника|крючок одеж 2й мол|
сантехника|крючок один|
сантехника|Крючок С 10*120|
сантехника|крючок с дюбел мет 6*38|
сантехника|крючок хоз б|
сантехника|крючок хоз б|
сантехника|крючок хоз мален|
сантехника|крючок хоз с|
сантехника|лейка воронка большая|
сантехника|лейка воронка маленькая|
сантехника|лейка воронка средняя|
сантехника|лейка на душ|
сантехника|лейка на душ|
сантехника|лейка на душ|
сантехника|лейка на душ|
сантехника|лейка на лет душ в сборе мет|
сантехника|лейка на лет душ в сборе пласм|
сантехника|лейка на лет душ пласм|
сантехника|лента под ванну 41*3,2|
сантехника|лента фум большая желтая|
сантехника|лента фум маленькая желтая|
сантехника|лента фум маленькая(под кран)|
сантехника|лента фум с|
сантехника|линейка строительная 1 м|
сантехника|лупа под смеситель|
сантехника|лупа под смеситель|
сантехника|лупа под смеситель|
сантехника|люк дверца|
сантехника|Маяк 2,5м 10мм|
сантехника|Маяк 2,5м 6мм|
сантехника|Маяк 3м 10мм|
сантехника|Маяк 3м 6мм|
сантехника|мойка пласм вып|
сантехника|морковка полив ½|
сантехника|морковка полив ¾|
сантехника|муфта  20х3,4 в|
сантехника|муфта  20х3,4 н|
сантехника|муфта  25х1,2 в|
сантехника|муфта  25х1,2 н|
сантехника|муфта  25х3,4 в|
сантехника|муфта  25х3,4 н|
сантехника|муфта  Ø20|
сантехника|муфта  Ø25|
сантехника|муфта 1*В лат|
сантехника|Муфта ½ В лат|
сантехника|муфта ½ под вент|
сантехника|Муфта 15|
сантехника|Муфта 20|
сантехника|муфта 20х1 в|
сантехника|муфта 20х1 н|
сантехника|муфта 20х1,2 в|
сантехника|муфта 20х1,2 н|
сантехника|муфта 20х1/2 в|
сантехника|муфта 20х1/2 в|
сантехника|муфта 20х1/2 н|
сантехника|муфта 20х20|
сантехника|муфта 20х25|
сантехника|муфта 20х3/4 в|
сантехника|муфта 20х3/4 н|
сантехника|Муфта 25|
сантехника|муфта 25х1 в|
сантехника|муфта 25х1 н|
сантехника|муфта 25х1/2 в|
сантехника|муфта 25х1/2 в|
сантехника|муфта 25х1/2 н|
сантехника|муфта 25х25|
сантехника|муфта 25х3/4 в|
сантехника|муфта 25х3/4 н|
сантехника|муфта 25х3/4 н|
сантехника|Муфта ¾ В лат|
сантехника|Муфта 32|
сантехника|Муфта 32|
сантехника|муфта 32х1  1,4  в|
сантехника|муфта 32х1  1,4 в|
сантехника|муфта 32х1  1,4 н|
сантехника|муфта 32х1  в|
сантехника|муфта 32х1 в|
сантехника|муфта 32х1 в|
сантехника|муфта 32х1 н|
сантехника|муфта 32х1 н|
сантехника|муфта 32х1/2 в|
сантехника|муфта 32х1/2 в|
сантехника|муфта 32х1/2 н|
сантехника|муфта 32х1/2 н|
сантехника|муфта 32х1/4 н|
сантехника|Муфта 32х25|
сантехника|муфта 32х3/4 в|
сантехника|муфта 32х3/4 в|
сантехника|муфта 32х3/4 н|
сантехника|муфта 32х3/4 н|
сантехника|муфта 32х3/4 н|
сантехника|муфта 32х32 в|
сантехника|муфта 32х32 в|
сантехника|муфта 32х32х1,2 в|
сантехника|Муфта 40|
сантехника|Муфта 50|
сантехника|Муфта 50|
сантехника|муфта кор с резьбой   Ø15|
сантехника|муфта кор с резьбой   Ø20|
сантехника|муфта кор с резьбой   Ø25|
сантехника|муфта кор с резьбой   Ø40|
сантехника|муфта кор с резьбой   Ø50|
сантехника|муфта кор с резьбой  длин Ø15|
сантехника|муфта кор с резьбой  длин Ø20|
сантехника|муфта кор с резьбой  длин Ø25|
сантехника|муфта кор с резьбой  длин Ø32|
сантехника|муфта кор с резьбой  длин Ø40|
сантехника|муфта кор с резьбой  длин Ø50|
сантехника|муфта крепление 32х1/2|
сантехника|муфта М-10|
сантехника|муфта м/п Ø16* ½ В  Ø16*  ½ Н|
сантехника|муфта м/п Ø16* ¾ В  Ø16* ¾ Н|
сантехника|муфта м/п Ø16*16|
сантехника|муфта м/п Ø20* ½  Н Ø20 * ½ В|
сантехника|муфта м/п Ø20* ¾ Н Ø20 * ¾ В|
сантехника|муфта м/п Ø20*16|
сантехника|муфта м/п Ø20*20|
сантехника|муфта мет Ø15|
сантехника|муфта мет Ø20|
сантехника|муфта мет Ø25|
сантехника|муфта мет Ø32|
сантехника|муфта мет Ø40|
сантехника|муфта мет Ø50|
сантехника|муфта с накид гай 20х1,2|
сантехника|муфта с накид гай 20х3,4|
сантехника|муфта с накид гай 25/1,2|
сантехника|муфта с накид гай 25/3,4|
сантехника|муфта соед 110|
сантехника|муфта Ø15 корот мет|
сантехника|муфта Ø20 корот мет|
сантехника|муфта Ø25 корот мет|
сантехника|муфта Ø32 корот мет|
сантехника|муфта Ø40 корот мет|
сантехника|муфта Ø50 корот мет|
сантехника|муфта110|
сантехника|навесы мебельные|
сантехника|навесы форточки 30 мм|
сантехника|навесы форточки 40 мм|
сантехника|навесы форточки 50 мм|
сантехника|навесы форточки 60 мм|
сантехника|Нипель ¾ Н лат|
сантехника|Нипель ¾ НН лат |
сантехника|Нипель ¾ НН лат усилен|
сантехника|обычная воронка|
сантехника|обычная воронка|
сантехника|отвод|
сантехника|отвод короткий|
сантехника|отвод резьбовый 20|
сантехника|отвод резьбовый 25|
сантехника|отвод угловой |
сантехника|Отдушина 110|
сантехника|Отдушина 50|
сантехника|отлив крашен Ø150|
сантехника|отлив крашеный 150 мм|
сантехника|отлив оцинк 100 мм|
сантехника|отлив оцинк 150 мм|
сантехника|отлив оцинков Ø100|
сантехника|отлив оцинков Ø150|
сантехника|оцинкованный лист 0,3 мм|
сантехника|оцинкованный лист 0,4 мм|
сантехника|П-обраст 125|
сантехника|П-обраст 125|
сантехника|пакля (м)|
сантехника|пара под смеситель м/п 16 -10|
сантехника|паробарьер|
сантехника|переход  1* В* ¼ В лат|
сантехника|Переход  ½ В* ¼ Н лат|
сантехника|Переход  ¾ В* ½ Нлат|
сантехника|переход 1*В * ½  Н лат|
сантехника|Переход 1*В* ½  В|
сантехника|Переход 1*В* ¾ В лат|
сантехника|переход 1*В* ¾ Н лат|
сантехника|Переход 1*Н* ½  В лат|
сантехника|переход 1*Н* ½  Н лат|
сантехника|Переход 1*Н* ¾   В лат|
сантехника|Переход 1*Н* ¾  лН ла|
сантехника|переход 1*Н*1Н лат|
сантехника|переход 25х20|
сантехника|переход 25х32|
сантехника|Переход ¾ В* ½ В|
сантехника|Переход ¾ Н* ½ В лат|
сантехника|Переход ¾ Н* ½ Н лат|
сантехника|переход оцинк Ø 115*100|
сантехника|перф фасад 2,5м|
сантехника|перф фасад 3м|
сантехника|перф фасад метал 3м|
сантехника|Перфоугол 2,5м|
сантехника|перфоугол арочный 2,5м|
сантехника|перфоугол арочный 3м|
сантехника|перфоугол мет 3м|
сантехника|перфоугол пласм 2,5м|
сантехника|перфоугол пласм 3м|
сантехника|петля на замок 40х80|
сантехника|планка мет №140Х30|
сантехника|планка мет №160 100Х60|
сантехника|планка мет №180 180Х60|
сантехника|планка потолоч карн 2,5|
сантехника|планка установ |
сантехника|планка установ м/п 16|
сантехника|планка установ м/п 16* ½|
сантехника|подложка 3мм|
сантехника|подложка под ламинат 3 мм|
сантехника|поплавок|
сантехника|Поплавок Nova-7023|
сантехника|правило трапеция 150|
сантехника|правило трапеция 200|
сантехника|Пробка 32*15 лев|
сантехника|Пробка 32*15 прав|
сантехника|пробка 32гл л|
сантехника|пробка 32гл прав|
сантехника|пробка в ванну пласм|
сантехника|пробка в ванну рез бел|
сантехника|пробка в ванну синяя|
сантехника|прокладка парал ½|
сантехника|прокладка парал ¾|
сантехника|прокладка под бачек |
сантехника|прокладка под бачек унит,|
сантехника|прокладка рез под бачек |
сантехника|прокладка резиновая|
сантехника|прокладка резиновая 1'|
сантехника|прокладка резиновая ½|
сантехника|прокладка резиновая ¾|
сантехника|прокладка силиконов|
сантехника|прокладка силиконов 1'|
сантехника|прокладка силиконов ½|
сантехника|прокладка силиконов ¾|
сантехника|прокладки унитаз|
сантехника|пульки набор|
сантехника|развальцовка труб|
сантехника|распред с двумя выходами ¾|
сантехника|Распределитель ¾ х ½|
сантехника|рассеиват на душ больш|
сантехника|рассеиват на душ сред|
сантехника|растяжка троса М-10|
сантехника|растяжка троса М-12|
сантехника|растяжка троса М-14|
сантехника|растяжки троса М-16|
сантехника|Ревизия 110|
сантехника|Ревизия 50|
сантехника|редуктор пропанов|
сантехника|резинка уплот |
сантехника|резинка уплот вентель ½|
сантехника|резинка уплот гусак 1'|
сантехника|резинка уплот гусак ½|
сантехника|резинка уплот конусная Ø 20|
сантехника|резинка уплот конусная Ø 25|
сантехника|резинка уплот конусная Ø 40|
сантехника|резинка уплот под фильтр|
сантехника|резинка уплот под фильтр силик|
сантехника|резинка уплот смесит|
сантехника|резинка уплот Ø 16|
сантехника|резинка уплот Ø 20|
сантехника|резинка уплот Ø 32|
сантехника|резинка уплот Ø 40|
сантехника|резинка уплот Ø 40|
сантехника|рем вент 125|
сантехника|рем вент 138/138|
сантехника|рем вент 150/126|
сантехника|рем вент 194/194|
сантехника|рем вент 224/249|
сантехника|рем вент 224/249|
сантехника|рем вент 234/234|
сантехника|рем вент 240/170|
сантехника|рем вент затк|
сантехника|рем комплект оприск|
сантехника|ремкомплект на лампу|
дом|ручка двер молоток б|
дом|ручка двер молоток м|
дом|ручка дверная дюрал б|
дом|ручка дверная дюрал м|
дом|ручка дверная кованая ровн |
дом|ручка дверная ляда|
дом|ручка дверная металл|
дом|ручка дверная молот|
дом|ручка дверная молот|
дом|ручка дверная молот|
дом|ручка дверная молоток (м)|
дом|ручка дверная молоток б|
дом|ручка дверная с замком|
дом|ручка защелка AVERS|
дом|ручка кованные|
дом|ручка межкомн |
дом|Ручка межкомн  Зефирка|
дом|ручка межкомн Арико|
дом|ручка межкомн дер|
дом|ручка межкомн мет зефирка|
дом|ручка межкомн молоток|
дом|ручка межкомн Софин|
дом|ручка межкомн тандем|
дом|ручка межкомн FZB|
сантехника|ручка на гранбуксу|
сантехника|ручка на гранбуксу|
дом|ручка на двери мет|
сантехника|ручка на кран 35|
сантехника|ручка на планке молоток|
сантехника|ручка на смесит квадрат|
сантехника|ручка на смесит круглая|
дом|ручка Футбол|
дом|ручки меж F2B|
дом|ручки на мет двери|
сантехника|сажотруска железо|
сантехника|сажотруска нерж|
сантехника|Сгон длин мет с резьбой Ø15|
сантехника|Сгон длин мет с резьбой Ø20|
сантехника|Сгон длин мет с резьбой Ø25|
сантехника|Сгон длин мет с резьбой Ø32|
сантехника|Сгон длин мет с резьбой Ø40|
сантехника|Сгон длин мет с резьбой Ø50|
сантехника|Сгон корот с резьбой Ø15|
сантехника|Сгон корот с резьбой Ø20|
сантехника|Сгон корот с резьбой Ø25|
сантехника|Сгон корот с резьбой Ø32|
сантехника|Сгон корот с резьбой Ø40|
сантехника|Сгон корот с резьбой Ø50|
сантехника|сгон с дл резьбой Ø15|
сантехника|сгон с дл резьбой Ø20|
сантехника|сгон с дл резьбой Ø25|
сантехника|сгон с дл резьбой Ø32|
сантехника|сгон с дл резьбой Ø40|
сантехника|сгон с дл резьбой Ø50|
сантехника|сгон с резьбой Ø15|
сантехника|сгон с резьбой Ø20|
сантехника|сгон с резьбой Ø25|
сантехника|сгон с резьбой Ø32|
сантехника|сгон с резьбой Ø40|
сантехника|сгон с резьбой Ø50|
сантехника|сетка в евросифон|
сантехника|Сетка рифленный отбойник|
сантехника|сеточка в мойку|
сантехника|сеточка в мойку пл|
сантехника|сеточка в раковину пласм|
сантехника|Сифон  Nova 1050|
сантехника|Сифон  Nova 1061|
сантехника|Сифон 1060 Nova|
сантехника|сифон ванна мет вып|
сантехника|сифон ванна пласм выпуск|
сантехника|сифон ванна пласт вып|
сантехника|сифон Д-02 Flat Steam|
сантехника|Сифон куки В1045|
сантехника|сифон М-02|
сантехника|сифон мойка мет вып|
сантехника|сифон мойка пласт вып|
сантехника|сифон резинка Ø32|
сантехника|Сифон тюльпан LN 01.01|
сантехника|Сифон тюльпан LN 03.01|
сантехника|сифон CV-01 эконом|
сантехника|сифон D-01 |
сантехника|сифон LN -02.01 тюл ульт|
сантехника|Сифон Solo Plast P 0110|
сантехника|Сифон SV -01 эконом|
сантехника|сифон SV-02 Ультра +|
сантехника|скоба|
сантехника|скоба на замок кровельн|
сантехника|скоба на замок кровельн 40*80|
сантехника|скоба на замок кровельн 40*80|
сантехника|скоба под замок|
сантехника|скоба угловая боль|
сантехника|скоба угловая мал|
сантехника|скоба угловая ср|
сантехника|Скоба №2|
сантехника|Скоба №3|
сантехника|смеситель ванна 6083-404|
сантехника|смеситель ванна МАРС 006|
сантехника|смеситель ванна Мастер|
сантехника|смеситель ванна премиум|
сантехника|смеситель ванна Armalura 146|
сантехника|смеситель ванна Cosmos|
сантехника|Смеситель ванна Cosmos 006|
сантехника|смеситель ванна Gromix|
сантехника|смеситель ванна Gromix|
сантехника|смеситель ванна Mars 003|
сантехника|смеситель ванна MARS-yxo|
сантехника|смеситель ванна MF 146|
сантехника|смеситель ванна SMES 142|
сантехника|смеситель ванна Smes 143|
сантехника|смеситель ванна Villa 143|
сантехника|смеситель ванна Violot 009|
сантехника|смеситель кухня  мастер 269|
сантехника|смеситель кухня 6061-401|
сантехника|смеситель кухня арматура 271|
сантехника|смеситель кухня КИА-017|
сантехника|смеситель кухня КИА-275|
сантехника|смеситель кухня КТВ|
сантехника|смеситель кухня марс 011|
сантехника|смеситель кухня мастер 269|
сантехника|смеситель кухня мастер 555|
сантехника|смеситель кухня титан |
сантехника|смеситель кухня Armatura|
сантехника|смеситель кухня Fero|
сантехника|смеситель кухня Fero 01|
сантехника|смеситель кухня Fero-004|
сантехника|смеситель кухня Gromix-004|
сантехника|смеситель кухня Gromix-004 кор|
сантехника|смеситель кухня Gromix-011|
сантехника|смеситель кухня Mars-011|
сантехника|смеситель кухня Mars-011|
сантехника|смеситель кухня Master-271|
сантехника|смеситель кухня Smes 269|
сантехника|смеситель кухня Smes 271|
сантехника|смеситель кухня Smes 273|
сантехника|смеситель кухня SMES-161|
сантехника|смеситель кухня SMES-271|
сантехника|смеситель кухня Titana 007|
сантехника|смеситель Луна прав ремкомплект|
сантехника|смеситель удлинит  силик|
сантехника|смеситель удлинит Ferro|
сантехника|смеситель удлинит Ferro|
сантехника|смеситель удлинит Ferro|
сантехника|смеситель удлинит Zerix1,5м|
сантехника|смеситель удлинит Zerix1,5м|
сантехника|смеситель удлинит Zerix1,75м|
сантехника|смеситель удлинит Zerix1,75м|
сантехника|соединение 5мм|
сантехника|соединение 8мм|
сантехника|соединит с резьбой ½|
сантехника|соединит с резьбой ¾|
сантехника|соединитель полив  ¾|
сантехника|соединитель универ|
сантехника|старт полоса 5|
сантехника|старт полоса 8 бел|
сантехника|старт полоса 8 кор|
сантехника|Термоусадка 10/5|
сантехника|Термоусадка 12/6|
сантехника|Термоусадка 2/1|
сантехника|Термоусадка 2/1|
сантехника|Термоусадка 3/1,5|
сантехника|Термоусадка 4/2|
сантехника|Термоусадка 5/2,5|
сантехника|Термоусадка 8/4|
сантехника|Термоусадка 8/4|
сантехника|Термоусадка Ø 8 набор|
сантехника|трап канализац  50 белый|
сантехника|трап канализац 110 белый|
сантехника|трап канализац 50 боков|
сантехника|трещетка реверс|
сантехника|Тройник  ¾ * ½|
сантехника|Тройник  м/п Ø16*  ½   Н*16|
сантехника|Тройник  м/п Ø16* 16*16|
сантехника|Тройник  м/п Ø20*  ½   В*20 Ø20*  ½   н*20|
сантехника|Тройник  м/п Ø20*  16*20|
сантехника|Тройник  м/п Ø20*  20*20|
сантехника|Тройник  м/п Ø20*  3/4   В*20 Ø20*  ¾  н*20|
сантехника|Тройник  м/п Ø20*16*16|
сантехника|Тройник ½ В*½ В*½ Н лат|
сантехника|Тройник ½ В*½Н*½ В лат|
сантехника|Тройник ½ ВВВ лат|
сантехника|Тройник ½ Н*½ В*½ Н лат|
сантехника|тройник ½ Н*½ Н*½ В лат|
сантехника|Тройник ½ ННН лат|
сантехника|Тройник 110 левый с отвод|
сантехника|Тройник 110 правый с отвод|
сантехника|Тройник 110/900|
сантехника|Тройник 20/20/20|
сантехника|Тройник 20/25/25|
сантехника|Тройник 200 оцинк|
сантехника|тройник 20х1/2 в х20|
сантехника|тройник 20х1/2 вх20|
сантехника|тройник 20х1/2 н х20|
сантехника|тройник 20х1/2 нх20|
сантехника|тройник 20х20х20|
сантехника|тройник 20х3/4 в х20|
сантехника|тройник 20х3/4 н х20|
сантехника|Тройник 25/20/25|
сантехника|Тройник 25/25/25|
сантехника|тройник 25х1 в х25|
сантехника|тройник 25х1 н х25|
сантехника|тройник 25х1/2 в х25|
сантехника|тройник 25х1/2 вх25|
сантехника|тройник 25х1/2 н х25|
сантехника|тройник 25х1/2 нх25|
сантехника|тройник 25х20х25|
сантехника|тройник 25х25х25|
сантехника|тройник 25х3/4 в х25|
сантехника|тройник 25х3/4 вх25|
сантехника|тройник 25х3/4 н х25|
сантехника|тройник 25х3/4 нх25|
сантехника|Тройник ¾  В х ½ В х ¾ В лат|
сантехника|Тройник ¾  В х ½ Н х ¾ В лат|
сантехника|Тройник ¾  В х ¾ Н х ¾ В лат|
сантехника|Тройник ¾  НННлат|
сантехника|Тройник ¾ ВВВ лат|
сантехника|Тройник ¾ ННН лат|
сантехника|тройник 32х1 1,4 н|
сантехника|тройник 32х1/2 в х32|
сантехника|тройник 32х1/2 н х32|
сантехника|тройник 32х1х32 в|
сантехника|тройник 32х1х32 н|
сантехника|тройник 32х20х32|
сантехника|тройник 32х25х32|
сантехника|тройник 32х3/4 в х32|
сантехника|тройник 32х3/4 н х32|
сантехника|тройник 32х32х32|
сантехника|Тройник 50/46|
сантехника|Тройник 50/90|
сантехника|тройник м/п  20* 16*20|
сантехника|тройник м/п 16* ½  В* 17|
сантехника|тройник м/п 16* ½  Н* 16|
сантехника|тройник м/п 16*16*16|
сантехника|тройник нержав Ø120|
сантехника|тройник оцинк Ø 100|
сантехника|тройник оцинк Ø 110|
сантехника|тройник оцинк Ø 115|
сантехника|тройник оцинк Ø 120|
сантехника|тройник оцинк Ø 125|
сантехника|тройник оцинк Ø 130|
сантехника|тройник оцинк Ø 135|
сантехника|тройник оцинк Ø 150|
сантехника|тройник оцинк Ø 150|
сантехника|тройник пластик ¾ |
сантехника|тройник с отвод 110/45|
сантехника|тройник чугун 15|
сантехника|тройник чугун 20|
сантехника|тройник чугун 32|
сантехника|тройник чугун 40|
сантехника|тройник чугун 50|
сантехника|тройник чугун Ø15|
сантехника|тройник чугун Ø20|
сантехника|тройник чугун Ø25|
сантехника|тройник чугун Ø32|
сантехника|тройник чугун Ø40|
сантехника|тройник чугун Ø50|
сантехника|Тройник110*50*110|
сантехника|Тройник110/45|
сантехника|трос для прог труб 3 м Technics|
сантехника|Трос Ø 2,5|
сантехника|Трос Ø 5|
сантехника|Труба 0,5 м Ø100|
сантехника|Труба 0,5 м Ø110|
сантехника|Труба 0,5 м Ø115|
сантехника|Труба 0,5 м Ø120|
сантехника|Труба 0,5 м Ø125|
сантехника|Труба 0,5 м Ø130|
сантехника|Труба 0,5 м Ø135|
сантехника|Труба 0,5 м Ø140|
сантехника|Труба 0,5 м Ø150|
сантехника|Труба 0,5 м Ø200|
сантехника|Труба 1 м Ø100|
сантехника|Труба 1 м Ø110|
сантехника|Труба 1 м Ø120|
сантехника|Труба 1 м Ø125|
сантехника|Труба 1 м Ø130|
сантехника|Труба 1 м Ø135|
сантехника|Труба 1 м Ø140|
сантехника|Труба 1 м Ø150|
сантехника|Труба 1 м Ø200|
сантехника|Труба 110*0,3|
сантехника|Труба 110/0,5|
сантехника|Труба 110/1|
сантехника|Труба 110/2|
сантехника|Труба 110/3|
сантехника|Труба 50/0,3|
сантехника|Труба 50/0,5|
сантехника|Труба 50/1|
сантехника|Труба 50/2|
сантехника|Труба 50/3|
сантехника|труба асбест 150|
сантехника|труба вода Ø20 синяя|
сантехника|труба вода Ø20 черная|
сантехника|труба вода Ø25 синяя|
сантехника|труба вода Ø25 черная|
сантехника|труба вода Ø32 синяя|
сантехника|труба вода Ø32 черная|
сантехника|труба гибкая  40х50 ½|
сантехника|труба деш Ø100|
сантехника|труба деш Ø150|
сантехника|труба кан белая d32|
сантехника|труба металлопластик  20|
сантехника|труба нерж Ø120|
сантехника|труба нерж Ø150|
сантехника|труба оцинк 0,5 м |
сантехника|труба оцинк 0,5 м |
сантехника|труба оцинк 0,5 м |
сантехника|труба оцинк 0,5 м |
сантехника|труба оцинк 0,5 м |
сантехника|труба оцинк 0,5 м |
сантехника|труба оцинк 0,5 м |
сантехника|труба оцинк 0,5 м |
сантехника|труба оцинк 0,5 м |
сантехника|труба оцинк 1 м |
сантехника|труба оцинк 1 м |
сантехника|труба оцинк 1 м |
сантехника|труба оцинк 1 м |
сантехника|труба оцинк 1 м |
сантехника|труба оцинк 1 м |
сантехника|труба оцинк 1 м |
сантехника|труба оцинк 1 м |
сантехника|труба оцинк 1 м |
сантехника|труба оцинк 1 м |
сантехника|труба оцинк 1 м дом|
сантехника|труба ш/п D16|
сантехника|труба экопласт 20|
сантехника|труба экопласт 25|
сантехника|труба экопласт 25|
сантехника|угловой слив оцинк|
сантехника|угловой слив оцинк|
сантехника|угловой слив оцинк|
сантехника|угловой слив оцинк|
сантехника|угол  45° Ø200  оцинковка|
сантехника|угол  45° Ø200  оцинковка|
сантехника|угол  45° Ø200  оцинковка|
сантехника|угол  45° Ø200  оцинковка|
сантехника|угол  45° Ø200  оцинковка|
сантехника|угол  45° Ø200  оцинковка|
сантехника|угол  45° Ø200  оцинковка|
сантехника|угол  45° Ø200  оцинковка|
сантехника|угол  45° Ø200  оцинковка|
сантехника|угол  45° Ø200  оцинковка|
сантехника|угол  45° Ø200  оцинковка|
сантехника|угол  внутр 5мм|
сантехника|угол  внутр 8мм|
сантехника|Угол  наруж пласм №5|
сантехника|угол  наружный 5мм|
сантехника|угол  наружный 8мм|
сантехника|угол  наружный зеленый|
сантехника|угол  Ø 100 оцинкован|
сантехника|угол  Ø 100 оцинкован|
сантехника|угол  Ø 100 оцинкован|
сантехника|угол  Ø 100 оцинкован|
сантехника|угол  Ø 100 оцинкован|
сантехника|угол  Ø 100 оцинкован|
сантехника|угол  Ø 100 оцинкован|
сантехника|угол  Ø 100 оцинкован|
сантехника|угол  Ø 100 оцинкован|
сантехника|угол  Ø 100 оцинкован|
сантехника|угол  Ø 100 оцинкован|
сантехника|угол  Ø 100 оцинкован|
сантехника|угол  Ø 100 оцинкован|
сантехника|угол  Ø 100 оцинкован|
сантехника|угол  Ø 100 оцинкован|
сантехника|угол  Ø 100 оцинкован|
сантехника|угол  Ø 100 оцинкован|
сантехника|угол  Ø 100 оцинкован|
сантехника|угол  Ø 100 оцинкован|
сантехника|угол  Ø 100 оцинкован|
сантехника|угол  Ø 100 оцинкован|
сантехника|угол  Ø 100 оцинкован|
сантехника|угол  Ø 100 оцинкован|
сантехника|Угол ½  ВВ лат|
сантехника|угол ½  Н* ½  лВат|
сантехника|Угол ½ НН лат|
сантехника|Угол 110 с отвод 50|
сантехника|Угол 110/30|
сантехника|Угол 110/45|
сантехника|Угол 110/67|
сантехника|Угол 110/90|
сантехника|угол 145º|
сантехника|угол 20х1,2 в|
сантехника|угол 20х1,2 н|
сантехника|угол 20х1/2 в|
сантехника|угол 20х1/2 н|
сантехника|угол 20х20 в|
сантехника|угол 20х3,4 в|
сантехника|угол 20х3,4 н|
сантехника|угол 20х3/4 в|
сантехника|угол 20х3/4 в |
сантехника|угол 20х3/4 н|
сантехника|угол 25х1 в|
сантехника|угол 25х1 н|
сантехника|угол 25х1,2 в|
сантехника|угол 25х1,2 н|
сантехника|угол 25х1/2 в|
сантехника|угол 25х1/2 н|
сантехника|угол 25х25|
сантехника|угол 25х25 ½|
сантехника|угол 25х3,4 в|
сантехника|угол 25х3,4 н|
сантехника|угол 25х3/4 в|
сантехника|угол 25х3/4 н|
сантехника|Угол ¾ В х ½  В лат|
сантехника|Угол ¾ В х ¾ Н лат|
сантехника|Угол ¾ В* ½ В лат|
сантехника|Угол ¾ В* ¾ В лат|
сантехника|Угол ¾ В* ¾ В лат|
сантехника|Угол 45 оцинк Ø100|
сантехника|угол 45° Ø100 оцинковка |
сантехника|угол 45° Ø100 оцинковка |
сантехника|угол 45° Ø110 оцинковка |
сантехника|угол 45° Ø110 оцинковка |
сантехника|угол 45° Ø115 оцинковка|
сантехника|угол 45° Ø120 оцинковка |
сантехника|угол 45° Ø125 оцинковка|
сантехника|угол 45° Ø130 оцинковка |
сантехника|угол 45° Ø135 оцинковка |
сантехника|угол 45° Ø140 оцинковка |
сантехника|угол 45° Ø150 оцинковка |
сантехника|Угол 50/30|
сантехника|Угол 50/45|
сантехника|Угол 50/67|
сантехника|Угол 50/90|
сантехника|угол внутр вишня |
сантехника|угол внутр зеленый |
сантехника|угол внутр коричневый|
сантехника|Угол внутр пласм №5|
сантехника|Угол внутр пласм №8|
сантехника|угол внутр синий|
сантехника|угол водослив  Ø100 45° верхний|
сантехника|угол водослив  Ø100 45° верхний|
сантехника|угол водослив  Ø100 45° нижний|
сантехника|угол водослив  Ø100 45° нижний|
сантехника|угол водослив  Ø100 45° средний|
сантехника|угол водослив  Ø100 45° средний|
сантехника|угол декор 15/15|
сантехника|угол декор 15/15|
сантехника|угол декор 20/20|
сантехника|угол декор 20/20|
сантехника|угол для гипса 10/12|
сантехника|угол для гипса 20/15|
сантехника|угол для плитки внутр|
сантехника|угол для плитки внутр кор|
сантехника|угол для плитки наруж|
сантехника|угол желоба|
сантехника|угол канализац190 с отвод 50|
сантехника|Угол м/п Ø16* ½ В  Ø16* ½ Н|
сантехника|Угол м/п Ø16* ¾  В  Ø16* ¾ Н|
сантехника|Угол м/п Ø16*16|
сантехника|Угол м/п Ø16*20|
сантехника|Угол м/п Ø20* ½ В  Ø20* ½ Н|
сантехника|Угол м/п Ø20* ¾ В Ø20* ¾ Н|
сантехника|Угол м/п Ø20*20|
сантехника|угол мет с резьбой Ø15|
сантехника|угол мет с резьбой Ø20|
сантехника|угол мет с резьбой Ø25|
сантехника|угол мет G15|
сантехника|угол мет G20|
сантехника|угол мет G25|
сантехника|угол мет G32|
сантехника|угол мет G50|
сантехника|угол мет G540|
сантехника|угол мет Ø15 |
сантехника|угол мет Ø20 |
сантехника|угол мет Ø25|
сантехника|угол мет Ø25 |
сантехника|угол мет Ø32|
сантехника|угол мет Ø32|
сантехника|угол мет Ø40|
сантехника|угол мет Ø40 |
сантехника|угол мет Ø50|
сантехника|угол мет Ø50 |
сантехника|угол наруж синий|
сантехника|угол наст плинтус|
сантехника|угол под ванну|
сантехника|угол полив ½|
сантехника|угол поливоч|
сантехника|угол с накид гай 20х3,4|
сантехника|угол строит|
сантехника|угол установоч м/п 16* ½ В|
сантехника|угол установоч м/п 20* ½ В|
сантехника|Угол установоч м/п Ø16*  ¾   В |
сантехника|Угол установоч м/п Ø16* ½  В |
сантехника|Угол установоч м/п Ø20* ½  В |
сантехника|угол установочный 20х1/2 в|
сантехника|угол чугун 25|
сантехника|угол чугун 32|
сантехника|угол чугун 32|
сантехника|угол чугун 40|
сантехника|угол чугун 50|
сантехника|Угол чугун Ø15|
сантехника|Угол чугун Ø20|
сантехника|Угол чугун Ø25|
сантехника|Угол чугун Ø32|
сантехника|Угол чугун Ø40|
сантехника|Угол чугун Ø50|
сантехника|угол Ø20 45º|
сантехника|угол Ø20 90º|
сантехника|угол Ø25 45º|
сантехника|угол Ø25 90º|
сантехника|уголки под ванну|
сантехника|УД профиль экон|
сантехника|удлинитель 1*Н|
сантехника|Удлинитель ½  |
сантехника|Удлинитель ½  100м|
сантехника|Удлинитель ½  10м|
сантехника|Удлинитель ½  15м|
сантехника|Удлинитель ½  20м|
сантехника|Удлинитель ½  25м|
сантехника|Удлинитель ½  40м|
сантехника|Удлинитель ½  50м|
сантехника|Удлинитель ½  60м|
сантехника|Удлинитель ½  80м|
сантехника|Удлинитель ½  80м|
сантехника|Удлинитель ¾ 80м|
сантехника|улитка большая|
сантехника|улитка с держателем|
сантехника|улитка ср|
сантехника|уплотнитель 12х10|
сантехника|уплотнитель 12х10 бел|
сантехника|уплотнитель 12х10 черн|
сантехника|уплотнитель 12х14 бел|
сантехника|уплотнитель 14х12|
сантехника|Уплотнитель 7,5х9|
сантехника|уплотнитель 9х4|
сантехника|уплотнитель 9х5,5|
сантехника|уплотнитель дверной|
сантехника|уплотнитель окон |
сантехника|уплотнитель паста Унипак м|
сантехника|уплотнитель под ст машинку 50*32,50*40,50*25|
сантехника|уплотнитель с фольг 2 мм|
сантехника|уплотнитель с фольг 3 мм|
сантехника|уплотнитель с фольг 5 мм|
сантехника|уплотнитель с фольг 8 мм|
сантехника|уплотнитель универсальн|
сантехника|Утеплитель 3 мм Termo|
сантехника|утеплитель 3мм|
сантехника|Утеплитель для трубы d22|
сантехника|Утеплитель для трубы d25|
сантехника|утеплитель Изовер|
сантехника|утеплитель Профитеп|
сантехника|утеплитель с фольгой 2мм|
сантехника|утеплитель с фольгой 3мм|
сантехника|утеплитель с фольгой 5мм|
сантехника|утеплитель Урса|
сантехника|утеплитель d110|
сантехника|Утеплительдля трубы d32|
сантехника|ухо под смеситель Ø 32|
сантехника|ухо под смеситель Ø40|
сантехника|ухо смеситель 35|
сантехника|ухо смеситель 40|
сантехника|фильтр Аквадор|
сантехника|Фильтр аквафор|
сантехника|Фильтр барьер|
сантехника|фильтр вод нитка|
сантехника|фильтр вод уголь|
сантехника|фильтр вод уголь+пропил|
сантехника|фильтр водяной 2й колба|
сантехника|фильтр водяной пропилен|
сантехника|фильтр гриб Ø20|
сантехника|фильтр гриб Ø25|
сантехника|Фильтр нитка |
сантехника|фильтр солевой|
сантехника|Фильтр уголь |
сантехника|фланец метал|
сантехника|хвостовик для ,,,, 110см|
сантехника|хомут 10*16мм|
сантехника|хомут 110|
сантехника|Хомут 120*140|
сантехника|хомут 16*25мм|
сантехника|хомут 16*27мм|
сантехника|Хомут 180*200|
сантехника|хомут 19*26мм|
сантехника|хомут 20*32мм|
сантехника|хомут 23*35мм|
сантехника|хомут 25*40мм|
сантехника|Хомут 50*70|
сантехника|Хомут 60*90|
сантехника|хомут 8*12мм|
сантехника|хомут 8*12мм|
сантехника|хомут водяной D32* ½|
сантехника|хомут водяной D32* ¾|
сантехника|хомут водяной D40* ½|
сантехника|хомут водяной D50* ½|
сантехника|хомут под трос №3|
сантехника|хомут под трос №5|
сантехника|хомут под трос №6|
сантехника|хомут под трос №8|
сантехника|хомут силовой 110*130|
сантехника|хомут силовой 12*20|
сантехника|хомут силовой 140*160|
сантехника|хомут силовой 180*200|
сантехника|хомут силовой 25*40|
сантехника|хомут силовой 25*40|
сантехника|хомут силовой 32*35|
сантехника|хомут силовой 32*50|
сантехника|хомут силовой 37*40|
сантехника|хомут силовой 40*60|
сантехника|хомут силовой 44*60|
сантехника|хомут силовой 48*51|
сантехника|хомут силовой 50*70|
сантехника|хомут силовой 50*71|
сантехника|хомут силовой 56*59|
сантехника|хомут силовой 60*80|
сантехника|хомут силовой 70*90|
сантехника|хомут силовой 74*79|
сантехника|хомут силовой 80*100|
сантехника|хомут силовой 90*110|
сантехника|хомут стяжной 4,6*400|
сантехника|хомут стяжной 4,8*400|
сантехника|хомут стяжной 4,8*400|
сантехника|хомут стяжной 7,2*350|
сантехника|хомут трубы 1'|
сантехника|хомут трубы 1' ½|
сантехника|хомут трубы 1' ¼|
сантехника|хомут трубы 1' ¾|
сантехника|Хомут140*160|
сантехника|цепочка для ванны 50см|
сантехника|чашка с эксцентриком под смеситель|
сантехника|шина под карниз 1,2|
сантехника|шина под карниз 1,60|
сантехника|шина под карниз 2,00|
сантехника|шина под карниз 2,40|
сантехника|шина под карниз 2,80|
сантехника|шина под карниз 3,00|
сантехника|шланг «Техникс» 1,2|
сантехника|шланг гибкий  гайка/гайка 0,3|
сантехника|шланг гибкий гайка/гайка 0,4|
сантехника|шланг гибкий гайка/гайка 0,5|
сантехника|шланг гибкий гайка/гайка 0,6|
сантехника|шланг гибкий гайка/гайка 0,8|
сантехника|шланг гибкий гайка/гайка 1,|
сантехника|шланг гибкий гайка/гайка 1,2|
сантехника|шланг гибкий гайка/гайка 1,5|
сантехника|шланг гибкий гайка/штуцер 0,3|
сантехника|шланг гибкий гайка/штуцер 0,4|
сантехника|шланг гибкий гайка/штуцер 0,5|
сантехника|шланг гибкий гайка/штуцер 0,6|
сантехника|шланг гибкий гайка/штуцер 0,8|
сантехника|шланг гибкий гайка/штуцер 1,|
сантехника|шланг гибкий гайка/штуцер 1,20|
сантехника|шланг гибкий гайка/штуцер 1,20|
сантехника|шланг гибкий гайка/штуцер 1,5|
сантехника|шланг гибкий под смеситель 0,3|
сантехника|шланг гибкий под смеситель 0,4|
сантехника|шланг гибкий под смеситель 0,5|
сантехника|шланг гибкий под смеситель 0,6|
сантехника|шланг гибкий под смеситель 0,6|
сантехника|шланг гибкий под смеситель 0,8|
сантехника|шланг гибкий под смеситель 1|
сантехника|Шланг екофлекс 0,6|
сантехника|шланг залив 1,0м|
сантехника|шланг залив 1,5м|
сантехника|шланг залив 1,5м|
сантехника|шланг залив 1м|
сантехника|шланг залив 2,0м|
сантехника|шланг залив 2,5м|
сантехника|шланг залив 2м|
сантехника|шланг залив 3,0м|
сантехника|Шланг кислород|
сантехника|шланг поливоч желт 3/4м|
сантехника|шланг поливоч зелен 3/4м|
сантехника|Шланг поливоч зеленый 1,2 |
сантехника|Шланг поливоч зеленый 1,2 |
сантехника|Шланг поливоч Турция желтая 1,2|
сантехника|шланг слив 1,0м|
сантехника|шланг слив 1,5м|
сантехника|шланг слив 1,5м|
сантехника|шланг слив 1м|
сантехника|шланг слив 2,0 м|
сантехника|шланг слив 2,5м|
сантехника|шланг слив 3,0м|
сантехника|Шланг Турция желтая 3,4|
сантехника|Шланг Турция зеленая|
сантехника|Шланг Турция зеленая 3,4|
сантехника|Шланг Турция синяя 1,2|
сантехника|шланг ecoflex вода 1,2м|
сантехника|шланг ecoflex вода 1,5м|
сантехника|шланг ecoflex вода 1м|
сантехника|шланг ecoflex вода 30см|
сантехника|шланг ecoflex вода 40см|
сантехника|шланг ecoflex вода 50см|
сантехника|шланг ecoflex вода 60см|
сантехника|шланг ecoflex вода 80см|
сантехника|шланг ecoflex газ 1,2м|
сантехника|шланг ecoflex газ 1,5м|
сантехника|шланг ecoflex газ 1м|
сантехника|шланг ecoflex газ 2,5м|
сантехника|шланг ecoflex газ 2м|
сантехника|шланг ecoflex газ 30см|
сантехника|шланг ecoflex газ 3м|
сантехника|шланг ecoflex газ 40см|
сантехника|шланг ecoflex газ 50см|
сантехника|шланг ecoflex газ 60см|
сантехника|шланг ecoflex газ 80см|
сантехника|шланг ecoflex под смеситель 30см|
сантехника|шланг ecoflex под смеситель 40см|
сантехника|шланг ecoflex под смеситель 50см|
сантехника|Шланг ecoflex под смеситель 60см|
сантехника|шланг ecoflex под смеситель 80см|
сантехника|шланг ecoflex смеситель 1м|
сантехника|шпингалет б|
сантехника|шпингалет б декорат|
сантехника|шпингалет декорат|
сантехника|шпингалет засов (100 мм)|
сантехника|шпингалет засов 105х55|
сантехника|шпингалет засов 120 мм|
сантехника|шпингалет засов 160мм|
сантехника|шпингалет засов 180мм|
сантехника|шпингалет засов 400мм|
сантехника|шпингалет засов 75х60|
сантехника|шпингалет м|
сантехника|шпингалет м декорат|
сантехника|шпингалет потолочный декорат|
сантехника|шпингалет с|
сантехника|шпингалет с кнопкой|
сантехника|штуцер 1*В 25мп|
сантехника|Штуцер ½ В 10м|
сантехника|Штуцер ½ В 12м|
сантехника|Штуцер ½ В 14м|
сантехника|Штуцер ½ В 16м|
сантехника|Штуцер ½ В 18м|
сантехника|Штуцер ½ В 20м|
сантехника|Штуцер ½ В 6м|
сантехника|Штуцер ½ В 8м|
сантехника|Штуцер ½ Н 10м|
сантехника|Штуцер ½ Н 14м|
сантехника|Штуцер ½ Н 16м|
сантехника|Штуцер ½ Н 18м|
сантехника|Штуцер ½ Н 20м|
сантехника|Штуцер ½ Н 8м|
сантехника|Штуцер ½ Н12м|
сантехника|Штуцер ¾ В 10|
сантехника|Штуцер ¾ В 12|
сантехника|Штуцер ¾ В 14|
сантехника|Штуцер ¾ В 16|
сантехника|Штуцер ¾ В 20м|
сантехника|Штуцер ¾ Н 12м|
сантехника|Штуцер ¾ Н 14м|
сантехника|Штуцер ¾ Н 16м|
сантехника|Штуцер ¾ Н 18м|
сантехника|Штуцер ¾ Н 20м|
сантехника|штуцер под балон ¾левый рез|
сантехника|Штуцер Ø32 Н*30|
сантехника|штуцер1'В*25 1'Н*25 лат|
дом|FSB внутр замка 10-08|
