сантехника|анкер крючок 10*60|
сантехника|анкер крючок 12*150|
сантехника|Б/монтаж ,6*60|
сантехника|Б/монтаж 10*100|
сантехника|Б/монтаж 10*100|
сантехника|б/монтаж 10*115|
сантехника|б/монтаж 10*120|
сантехника|Б/монтаж 10*135|
сантехника|Б/монтаж 10*140|
сантехника|Б/монтаж 10*140|
сантехника|Б/монтаж 10*160|
сантехника|Б/монтаж 10*160|
сантехника|б/монтаж 10*80|
сантехника|Б/монтаж 6*100|
сантехника|Б/монтаж 6*100|
сантехника|Б/монтаж 6*100|
сантехника|Б/монтаж 6*40|
сантехника|Б/монтаж 6*40|
сантехника|Б/монтаж 6*40|
сантехника|б/монтаж 6*60|
сантехника|Б/монтаж 6*70|
сантехника|Б/монтаж 6*80|
сантехника|Б/монтаж 8*100|
сантехника|Б/монтаж 8*100|
сантехника|Б/монтаж 8*120|
сантехника|Б/монтаж 8*135|
сантехника|Б/монтаж 8*140|
сантехника|Б/монтаж 8*160|
сантехника|Б/монтаж 8*160|
сантехника|Б/монтаж 8*45|
сантехника|Б/монтаж 8*45|
сантехника|Б/монтаж 8*45|
сантехника|Б/монтаж 8*60|
сантехника|Б/монтаж 8*60|
сантехника|б/монтаж 8*80|
сантехника|Б/монтаж,6*60|
сантехника|барсон|
сантехника|барсон|
сантехника|барсон|
сантехника|Болт 10*100|
сантехника|Болт 10*120|
сантехника|Болт 10*160|
сантехника|Болт 10*160|
сантехника|Болт 10*180|
сантехника|Болт 10*30|
сантехника|Болт 10*40|
сантехника|Болт 10*50|
сантехника|Болт 10*60|
сантехника|Болт 10*80|
сантехника|Болт 12*100|
сантехника|Болт 12*100|
сантехника|Болт 12*160|
сантехника|Болт 12*30|
сантехника|Болт 12*40|
сантехника|Болт 12*50|
сантехника|Болт 12*60|
сантехника|Болт 12*70|
сантехника|Болт 12*80|
сантехника|Болт 12*90|
сантехника|Болт 14*50|
сантехника|Болт 14*70|
сантехника|Болт 14*90|
сантехника|Болт 16*50|
сантехника|Болт 20*50|
сантехника|Болт 5*30|
сантехника|Болт 5*50|
сантехника|Болт 6*100|
сантехника|Болт 6*16|
сантехника|Болт 6*20|
сантехника|Болт 6*25|
сантехника|Болт 6*30|
сантехника|Болт 6*40|
сантехника|Болт 6*40|
сантехника|Болт 6*50|
сантехника|Болт 6*60|
сантехника|Болт 6*70|
сантехника|Болт 6*80|
сантехника|Болт 8*100|
сантехника|Болт 8*100|
сантехника|Болт 8*120|
сантехника|Болт 8*16|
сантехника|Болт 8*160|
сантехника|Болт 8*160|
сантехника|Болт 8*20|
сантехника|Болт 8*25|
сантехника|Болт 8*30|
сантехника|Болт 8*30|
сантехника|Болт 8*40|
сантехника|Болт 8*50|
сантехника|Болт 8*60|
сантехника|Болт 8*70|
сантехника|Болт 8*80|
сантехника|Болт 8*80|
сантехника|Болт 8*80|
сантехника|Болт 8*90|
сантехника|болт анкерный Ø 10*100|
сантехника|болт анкерный Ø 10*112|
сантехника|болт анкерный Ø 10*132|
сантехника|болт анкерный Ø 10*150|
сантехника|болт анкерный Ø 10*150 с крючком|
сантехника|болт анкерный Ø 10*152|
сантехника|болт анкерный Ø 10*180|
сантехника|болт анкерный Ø 10*182|
сантехника|болт анкерный Ø 10*202|
сантехника|болт анкерный Ø 10*300|
сантехника|болт анкерный Ø 10*52|
сантехника|болт анкерный Ø 10*60|
сантехника|болт анкерный Ø 10*72|
сантехника|болт анкерный Ø 10*80|
сантехника|болт анкерный Ø 10*92|
сантехника|болт анкерный Ø 12*100|
сантехника|болт анкерный Ø 12*130|
сантехника|болт анкерный Ø 12*150|
сантехника|болт анкерный Ø 12*250|
сантехника|болт анкерный Ø 12*80|
сантехника|болт анкерный Ø 14*100|
сантехника|болт анкерный Ø 14*200|
сантехника|болт анкерный Ø 8*100|
сантехника|болт анкерный Ø 8*115|
сантехника|болт анкерный Ø 8*130|
сантехника|болт анкерный Ø 8*40|
сантехника|болт анкерный Ø 8*60|
сантехника|болт анкерный Ø 8*80|
сантехника|болт анкерный Ø 8*85|
сантехника|Болт мебель 10*80|
сантехника|Болт мебель 8*60|
сантехника|Винт 3*15|
сантехника|Винт 4*20|
сантехника|Винт 4*40|
сантехника|Винт 4*50|
сантехника|Винт 4*70|
сантехника|Винт 5*25|
сантехника|Винт 5*25|
сантехника|Винт 5*35|
сантехника|Винт 6*140|
сантехника|Винт 6*30|
сантехника|Винт 6*30|
сантехника|Винт 6*50|
сантехника|Винт 8*20|
сантехника|Винт 8*40|
сантехника|Винт 8*45|
сантехника|винт дерево 10*120|
сантехника|винт дерево 10*80|
сантехника|винт дерево 5*45|
сантехника|винт дерево 5*60|
сантехника|винт дерево 6*100|
сантехника|винт дерево 6*50|
сантехника|винт дерево 6*80|
сантехника|винт дерево 8*120|
сантехника|винт дерево 8*50|
сантехника|винт дерево 8*60|
сантехника|винт дерево 8*70|
сантехника|винт дерево 8*80|
сантехника|винт дерево 8*90|
сантехника|винт дор 10*140|
сантехника|винт дор 12*180|
сантехника|винт дор 40*180|
сантехника|винт дор 8*100|
сантехника|винт кровельный 4,8*19|
сантехника|винт мебель 10*120|
сантехника|винт мебель 10*120|
сантехника|винт мебель 10*60|
сантехника|винт мебель 5*16|
сантехника|винт мебель 5*20|
сантехника|винт мебель 5*50|
сантехника|винт мебель 5*70|
сантехника|винт мебель 6*16|
сантехника|винт мебель 6*20|
сантехника|винт мебель 6*20|
сантехника|винт мебель 6*30|
сантехника|винт мебель 6*40|
сантехника|Винт мебель 6*50 |
сантехника|винт мебель 6*50 с квадрат|
сантехника|винт мебель 6*60|
сантехника|Винт мебель 6*70 |
сантехника|винт мебель 6*80|
сантехника|винт мебель 8*30|
сантехника|винт мебель 8*40|
сантехника|Винт мебель 8*50 |
сантехника|винт мебель 8*60|
сантехника|винт мебель 8*70|
сантехника|винт мебель квадр 6*50|
сантехника|винт мебель квадр 8*100|
сантехника|Винт мебель квадр 8*50|
сантехника|Винт мебель квадр 8*50|
сантехника|винт мебель квадр 8*60|
сантехника|винт мебель квадр 8*60|
сантехника|винт мебель квадр 8*80|
сантехника|винт потайн 4*30|
сантехника|винт потайн 4*40|
сантехника|винт потайн 5*35|
сантехника|винт потайн 5*60|
сантехника|винт потайной 4*20|
сантехника|винт резьба 8*100|
сантехника|винт самосверл 3,9*25|
сантехника|винт самосверлящ 3,9*25|
сантехника|винт стяжн №10|
сантехника|винт стяжн №10|
сантехника|винт стяжн №6|
сантехника|Винт Turbo 10*35|
сантехника|Винт Turbo 7,5*112|
сантехника|Винт Turbo 7,5*132|
сантехника|Винт Turbo 7,5*72|
сантехника|Гайка внутренняя 2,5х2,5|
сантехника|гайка М-10|
сантехника|гайка М-4|
сантехника|гайка М-4|
сантехника|гайка М-5|
сантехника|гайка М-5|
сантехника|гайка М-6|
сантехника|гайка М-6 закрытая|
сантехника|гайка М-8|
сантехника|гайка М10|
сантехника|гайка М12|
сантехника|гайка М14|
сантехника|гайка М16|
сантехника|гайка М20|
сантехника|гайка фланец М-6|
сантехника|гайка фланец М-6|
сантехника|гайка фланец М-8|
сантехника|гайка фланец М-8|
сантехника|Гвозди 120|
сантехника|Гвозди 150|
сантехника|Гвозди 20|
сантехника|Гвозди 200|
сантехника|Гвозди 200|
сантехника|Гвозди 25|
сантехника|Гвозди 32|
сантехника|Гвозди 40|
сантехника|Гвозди 50|
сантехника|Гвозди 60|
сантехника|Гвозди 60|
сантехника|Гвозди 70|
сантехника|Гвозди 80|
сантехника|Гвозди 90|
сантехника|гвозди бел. Уп обивочные |
сантехника|гвозди золото уп обивочные|
сантехника|гвозди лидер|
сантехника|гвозди медь уп обивочные |
сантехника|гвозди медь уп обивочные |
сантехника|гвозди набор 16|
сантехника|гвозди набор 20|
сантехника|гвозди набор золото шляп|
сантехника|гвозди набор медный 20|
сантехника|гвозди набор медный 35|
сантехника|гвозди набор медный 40|
сантехника|гвозди набор медь 25|
сантехника|гвозди набор обычные|
сантехника|гвозди набор серебро|
сантехника|гвозди серебро уп обивочные |
сантехника|гвозди серебро уп обивочные |
сантехника|гвозди черные уп обивочные |
сантехника|гвозди шифер|
сантехника|гвоздь толевой|
сантехника|гвоздь толевой  80|
сантехника|гвоздь толевой 100|
сантехника|гвоздь толевой 120|
сантехника|гвоздь толевой 150|
сантехника|гвоздь толевой 200|
сантехника|гвоздь толевой 90|
сантехника|гвоздь шифер|
сантехника|гранбукса |
сантехника|гранбукса |
сантехника|гранбукса |
сантехника|гранбукса |
сантехника|гранбукса |
сантехника|гранбукса |
сантехника|гранбукса |
сантехника|гранбукса |
сантехника|гранбукса |
сантехника|гранбукса |
сантехника|гранбукса |
сантехника|гранбукса в сборе|
сантехника|гранбукса ремкомплект|
сантехника|гранбукса ремкомплект|
сантехника|гранбукса ремкомплект|
сантехника|гранбукса MF|
сантехника|гровер М-10|
сантехника|гровер М-5|
сантехника|гровер М-6|
сантехника|гровер М-8|
сантехника|Гровер М10|
сантехника|Гровер М12|
сантехника|Гровер М14|
сантехника|Гровер М16|
сантехника|Дюбель 5/110|
сантехника|дюбель для пенобетона 6*32|
сантехника|дюбель для пенобетона 8*60|
сантехника|дюбель моль 5*35|
сантехника|дюбель моль 6*37|
сантехника|Дюбель п/э 10*100|
сантехника|Дюбель п/э 10*115|
сантехника|Дюбель п/э 10*50|
сантехника|Дюбель п/э 10*50|
сантехника|Дюбель п/э 10*50|
сантехника|Дюбель п/э 10*60|
сантехника|Дюбель п/э 10*80|
сантехника|Дюбель п/э 10*80|
сантехника|Дюбель п/э 12*100|
сантехника|Дюбель п/э 12*60|
сантехника|Дюбель п/э 12*80|
сантехника|Дюбель п/э 12*80|
сантехника|Дюбель п/э 14*100|
сантехника|Дюбель п/э 14*70|
сантехника|Дюбель п/э 14*80|
сантехника|Дюбель п/э 6*35|
сантехника|Дюбель п/э 6*35|
сантехника|Дюбель п/э 6*35|
сантехника|Дюбель п/э 6*40|
сантехника|Дюбель п/э 6*40|
сантехника|Дюбель п/э 6*40|
сантехника|Дюбель п/э 8*30|
сантехника|Дюбель п/э 8*30|
сантехника|Дюбель п/э 8*30|
сантехника|Дюбель п/э 8*40|
сантехника|Дюбель п/э 8*50|
сантехника|Дюбель п/э 8*50|
сантехника|Дюбель п/э 8*50|
сантехника|Дюбель п/э 8*50|
сантехника|Дюбель10/110|
сантехника|заклепки Ø4,8х18|
сантехника|заклепки Ø4,8х19|
сантехника|заклепки Ø4,8х23|
сантехника|заклепки Ø4,8х26|
сантехника|заклепки Ø4,8х28|
сантехника|заклепки Ø4,8х30|
сантехника|заклепки Ø4х18|
сантехника|заклепки Ø4х19|
сантехника|заклепки Ø6х10|
сантехника|заклепки Ø6х12|
сантехника|заклепки Ø6х16|
сантехника|засов задвижка 100мм|
сантехника|засов задвижка 105*70|
сантехника|засов задвижка 105*70|
сантехника|засов задвижка 110*70|
сантехника|засов задвижка 120мм|
сантехника|засов задвижка 160мм|
сантехника|засов задвижка 180*90|
сантехника|засов задвижка 180мм|
сантехника|засов задвижка 400 мм|
сантехника|засов задвижка 75*60|
сантехника|засов задвижка квадрат|
сантехника|Камень точильный  набор |
сантехника|камень Luga  150*2,0|
сантехника|камень Luga  150*2,0|
сантехника|камень Luga  230*2,5|
сантехника|Камень Ring 125*2,0|
сантехника|Камень Ring 230*2|
сантехника|Конек (165 мм)|
сантехника|Конек оцинк 2 метровый |
сантехника|Конек оцинк с зажимом|
сантехника|Конек с бортиком|
сантехника|Конек фигурный|
сантехника|коронка по бетону Ø65|
сантехника|кровля по металу 4,8*19|
сантехника|кровля по металу 4,8*25|
сантехника|кровля по металу 4,8*35|
сантехника|кровля по металу 5,5*25|
сантехника|круг наждачный с.|
сантехника|Круг отрез запорожье|
сантехника|Круг Luga отрез|
сантехника|крючки на карниз|
сантехника|Крючок 10*100|
сантехника|Крючок 10*120 L|
сантехника|Крючок 10*120 L|
сантехника|Крючок 10*130 L|
сантехника|Крючок 10*140 C|
сантехника|Крючок 10*80 L|
сантехника|Крючок 4*40 L|
сантехника|Крючок 5*40 L|
сантехника|Крючок 5*50 L|
сантехника|Крючок 6*100 C|
сантехника|Крючок 6*100 L|
сантехника|Крючок 6*60 L|
сантехника|Крючок 6*80 L|
сантехника|Крючок 8*100 C|
сантехника|Крючок 8*100 L|
сантехника|Крючок 8*120|
сантехника|Крючок 8*60 L|
сантехника|Крючок 8*80|
сантехника|лед панель,квадрат|
сантехника|лед панель,круг|
сантехника|леденец|
сантехника|лезвия строительные по шт|
сантехника|Лепесток Intertool  125*22|
сантехника|Лепесток Novo abrasive 125*22,2|
сантехника|Лепесток Ring 125*22,2|
сантехника|Масса 400|
сантехника|Масса 500|
сантехника|Масса 500|
сантехника|метчик Ø 10|
сантехника|метчик Ø 10|
сантехника|метчик Ø 10|
сантехника|метчик Ø 14|
сантехника|метчик Ø 4|
сантехника|метчик Ø 5|
сантехника|метчик Ø 6|
сантехника|набор сверл по бетону|
сантехника|навес метал 110|
сантехника|навес метал 130|
сантехника|навес метал 85|
сантехника|навес оцинк 85|
сантехника|навес стрела б|
сантехника|навес стрела м|
сантехника|навес стрела с|
сантехника|навес точеный 16-тий|
сантехника|навес точеный 18-тий|
сантехника|навес точеный 20-тий|
сантехника|навес точеный 25-тий|
сантехника|навес точеный 30-тий|
сантехника|навес точечный  16|
сантехника|навес точечный  18|
сантехника|навес точечный  20|
сантехника|навес точечный  25|
сантехника|навес точечный  30|
сантехника|номерок больш|
сантехника|номерок мален |
сантехника|остатки фриза 105/70|
сантехника|остатки фриза 613/80|
сантехника|остатки фриза 706/40|
сантехника|Отрез Запорожье 150*2,0|
сантехника|Отрез Запорожье 230*2,0|
сантехника|Отрез Ataman шлиф 125*6,0|
сантехника|отрез Ataman125*1,0|
сантехника|отрез Ataman125*1,2|
сантехника|отрез Ataman125*1,6|
сантехника|отрез Ataman150*1,6|
сантехника|отрез Ataman150*2,0|
сантехника|отрез Ataman150*2,0|
сантехника|отрез Ataman180*1,6|
сантехника|отрез Ataman230*2,0|
сантехника|отрез Ataman230*2,0|
сантехника|отрез Dnipro  125*1,2|
сантехника|отрез Dnipro  125*1,2|
сантехника|отрез Dnipro  150*1,6|
сантехника|Отрез Dnipro 125*1,6|
сантехника|Отрез Dnipro 230*2,0|
сантехника|отрез Hauer 125*1,2|
сантехника|отрез Hauer 150*1,6|
сантехника|Отрез Kronenflex 180*3 |
сантехника|Отрез Luga 150*1,6|
сантехника|отрез Novo abrasive   125*1,0|
сантехника|отрез Novo abrasive   125*1,2|
сантехника|отрез Novo abrasive   150*1,6|
сантехника|Отрез Polax 125*1,2|
сантехника|отрез Ring   230*2|
сантехника|отрез Ring   230*2,5|
сантехника|отрез Ring  115*1,0|
сантехника|отрез Ring  125*1,0|
сантехника|отрез Ring  125*1,6|
сантехника|отрез Ring  125*2,0|
сантехника|отрез Ring  125*3,0|
сантехника|отрез Ring  150*1,6|
сантехника|отрез Ring  150*2,0|
сантехника|отрез Ring  180*1,6|
сантехника|отрез Ring  180*2,0|
сантехника|отрез Ring  круг 230*1,8|
сантехника|отрез Ring  круг 230*2|
сантехника|отрез Sigma  125*1,2|
сантехника|отрез Sigma  125*1,2|
сантехника|отрез Sigma  150*1,6|
сантехника|оцинк проф лист 2м|
сантехника|П-обраст 100|
сантехника|П-обраст 125|
сантехника|П-обраст длинный500|
сантехника|П-обраст сред 300|
сантехника|Патриот 125*1,4|
сантехника|Патриот отрез 180*2,0|
сантехника|Перо 10*150|
сантехника|Перо 10*150|
сантехника|Перо 12|
сантехника|Перо 12|
сантехника|Перо 12*150|
сантехника|Перо 12*150|
сантехника|Перо 14*160|
сантехника|Перо 16|
сантехника|Перо 16*160|
сантехника|Перо 18*160|
сантехника|Перо 20|
сантехника|Перо 22*160|
сантехника|Перо 25|
сантехника|Перо 25*160|
сантехника|Перо 30|
сантехника|Перо 32|
сантехника|Перо 32*150|
сантехника|Перо 35|
сантехника|Перо 45|
сантехника|Перо 8,0|
сантехника|перо по дереву 40 мм|
сантехника|перо по дереву 40 мм|
сантехника|перо по дереву 45 мм|
сантехника|перо по дереву 50 мм|
сантехника|Петля 50 мм|
сантехника|петля меб №2|
сантехника|петля меб №3|
сантехника|петля под шкаф|
сантехника|петля ровн 40х100|
сантехника|петля ровн 65 мм|
сантехника|петля рояльная 0,5|
сантехника|петля углов 40х100|
сантехника|петля углов 40х100|
сантехника|Петля №50|
сантехника|плашка М-6|
сантехника|Подшипник 902|
сантехника|Порожек 0,9|
сантехника|Порожек 0,9 алюминий|
сантехника|Порожек 0,9 алюминий|
сантехника|Порожек 0,9 алюминий|
сантехника|Порожек 1,8 16 Ам|
сантехника|Порожек 1,8 алюм |
сантехника|Порожек 1,8 алюм  |
сантехника|Порожек 1,8 алюм  |
сантехника|Порожек 1,8 алюм  1А(м)|
сантехника|Порожек 1,8 алюм  5А(м)|
сантехника|Порожек 1,8 алюм  5А(м)|
сантехника|Порожек 1,8 алюминий|
сантехника|Порожек 1,8 алюминий|
сантехника|Порожек 1м  пласт|
сантехника|порожек 2м пластик|
сантехника|Порожек алюм 0,8|
сантехника|Порожек алюм 0,9 16 А(м)|
сантехника|Порожек алюм 0,9 16 А(м)|
сантехника|Порожек алюм 2,5|
сантехника|прес шайба 4,8*14|
сантехника|прес шайба М-6|
сантехника|пресшайба М-6|
сантехника|проволка вязан 0,8 сер|
сантехника|проволка вязан 1,8 черн|
сантехника|профиль СД 3м|
сантехника|Профиль СД 3м|
сантехника|Профиль СД 3м|
сантехника|Профиль СД 3м|
сантехника|профиль CW-100|
сантехника|профиль CW-50|
сантехника|профиль CW-75|
сантехника|профиль VW-100|
сантехника|профиль VW-50|
сантехника|профиль VW-75|
сантехника|Профнастил 1,5 вишня|
сантехника|Профнастил 1,5 зеленый|
сантехника|Профнастил 1,5 коричневый|
сантехника|Профнастил 1,5 синий|
сантехника|Профнастил 1,7 вишня|
сантехника|Профнастил 1,7 зеленый|
сантехника|Профнастил 2 вишня|
сантехника|Профнастил 2 зеленый|
сантехника|Профнастил 2 коричневый|
сантехника|пружина внутр МП 16|
сантехника|пружина внутр МП 20|
сантехника|пружина дверная|
сантехника|пружина мет трубы|
сантехника|пружина на двери |
сантехника|пули|
сантехника|ролик дверной|
сантехника|саморез бел 2,5*16|
сантехника|саморез бел 3,5*25|
сантехника|саморез бел 3*30|
сантехника|саморез клоп 3,5*9,5 белый|
сантехника|саморез клоп 3,5*9,5 черн|
сантехника|саморез кровель зел 4,8*35|
сантехника|саморез кровель кор 4,8*35|
сантехника|саморез кровельн 4,6*19 |
сантехника|саморез кровельн 4,8*19 вишня|
сантехника|саморез кровельн 4,8*19 зелен|
сантехника|саморез кровельн 4,8*19 корич|
сантехника|саморез кровельн 4,8*19 синий|
сантехника|саморез кровельн 4,8*25|
сантехника|саморез кровельн 4,8*25ореш|
сантехника|саморез кровельн 4,8*32*19 |
сантехника|саморез кровельн 4,8*35 |
сантехника|саморез кровельн 4,8*35 |
сантехника|саморез кровельн 4,8*35 зелен|
сантехника|саморез кровельн 4,8*35ор|
сантехника|саморез кровельн 4,8*50 |
сантехника|саморез кровельн 4,8*80 ор|
сантехника|саморез кровельн 5,5*50|
сантехника|саморез кровельн 5,54*25 виш|
сантехника|саморез кровельн 5,54*25 зелен|
сантехника|саморез кровельн 5,54*25 синий|
сантехника|саморез кровельн бел 4,8*35|
сантехника|саморез кровельн вишня 4,8*19|
сантехника|саморез кровельн вишня 4,8*25|
сантехника|саморез кровельн вишня 4,8*35|
сантехника|саморез кровельн корич 4,8*19|
сантехника|саморез кровельн корич 4,8*35|
сантехника|саморез кровельн сер 4,8*19|
сантехника|саморез кровельн сер 4,8*25|
сантехника|саморез кровельн синий 4,8*19|
сантехника|саморез кровельн синий 4,8*25|
сантехника|саморез кровельн синий 4,8*35|
сантехника|саморез кровельные 4,8*19|
сантехника|саморез кровельные 4,8*35|
сантехника|саморез кровельные 4,8*36|
сантехника|саморез кровельный 4,8*38|
сантехника|саморез кровельный 4,8*70|
сантехника|саморез кровельный 4,8*90|
сантехника|саморез ПШ 4,2*14|
сантехника|саморез ПШ 4,2*32|
сантехника|Саморез ПШ бел 4,2*13|
сантехника|Саморез ПШ бел 4,2*16|
сантехника|Саморез ПШ бел 4,2*16|
сантехника|Саморез ПШ бел 4,2*19|
сантехника|Саморез ПШ бел 4,2*25|
сантехника|Саморез ПШ бел 4,2*32|
сантехника|Саморез ПШ бел 4,2*41|
сантехника|Саморез ПШ бел 4,2*51|
сантехника|Саморез ПШ с шестигран головкой 4,8*35|
сантехника|Саморез ПШ с шестигран головкой 4,8*70|
сантехника|Саморез ПШ черн 4,2*13|
сантехника|Саморез ПШ черн 4,2*13|
сантехника|Саморез ПШ черн 4,2*16|
сантехника|Саморез ПШ черн 4,2*16|
сантехника|Саморез ПШ черн 4,2*19|
сантехника|Саморез ПШ черн 4,2*19|
сантехника|Саморез ПШ черн 4,2*19|
сантехника|Саморез ПШ черн 4,2*19|
сантехника|Саморез ПШ черн 4,2*25|
сантехника|Саморез ПШ черн 4,2*25|
сантехника|Саморез ПШ черн 4,2*25|
сантехника|Саморез ПШ черн 4,2*32|
сантехника|Саморез ПШ черн 4,2*32|
сантехника|саморез универс желт 3,5*30|
сантехника|саморез универс желт 4*50|
сантехника|саморез универс желт 5*30|
сантехника|саморез универс желт 5*40|
сантехника|саморез универс желт 5*80|
сантехника|саморез универс желт 6*100|
сантехника|саморез универс желт 6*60|
сантехника|саморез универс желт 6*80|
сантехника|сверло бур  10*110|
сантехника|сверло бур  10*110|
сантехника|сверло бур  12*110|
сантехника|сверло бур  12*160|
сантехника|сверло бур  12*210|
сантехника|сверло бур  12*260|
сантехника|сверло бур  12*600|
сантехника|сверло бур  16*210|
сантехника|сверло бур  5*10|
сантехника|сверло бур  8*210|
сантехника|Сверло бур 10х110 мм|
сантехника|Сверло бур 10х160 мм|
сантехника|Сверло бур 10х160 мм|
сантехника|Сверло бур 10х210 мм|
сантехника|Сверло бур 10х210 мм|
сантехника|Сверло бур 10х210 мм|
сантехника|Сверло бур 10х260 мм|
сантехника|Сверло бур 10х260 мм|
сантехника|Сверло бур 12х160 мм|
сантехника|Сверло бур 12х160 мм|
сантехника|Сверло бур 12х210 мм|
сантехника|Сверло бур 12х260 мм|
сантехника|Сверло бур 12х310 мм|
сантехника|Сверло бур 12х310 мм|
сантехника|Сверло бур 14х160 мм|
сантехника|Сверло бур 14х210 мм|
сантехника|Сверло бур 14х260 мм|
сантехника|Сверло бур 14х260 мм|
сантехника|Сверло бур 14х260 мм|
сантехника|Сверло бур 14х260 мм|
сантехника|Сверло бур 14х310 мм|
сантехника|Сверло бур 16х800 мм|
сантехника|Сверло бур 5х160 мм|
сантехника|Сверло бур 6х110 мм|
сантехника|Сверло бур 6х110 мм|
сантехника|Сверло бур 6х110 мм|
сантехника|Сверло бур 6х110 мм|
сантехника|Сверло бур 6х110 мм|
сантехника|Сверло бур 6х150 мм|
сантехника|Сверло бур 6х160 мм|
сантехника|Сверло бур 6х210 мм|
сантехника|Сверло бур 6х210 мм|
сантехника|Сверло бур 6х260 мм|
сантехника|Сверло бур 6х260 мм|
сантехника|Сверло бур 6х260 мм|
сантехника|Сверло бур 6х260 мм|
сантехника|Сверло бур 6х300 мм|
сантехника|Сверло бур 6х310 мм|
сантехника|Сверло бур 8х110 мм|
сантехника|Сверло бур 8х110 мм|
сантехника|Сверло бур 8х110 мм|
сантехника|Сверло бур 8х160 мм|
сантехника|Сверло бур 8х160 мм|
сантехника|Сверло бур 8х210 мм|
сантехника|Сверло бур 8х210 мм|
сантехника|Сверло бур 8х260 мм|
сантехника|Сверло бур 8х310 мм|
сантехника|Сверло бур 8х460 мм|
сантехника|сверло коронка d 65|
сантехника|сверло мет Q  2,5|
сантехника|сверло мет Q 1,0|
сантехника|сверло мет Q 1,2|
сантехника|сверло мет Q 1,2|
сантехника|сверло мет Q 1,2|
сантехника|сверло мет Q 1,5|
сантехника|сверло мет Q 1,5|
сантехника|сверло мет Q 1,8|
сантехника|сверло мет Q 10,0|
сантехника|сверло мет Q 10,0|
сантехника|сверло мет Q 10,0|
сантехника|сверло мет Q 10,5|
сантехника|сверло мет Q 11,0|
сантехника|сверло мет Q 11,5|
сантехника|сверло мет Q 12,0|
сантехника|сверло мет Q 12,5|
сантехника|сверло мет Q 13,0|
сантехника|сверло мет Q 14,0|
сантехника|сверло мет Q 15,0|
сантехника|сверло мет Q 16,0|
сантехника|сверло мет Q 2,0|
сантехника|сверло мет Q 2,2|
сантехника|сверло мет Q 2,5|
сантехника|сверло мет Q 2,5|
сантехника|сверло мет Q 2,6|
сантехника|сверло мет Q 2,8|
сантехника|сверло мет Q 3,0|
сантехника|сверло мет Q 3,0|
сантехника|сверло мет Q 3,0|
сантехника|сверло мет Q 3,1|
сантехника|сверло мет Q 3,2|
сантехника|сверло мет Q 3,2|
сантехника|сверло мет Q 3,2|
сантехника|сверло мет Q 3,3|
сантехника|сверло мет Q 3,3|
сантехника|сверло мет Q 3,5|
сантехника|сверло мет Q 3,5|
сантехника|сверло мет Q 3,5|
сантехника|сверло мет Q 3,5|
сантехника|сверло мет Q 3,6|
сантехника|сверло мет Q 3,7|
сантехника|сверло мет Q 3,7|
сантехника|сверло мет Q 3,8|
сантехника|сверло мет Q 3,8|
сантехника|сверло мет Q 3,9|
сантехника|сверло мет Q 3,9|
сантехника|сверло мет Q 3,9|
сантехника|сверло мет Q 4,0|
сантехника|сверло мет Q 4,0|
сантехника|сверло мет Q 4,0|
сантехника|сверло мет Q 4,0|
сантехника|сверло мет Q 4,1|
сантехника|сверло мет Q 4,1|
сантехника|сверло мет Q 4,2|
сантехника|сверло мет Q 4,2|
сантехника|сверло мет Q 4,3|
сантехника|сверло мет Q 4,3|
сантехника|сверло мет Q 4,4|
сантехника|сверло мет Q 4,4|
сантехника|сверло мет Q 4,5|
сантехника|сверло мет Q 4,5|
сантехника|сверло мет Q 4,7|
сантехника|сверло мет Q 4,8|
сантехника|сверло мет Q 4,9|
сантехника|сверло мет Q 4,9|
сантехника|сверло мет Q 5,0|
сантехника|сверло мет Q 5,0|
сантехника|сверло мет Q 5,0|
сантехника|сверло мет Q 5,0|
сантехника|сверло мет Q 5,1|
сантехника|сверло мет Q 5,1|
сантехника|сверло мет Q 5,2|
сантехника|сверло мет Q 5,5|
сантехника|сверло мет Q 5,5|
сантехника|сверло мет Q 5,8|
сантехника|сверло мет Q 6,0|
сантехника|сверло мет Q 6,0|
сантехника|сверло мет Q 6,0|
сантехника|сверло мет Q 6,0|
сантехника|сверло мет Q 6,2|
сантехника|сверло мет Q 6,2|
сантехника|сверло мет Q 6,5|
сантехника|сверло мет Q 6,5|
сантехника|сверло мет Q 6,7|
сантехника|сверло мет Q 6,7|
сантехника|сверло мет Q 6,8|
сантехника|сверло мет Q 7,0|
сантехника|сверло мет Q 7,0|
сантехника|сверло мет Q 7,0|
сантехника|сверло мет Q 7,2|
сантехника|сверло мет Q 7,5|
сантехника|сверло мет Q 7,5|
сантехника|сверло мет Q 8,0|
сантехника|сверло мет Q 8,0|
сантехника|сверло мет Q 8,0|
сантехника|сверло мет Q 8,2|
сантехника|сверло мет Q 8,5|
сантехника|сверло мет Q 8,5|
сантехника|сверло мет Q 9,0|
сантехника|сверло мет Q 9,5|
сантехника|сверло мет Q 9,8|
сантехника|сверло по бетону набор|
сантехника|сверло по бетону Q 10*200|
сантехника|сверло по бетону Q 6*150|
сантехника|сверло по бетону Q 6*200|
сантехника|сверло по бетону Q 8*200|
сантехника|сверло по гипсу набор|
сантехника|сверло по дереву  бет Q 10*16|
сантехника|сверло по дереву 8,0|
сантехника|сверло по дереву бет Q 10|
сантехника|сверло по дереву Q 10*120|
сантехника|сверло по дереву Q 10*120|
сантехника|сверло по дереву Q 10*120|
сантехника|сверло по дереву Q 10*120|
сантехника|сверло по дереву Q 10*120|
сантехника|сверло по дереву Q 10*120|
сантехника|сверло по дереву Q 10*150|
сантехника|сверло по дереву Q 10*300|
сантехника|сверло по дереву Q 12*150|
сантехника|сверло по дереву Q 12*150|
сантехника|сверло по дереву Q 12*200|
сантехника|сверло по дереву Q 12*200|
сантехника|сверло по дереву Q 12*200|
сантехника|сверло по дереву Q 12*210|
сантехника|сверло по дереву Q 12*300|
сантехника|сверло по дереву Q 4*75|
сантехника|сверло по дереву Q 5,0|
сантехника|сверло по дереву Q 5*85|
сантехника|сверло по дереву Q 5*85|
сантехника|сверло по дереву Q 6|
сантехника|сверло по дереву Q 6|
сантехника|сверло по дереву Q 6,0|
сантехника|сверло по дереву Q 6*100|
сантехника|сверло по дереву Q 6*150|
сантехника|сверло по дереву Q 6*200|
сантехника|сверло по дереву Q 6*200|
сантехника|сверло по дереву Q 6*300|
сантехника|сверло по дереву Q 7*100|
сантехника|сверло по дереву Q 8*110|
сантехника|сверло по дереву Q 8*110|
сантехника|сверло по дереву Q 8*120|
сантехника|сверло по дереву Q 8*120|
сантехника|сверло по дереву Q 8*150|
сантехника|сверло по дереву Q 8*150|
сантехника|сверло по дереву Q 8*300|
сантехника|сверло по дереву Q 8*300|
сантехника|сверло по дереву Q 8*300|
сантехника|сверло по дереву Q 800|
сантехника|сверло по плитке Балеринка |
сантехника|сверло по плитке Ø8|
сантехника|сверло по плитке Ø8|
сантехника|СД профиль 3|
сантехника|сетка затирочная|
сантехника|Сетка пластиковая тонкая 13х13|
сантехника|Сетка пластиковая тонкая 15х15|
сантехника|Сетка пластиковая тонкая 20х20|
сантехника|Сетка просечка 17х40|
сантехника|Сетка просечка 17х40|
сантехника|Сетка просечка оцинк 17х40|
сантехника|Сетка сварная оцинк 12х12|
сантехника|Сетка сварная оцинк 25х25|
сантехника|Сетка сварная оцинк 50х25|
сантехника|Сетка сварная оцинк 5х5|
сантехника|сетка cварнаz 10*10 1-2м|
сантехника|сетка cварнаz 5*5 1-2м|
сантехника|Скоба 10 мм|
сантехника|Скоба 10 мм|
сантехника|Скоба 11,3х12 мм|
сантехника|Скоба 11,3х12 мм|
сантехника|Скоба 11,3х14 мм|
сантехника|Скоба 11,3х14 мм|
сантехника|Скоба 11,3х14 мм|
сантехника|Скоба 14 мм|
сантехника|Скоба 4 мм|
сантехника|Скоба 6 мм|
сантехника|Скоба 6 мм|
сантехника|Скоба 6 мм|
сантехника|Скоба 6 мм|
сантехника|Скоба 8 мм|
сантехника|Скоба 8 мм|
сантехника|соединитель планка №8|
сантехника|спица D 10*1м|
сантехника|спица D 12*1м|
сантехника|спица D 14*1м|
сантехника|спица D 16*1м|
сантехника|спица D 4*1м|
сантехника|спица D 5*1м|
сантехника|спица D 6*1м|
сантехника|спица D 8*1м|
сантехника|угол мебельный  № 55х50|
сантехника|угол мебельный  №10 40х40|
сантехника|угол мебельный  №120 61х60|
сантехника|угол мебельный  №125 62х48|
сантехника|угол мебельный  №135 70х60|
сантехника|угол мебельный  №2 25х15|
сантехника|угол мебельный  №20 25х20|
сантехника|угол мебельный  №220 110х60|
сантехника|угол мебельный  №30|
сантехника|угол мебельный  №37 25х37|
сантехника|угол мебельный  №4 20х40|
сантехника|угол мебельный  №40 25х20|
сантехника|угол мебельный  №6 60х20|
сантехника|угол мебельный  №75|
сантехника|угол мебельный  №8 80х20|
сантехника|угол мебельный №      55*50|
сантехника|угол мебельный №     40*20|
сантехника|угол мебельный №     40*60|
сантехника|угол мебельный №10 40*40|
сантехника|угол мебельный №122 61*60|
сантехника|угол мебельный №125 62*48|
сантехника|угол мебельный №135 70*60|
сантехника|угол мебельный №2|
сантехника|угол мебельный №220 110*60|
сантехника|угол мебельный №37 25*37|
сантехника|угол мебельный №40|
сантехника|угол мебельный №75|
сантехника|угол мебельный №8 20*80|
сантехника|угол наружный дерев 30|
сантехника|угол наружный дерев 45|
сантехника|угол оконный 100 мм|
сантехника|угол оконный 50 мм|
сантехника|угол оконный 75 мм|
сантехника|угол фриза|
сантехника|УД профиль 3м|
сантехника|Фриз 01/25|
сантехника|Фриз 04/50|
сантехника|Фриз 06/30|
сантехника|Фриз 06507|
сантехника|Фриз 06509|
сантехника|Фриз 07/50|
сантехника|Фриз 10/20|
сантехника|Фриз 101/80|
сантехника|Фриз 15/35|
сантехника|Фриз 15/40|
сантехника|Фриз 19/40|
сантехника|Фриз 20031/35|
сантехника|Фриз 203/60|
сантехника|Фриз 70/35|
сантехника|Фриз 714/75|
сантехника|Фриз 719/45|
сантехника|хвостовик для ,,,, 110см|
сантехника|цепь Ø3 |
сантехника|цепь Ø3 оцинк|
сантехника|цепь Ø5|
сантехника|цепь Ø6|
сантехника|цепь Ø8|
сантехника|Шайба 10*20|
сантехника|Шайба 10*30|
сантехника|Шайба 10*37|
сантехника|Шайба 12*30|
сантехника|Шайба 12*45|
сантехника|Шайба 14*30|
сантехника|Шайба 14*44|
сантехника|Шайба 16*30|
сантехника|Шайба 16*30|
сантехника|Шайба 16*50|
сантехника|Шайба 8*16|
сантехника|Шайба 8*22|
сантехника|Шайба 8*27|
сантехника|Шайба 8*80|
сантехника|шайба М 10*30|
сантехника|шайба М 4*12|
сантехника|шайба М 5*12|
сантехника|шайба М 6*12|
сантехника|шайба М 6*18|
сантехника|шайба М 6*22|
сантехника|шайба М 6*30|
сантехника|шайба М 6*30|
сантехника|шайба М 8*22|
сантехника|шайба М 8*22 утолщ|
сантехника|шайба М 8*24|
сантехника|шайба М 8*30|
сантехника|шайба М-10|
сантехника|шайба М-10*18|
сантехника|шайба М-10*20|
сантехника|шайба М-10*22 усилен|
сантехника|шайба М-10*22 усилен|
сантехника|шайба М-10*25|
сантехника|шайба М-10*30 тонкая|
сантехника|шайба М-8*22|
сантехника|шайба М-8*24|
сантехника|шайба М-8*30|
сантехника|шарик дверной|
сантехника|шарик дверной|
сантехника|шарошки набор |
сантехника|шлиф Luga 230*6|
сантехника|шлиф Luga 230*6|
сантехника|Шлиф Novo abrasive  150*6|
сантехника|Шлиф Novo abrasive  180*1,6|
сантехника|Шлиф Novo abrasive 180*2,0|
сантехника|Шлиф Novo abrasive 230*2,5|
сантехника|Шлиф Novo abrasive 230*6|
сантехника|шлиф Ring  115*6|
сантехника|шлиф Ring  125*6|
сантехника|шлиф Ring  150*6|
сантехника|шлиф Ring  150*6|
сантехника|шлиф Ring  180*6|
сантехника|Шлиф Ring 230*1,6|
сантехника|Шлиф Sigma 115|
сантехника|Шлиф Sigma 230*2|
сантехника|шлифRing 125*1,0|
сантехника|шуруп блоха бела бур 3,9*9,5|
сантехника|шуруп блоха черна остра  3,9*9,5|
сантехника|шуруп желтый 3,5*50|
сантехника|шуруп желтый 4*30|
сантехника|шуруп желтый 4*35|
сантехника|шуруп желтый 4*50|
сантехника|шуруп желтый 4*70|
сантехника|шуруп желтый 5*60|
сантехника|шуруп желтый 6*100|
сантехника|шуруп желтый 6*40|
сантехника|шуруп желтый 6*60|
сантехника|шуруп с шестигран головкой 4,8*19|
сантехника|шуруп с шестигран головкой 5,5*32|
сантехника|шуруп с шестигран головкой 5,5*50|
сантехника|Шуруп ТДN 6*40|
сантехника|шуруп универ желт 2,5*16|
сантехника|шуруп универ желт 2,5*30|
сантехника|шуруп универ желт 3,5*16|
сантехника|шуруп универ желт 3,5*30|
сантехника|шуруп универ желт 3,5*4*25|
сантехника|шуруп универ желт 4*16|
сантехника|Шуруп универ желт 4*20|
сантехника|шуруп универ желт 4*40|
сантехника|шуруп универ желт 5*30|
сантехника|шуруп универс 4*70|
сантехника|шуруп универс 5*60|
сантехника|шуруп универс 6*40|
сантехника|шуруп универс желтый 5*40|
сантехника|шуруп универс желтый 5*50|
сантехника|шуруп универс желтый 5*80|
сантехника|шуруп универс желтый 6*80|
сантехника|шуруп черн дер 3,5*19|
сантехника|шуруп черн дер 3,5*25|
сантехника|шуруп черн дер 3,5*25|
сантехника|шуруп черн дер 3,5*30|
сантехника|шуруп черн дер 3,5*30|
сантехника|шуруп черн дер 3,5*32|
сантехника|шуруп черн дер 3,5*35|
сантехника|шуруп черн дер 3,5*35|
сантехника|шуруп черн дер 3,5*40|
сантехника|шуруп черн дер 3,5*45|
сантехника|шуруп черн дер 3,5*45|
сантехника|шуруп черн дер 3,5*50|
сантехника|шуруп черн дер 3,5*55|
сантехника|шуруп черн дер 3,5*60|
сантехника|шуруп черн дер 3,9*70|
сантехника|шуруп черн дер 4,2*120|
сантехника|шуруп черн дер 4,2*120|
сантехника|шуруп черн дер 4,2*127|
сантехника|шуруп черн дер 4,2*152|
сантехника|шуруп черн дер 4,2*70|
сантехника|шуруп черн дер 4,2*75|
сантехника|шуруп черн дер 4,2*90|
сантехника|шуруп черн дер 4,8*90|
сантехника|шуруп черн дер3,5*19|
сантехника|шуруп черн дер3,5*25|
сантехника|шуруп черн дер3,5*30|
сантехника|шуруп черн дер3,5*35|
сантехника|шуруп черн дер3,5*40|
сантехника|шуруп черн дер3,5*45|
сантехника|шуруп черн дер3,5*50|
сантехника|шуруп черн дер3,5*50|
сантехника|шуруп черн дер3,5*55|
сантехника|шуруп черн дер3,5*60|
сантехника|шуруп черн дер3,9*65|
сантехника|шуруп черн дер3,9*70|
сантехника|шуруп черн дер3,9*75|
сантехника|шуруп черн дер3,9*80|
сантехника|шуруп черн дер3,9*80|
сантехника|шуруп черн дер3,9*90|
сантехника|шуруп черн мет  3,5*35|
сантехника|шуруп черн мет  3,5*40|
сантехника|шуруп черн мет  3,5*40|
сантехника|шуруп черн мет  3,5*55|
сантехника|шуруп черн мет  3,5*60|
сантехника|шуруп черн мет  4,2*70|
сантехника|шуруп черн мет  4,2*75|
сантехника|шуруп черн мет  4,8*100|
сантехника|шуруп черн мет  4,8*152|
сантехника|шуруп черн мет  4,8*80|
сантехника|шуруп черн мет  4,8*90|
сантехника|шуруп черн мет 3,5*25|
сантехника|шуруп черн мет 3,5*25|
сантехника|шуруп черн мет 3,5*35|
сантехника|шуруп черн мет 3,5*40|
сантехника|шуруп черн мет 3,5*45|
сантехника|шуруп черн мет 3,5*55|
сантехника|шуруп черн мет 3,5*60|
сантехника|шуруп черн мет 3,5*70|
сантехника|шуруп черн мет 3,5*75|
сантехника|шуруп черн мет 4,8*100|
сантехника|щечки на воду|
сантехника|Щлиф Novo abrasive 180*60|
сантехника|Щлиф Novo abrasive 230*20|
сантехника|электроды МАХ АНО21  1кг|
сантехника|электроды МАХ Ø3 1кг|
сантехника|Электроды Монолит 2 1 кг|
сантехника|Электроды Монолит 2,5 1 кг|
сантехника|Электроды Монолит 3 1 кг|
сантехника|Электроды Монолит 3 2,5 кг|
сантехника|Электроды Монолит 3 чугун|
сантехника|Электроды Монолит 4 1 кг|
сантехника|Электроды Монолит 4 2,5 кг|
сантехника|Электроды монолит постоян 3 кг|
сантехника|электроды монолит постоян Ø3 2,5кг|
сантехника|электроды монолит стандарт Ø3 1кг|
сантехника|электроды монолит стандарт Ø3 2,5кг|
сантехника|электроды монолит стандарт Ø4 1кг|
сантехника|электроды монолит стандарт Ø4 2,5кг|
сантехника|электроды монолит чугун Ø3 1кг|
сантехника|электроды монолит Ø2 0,5кг|
сантехника|электроды монолит Ø2 1кг|
сантехника|электроды монолит Ø3 1кг|
сантехника|электроды монолит Ø3 2,5кг|
сантехника|электроды монолит Ø4 1кг|
сантехника|электроды монолит Ø4 2,5кг|
сантехника|Электроды Стандарт 3 1кг|
сантехника|Электроды Стандарт 3 2,5кг|
сантехника|Электроды Стандарт 4 1кг|
сантехника|Электроды Стандарт 4 2,5кг|
сантехника|электроды d 3|
сантехника|электроды d 3,5|
сантехника|ящик поч корич|
сантехника|ящик поч серый|
