текстиль|иглы|для|
текстиль|иглы набор|
текстиль|Метр тряпчан|
текстиль|набор постели 1,5х сп|
текстиль|набор постели 2х сп|
текстиль|наволочка 70х70|
текстиль|нитки х/б цв|
текстиль|нитки х/б №10 черн,бел|
текстиль|нитки х/б №40|
текстиль|нитки х/б №40|
текстиль|носки жен теплые|
текстиль|носки муж теплые|
текстиль|носки муж тонкие|
текстиль|одеяло шерсть  1,5сп|
текстиль|одеяло шерсть  2сп|
текстиль|одеяло шерсть  евро|
текстиль|одеяло шерсть мех 1,5сп|
текстиль|одеяло шерсть мех 2сп|
текстиль|одеяло шерсть мех евро|
текстиль|одеяло шерсть силикон 1,5сп|
текстиль|одеяло шерсть силикон 2сп|
текстиль|Плед 1,5 сп|
текстиль|Пододеяльник 2 сп|
текстиль|подушка силик 70х70|
текстиль|подушка холаф 70х50|
текстиль|подушка холаф 70х70|
текстиль|полотенце банное|
текстиль|полотенце банное|
текстиль|полотенце банное|
текстиль|полотенце лицо мех|
текстиль|Простынь 1,5 сп|
текстиль|Простынь 2 сп|
текстиль|резинка х/б |
текстиль|резинка х/б |
текстиль|резинка х/б |
текстиль|резинка х/б толст|
текстиль|резинка хоз|
текстиль|сумка хоз 2|
текстиль|сумка хоз 3|
текстиль|тряпка д/пола|
текстиль|тряпка д/пола|
