электричество|адаптер под болгарку |
электричество|Батарейка 361А|
электричество|Батарейка 364|
электричество|Батарейка 370А|
электричество|Батарейка 393А|
электричество|батарейка Дюрасел  R-3|
электричество|батарейка Дюрасел  R-3|
электричество|батарейка Дюрасел  R-6|
электричество|батарейка мини GP|
электричество|батарейка мини Videx|
электричество|батарейка Наша сила  R-20|
электричество|батарейка Наша сила Крона|
электричество|батарейка Наша Сила Крона|
электричество|батарейка Наша сила пальч|
электричество|батарейка Наша сила пальч белая|
электричество|батарейка Наша сила R-14|
электричество|батарейка Наша сила R-20|
электричество|батарейка Наша сила R-3|
электричество|батарейка пальч Энергия|
электричество|батарейка пальч UFO|
электричество|Батарейка СR-2032|
электричество|батарейка таблет 36А|
электричество|батарейка таблетка А76|
электричество|Батарейка энергия А6-9|
электричество|батарейка Энергия мини |
электричество|батарейка Энергия пальч |
электричество|батарейка энергия AG-13|
электричество|батарейка CL-251  |
электричество|батарейка Delux 50110 |
электричество|батарейка DL-3204  |
электричество|батарейка DL-80  |
электричество|батарейка E-light  |
электричество|батарейка Feron 1723 |
электричество|батарейка GP 12v|
электричество|батарейка GP 12v|
электричество|Батарейка GP мини|
электричество|батарейка Gp мини |
электричество|батарейка GP A-76|
электричество|батарейка GP R-20|
электричество|батарейка Green R-20|
электричество|батарейка LemansLMS 5 |
электричество|батарейка Maxus мини |
электричество|батарейка Maxus мини белая|
электричество|батарейка Maxus пальчик|
электричество|батарейка Maxus пальчик белая|
электричество|батарейка Maxus R-20 |
электричество|батарейка Maxus R-20 белая|
электричество|батарейка Maxus R-20 красная|
электричество|батарейка Maxus R-3|
электричество|батарейка Maxus R-3 белая|
электричество|батарейка Maxus R-6|
электричество|батарейка Maxus R-6 белая|
электричество|батарейка Videx AG-13|
электричество|батарейка Videx AG-4|
электричество|батарейка Videx AG-5|
электричество|бра-лилия двойн большая|
электричество|бра-лилия двойн маленькая|
электричество|бра-лилия один|
электричество|бра-тюльпан один|
электричество|вентилятор бытовой Ø 100|
электричество|вентилятор бытовой Ø 100 с жалюз|
электричество|вентилятор бытовой Ø 120 с жалюз|
электричество|вилка евро|
электричество|вилка евро пласм|
электричество|вилка евро Luxel|
электричество|вилка колокольчик|
электричество|вилка колокольчик|
электричество|вилка косая|
электричество|вилка косая латунная|
электричество|вилка резиновая|
электричество|вилка Турция|
электричество|вилка Lezard|
электричество|вилка LUX|
электричество|вилка Luxel плоская|
электричество|выключатель  двойн внутрен ВЕТА|
электричество|выключатель  двойн наружн дешев|
электричество|выключатель  двойн Luxel|
электричество|выключатель  наруж дешев|
электричество|выключатель  один наруж LEX|
электричество|выключатель  c подсветкой Luxel|
электричество|выключатель двойн внутр  Luxel |
электричество|выключатель двойн внутр  Luxel |
электричество|выключатель двойн внутр  Luxel с подсвет|
электричество|выключатель двойн внутр  Luxel с подсвет|
электричество|выключатель двойн внутр  Luxel с подсвет|
электричество|выключатель двойн внутр  Viko с подсвет|
электричество|выключатель двойн внутр Luxel цветн|
электричество|выключатель двойн внутр Viko |
электричество|выключатель двойн внутр Viko каре с подсвет|
электричество|выключатель двойн наруж Luxel|
электричество|выключатель двойн наруж Luxel с подсвет|
электричество|выключатель двойн наруж Viko с подсвет|
электричество|выключатель один  внутрен  обычн|
электричество|выключатель один  внутрен ВЕТА|
электричество|выключатель один  внутрен с подсв|
электричество|выключатель один внутр  ELM|
электричество|выключатель один внутр  Lizard|
электричество|выключатель один внутр  Luxel|
электричество|выключатель один внутр  Luxel |
электричество|выключатель один внутр  Luxel с подсвет|
электричество|выключатель один внутр  Luxel цвет|
электричество|выключатель один внутр  Viko с подсвет|
электричество|выключатель один внутр Luxel|
электричество|выключатель один внутр Luxel цветн|
электричество|выключатель один внутр Viko |
электричество|выключатель один внутр Viko |
электричество|выключатель один внутр Viko |
электричество|выключатель один внутр Viko каре|
электричество|выключатель один наруж Luxel|
электричество|выключатель один наруж Luxel|
электричество|выключатель один наруж Viko|
электричество|выключатель один проход Viko|
электричество|выключатель один LXL|
электричество|выключатель одинар  наружный |
электричество|выключатель одинар  наружный Белорусь|
электричество|выключатель одинар  наружный Luxel|
электричество|Выключатель одинар  наружный Luxel улич|
электричество|выключатель одинарный наружный  белорусь|
электричество|выключатель проходной Viko|
электричество|выключатель с регулятором Luxel|
электричество|выключатель тройн внутр  Luxel |
электричество|выключатель тройн внутр Viko|
электричество|Выключатель тройн наружный Белорус|
электричество|выключатель тройной внутр  Luxel цвет|
электричество|гнездо|
электричество|головка для шуруповерта|
электричество|гребенка двойная|
электричество|гребенка одинарная|
электричество|датчик движения|
электричество|держатель ЛЕД ламп|
электричество|Електроспираль 0,8 кВт|
электричество|Електроспираль 1 кВт|
электричество|Електроспираль 1,2 кВт|
электричество|Електроспираль 1,5 кВт|
электричество|Електроспираль 1,8 кВт|
электричество|Електроспираль 1,8 кВт|
электричество|Електроспираль 2 кВт|
электричество|изолента 10м|
электричество|изолента 17м|
электричество|изолента 21м|
электричество|изолента 25м|
электричество|изолента 30м|
электричество|изолента 50м|
электричество|изолента авт|
электричество|изолента Мустанг 10м|
электричество|изолента Мустанг 20м|
электричество|изолента Мустанг 30м|
электричество|изолента Пвх 21м|
электричество|изолента х/б|
электричество|изолента ENEXT 10м|
электричество|изолента ENEXT 20м|
электричество|выключатель один проход Viko|
электричество|кабель АВВГ 2*14|
электричество|кабель АВВГ 2*16*13*6/1*4|
электричество|кабель АВВГ 2*2,5|
электричество|кабель АВВГ 2*4|
электричество|кабель АВВГ 2*6|
электричество|кабель АВВГ 3*600/1*4|
электричество|кабель АВВГ 4/3*10/1*6|
электричество|кабель АВВГ 4/3*16/1*10|
электричество|Кабель ГОСТ 2х2,5|
электричество|кабель крепление 20|
электричество|кабель крепление елочка 6|
электричество|кабель ТВ  деш|
электричество|кабель ТВ медь|
электричество|кабель телевиз 100м|
электричество|кабель телевиз 100м|
электричество|катушка на бензокосу|
электричество|катушка на бензокосу|
электричество|кипятильник 0,5 квт|
электричество|кипятильник 0,5 квт|
электричество|кипятильник 0,7 квт|
электричество|кипятильник 1,5 квт|
электричество|кипятильник 2 квт|
электричество|клемники 10мм|
электричество|клемники 12мм|
электричество|клемники 12мм|
электричество|клемники 16мм|
электричество|клемники 4мм|
электричество|клемники 6мм|
электричество|клемники 6мм|
электричество|клемники 8мм|
электричество|ключ для зажима дрель (б)|
электричество|ключ для зажима дрель (м)|
электричество|ключ на болгарку |
электричество|ключ на дрель ( большой)|
электричество|кнопка бра|
электричество|кнопка бра|
электричество|кнопка бра|
электричество|кнопка бра|
электричество|кнопка двойная|
электричество|кнопка для бра|
электричество|кнопка для бра|
электричество|кнопка звонка|
электричество|кнопка пусковая ПВ-220|
электричество|кнопка электр |
электричество|кнопка электр один|
электричество|кнопка электр пускателя|
электричество|Колодка 2-я VRART|
электричество|Колодка 3-я дешев|
электричество|Колодка 3-я карбон|
электричество|Колодка 3-я GLINSAN|
электричество|Колодка 3-я LEZA|
электричество|Колодка 3-я LUXEL|
электричество|Колодка 4-я без заземлен|
электричество|Колодка 4-я с заземлен|
электричество|Колодка 4-я LUXEL|
электричество|колодка карболит трогйн черн|
электричество|колодка SVitex3-я земля|
электричество|короб для пров 15*5|
электричество|короб для пров 25*10|
электричество|короб для пров 40*10|
электричество|короб для пров 40*25|
электричество|короб под пров|
электричество|коробка под автомат 1-2 шт наруж|
электричество|коробка под автомат 1-2 шт наруж с крыш|
электричество|коробка под автомат 2 без крышки|
электричество|коробка под автомат 2 с крышкой|
электричество|коробка под автомат 3-4 наруж|
электричество|коробка под автомат 3-4 с крышкой наруж|
электричество|коробка под автомат 4-6|
электричество|коробка под автомат 4-6шт внут|
электричество|коробка под автомат 8шт внутр|
электричество|коробка разводн Внутр 100|
электричество|коробка разводн Внутр 100 квадр|
электричество|коробка разводн Внутр 100 под гипс|
электричество|коробка разводн Внутрен 80|
электричество|коробка разводн наружн|
электричество|коробка разводн уличная|
электричество|коробка разводная внутр 80|
электричество|коробка разводная под гипс|
электричество|крепеж бабочка 8*50|
электричество|лампа 12Вт дн|
электричество|лампа 4Вт дн|
электричество|лампа 8Вт дн|
электричество|лампа ДРЛ|
электричество|лампа красн 150вт|
электричество|лампа красн 250вт|
электричество|лампа люминисцентная 18 Вт |
электричество|лампа люминисцентная 30 Вт |
электричество|лампа люминисцентная 36 Вт |
электричество|Лампа настольная|
электричество|лампа СД эконом |
электричество|лампа LED мебельная 8 Вт|
электричество|лампочка  24в|
электричество|лампочка  36в|
электричество|лампочка 100 вт|
электричество|лампочка 100вт|
электричество|лампочка 12в|
электричество|лампочка 150вт|
электричество|лампочка 150вт|
электричество|лампочка 200вт|
электричество|лампочка 200вт|
электричество|лампочка 24в|
электричество|лампочка 300в|
электричество|лампочка 300вт Е-27|
электричество|лампочка 300вт Е-40|
электричество|лампочка 300вт Е-40|
электричество|лампочка 36в|
электричество|лампочка 40 вт ,60 вт Белорусь|
электричество|лампочка 40вт|
электричество|лампочка 40вт|
электричество|лампочка 40вт белор|
электричество|лампочка 500вт|
электричество|лампочка 500вт|
электричество|лампочка 6-9 12в|
электричество|лампочка 60вт|
электричество|лампочка 60вт |
электричество|лампочка 60вт белор|
электричество|лампочка 75вт|
электричество|лампочка 8вт|
электричество|лампочка в фонарик|
электричество|лампочка в холод 15 вт|
электричество|лампочка в холод 15 вт|
электричество|лампочка в холод 15 вт|
электричество|лампочка в холод 15 вт искра|
электричество|лампочка в холодильник|
электричество|лампочка галоген 12в|
электричество|лампочка галоген MR-16|
электричество|лампочка галоген R-39 40 вт|
электричество|лампочка галоген R-50 60 вт|
электричество|лампочка галоген R-63 60 вт|
электричество|лампочка дн свет 11 вт|
электричество|лампочка дн свет 13 вт|
электричество|лампочка дн свет 13 вт|
электричество|лампочка дн свет 8 вт|
электричество|лампочка дневного света|
электричество|лампочка дросельная|
электричество|лампочка ЕСО 15 вт|
электричество|лампочка зеркало 150 вт|
электричество|лампочка красная 250вт|
электричество|лампочка Кристал 10 вт|
электричество|лампочка Наша сила 7 вт свеча|
электричество|лампочка Наша сила 7 вт шар|
электричество|лампочка Наша сила R-39 3 вт|
электричество|лампочка Наша сила R-50 5 вт|
электричество|лампочка Наша сила R-50 6 вт|
электричество|лампочка Наша сила R-50 7 вт|
электричество|лампочка свеча 40|
электричество|лампочка свеча 40вт|
электричество|лампочка свеча Е27/25|
электричество|лампочка свеча Е27/60|
электричество|лампочка шарик 25 Е27|
электричество|лампочка шарик 40|
электричество|лампочка шарик 60|
электричество|лампочка EKO Light 9 вт|
электричество|лампочка Elektrum 10вт|
электричество|лампочка Elektrum 12 вт|
электричество|лампочка Elektrum 18 вт|
электричество|лампочка Elektrum 6 вт свеча|
электричество|лампочка Elektrum 8 вт|
электричество|лампочка Elektrum шарик 8 вт|
электричество|лампочка ELM 10 вт|
электричество|лампочка ELM 10 вт|
электричество|лампочка ELM 12 вт|
электричество|лампочка ELM 12вт|
электричество|лампочка ELM 15 вт|
электричество|лампочка ELM 15 вт|
электричество|лампочка ELM 20 вт|
электричество|лампочка ELM 20 вт|
электричество|лампочка ELM 7 вт|
электричество|лампочка ELM 8 вт|
электричество|лампочка ELM 8 вт|
электричество|лампочка ELM МR-16 3,5вт|
электричество|лампочка ELM МR-16 5вт|
электричество|лампочка ELM свеча 5 вт|
электричество|лампочка ELM свеча 5 вт|
электричество|лампочка ELM свеча 6 вт|
электричество|лампочка ELM свеча 7 вт|
электричество|лампочка ELM свеча 7 вт|
электричество|лампочка ELM свечка 6 вт|
электричество|лампочка ELM шарик 4 вт|
электричество|лампочка ELM шарик 5 вт|
электричество|лампочка ELM шарик 5 вт|
электричество|лампочка ELM шарик 6 вт|
электричество|лампочка ELM шарик 6 вт|
электричество|лампочка ELM шарик 7 вт|
электричество|лампочка ELM R-39 3вт|
электричество|лампочка ELM R-50 5вт|
электричество|лампочка LEDEX  шарик 6|
электричество|лампочка LEDEX 10вт|
электричество|лампочка LEDEX 10вт|
электричество|лампочка LEDEX 10вт|
электричество|лампочка LEDEX 10вт|
электричество|лампочка LEDEX 10вт|
электричество|лампочка LEDEX 10вт|
электричество|лампочка LEDEX 10B|
электричество|лампочка LEDEX 12вт|
электричество|лампочка LEDEX 12B|
электричество|лампочка LEDEX 15вт|
электричество|лампочка LEDEX 15B|
электричество|лампочка LEDEX 18вт|
электричество|лампочка LEDEX 18B|
электричество|лампочка Ledex 6 вт шарик|
электричество|лампочка LEDEX теплый свет 6B|
электричество|лампочка Ledstar 10 вт|
электричество|лампочка LEDSTAR 10B|
электричество|лампочка Ledstar 12 вт|
электричество|лампочка LEDSTAR 12B|
электричество|лампочка Ledstar 15 вт|
электричество|лампочка Ledstar 36 вт|
электричество|лампочка Ledstar 6 вт свеча|
электричество|лампочка Ledstar 6 вт шарик|
электричество|лампочка LEDSTAR 6B свеча|
электричество|лампочка LEDSTAR 6B шарик|
электричество|лампочка Ledstar 8 вт|
электричество|лампочка LEDSTAR 8B|
электричество|лампочка LEZARD MR -16 5вт|
электричество|лампочка LEZARO 15B|
электричество|лампочка Luxel 13 вт|
электричество|лампочка Luxel 15 вт|
электричество|лампочка Luxel 20 вт|
электричество|лампочка Luxel 6 вт свеча|
электричество|лампочка Luxel 7 вт|
электричество|лампочка Luxel 9 вт|
электричество|лампочка MR-16 35 вт,50вт,75вт|
электричество|лампочка OSPAM 40вт|
электричество|лампочка PILA 60вт шар|
электричество|лампочка R-39 40 вт,30вт|
электричество|лампочка R-50 40 вт,60вт|
электричество|лампочка R-50/513|
электричество|лампочка R-63 60 вт|
электричество|лампочка S-18 фонарь 100 вт|
электричество|лампочка S-18 фонарь 300 вт|
электричество|лампочка S-18 фонарь 500 вт|
электричество|лампочка Vico 60вт|
электричество|лампочка Videx 5 вт свеча|
электричество|лампочка Videx 5 вт шар|
электричество|лампочка Videx MR-16 5 вт|
электричество|лампочка Videx MR-16 7 вт|
электричество|леска для бенз косы Ø1,6|
электричество|леска для бензокосы Ø2|
электричество|леска для бензокосы Ø2,7|
электричество|леска на бензокосу d2,4|
электричество|Масло 2-тактное 1л|
электричество|масло бытовое|
электричество|масло для бензокосы|
электричество|масло для бензокосы |
электричество|масло для бензоп МОТО RACE|
электричество|масло для бензоп МОТО RACE 2такт|
электричество|накладка под выключ|
электричество|ночник|
электричество|обогреватель «козацька варта»|
электричество|Обогреватель 1 кВт|
электричество|патрон керам Е-14|
электричество|патрон керам Е-14без планки|
электричество|патрон керам Е-27 c планкой|
электричество|патрон керам Е-40|
электричество|патрон под |
электричество|Патрон подвесной Е-14 карбон|
электричество|Патрон подвесной Е-14 керам|
электричество|Патрон подвесной Е-27 карбон|
электричество|Патрон подвесной Е-27 косой карболит|
электричество|Патрон подвесной Е-27 с юбкой|
электричество|Патрон подвесной Е-40керам|
электричество|патрон У-27 универс|
электричество|паук под бензокосу|
электричество|перенноска 3м 3гнезда|
электричество|перенноска Luxel  2м 3гнезда|
электричество|перенноска Svitex 3м 3гнезда|
электричество|переноска 3 м Luxel|
электричество|переноска 5 м с кноп e.Next|
электричество|переноска 5 м e.Next|
электричество|переноска 6м|
электричество|переноска дешевая 3м|
электричество|переноска дешевая 5м|
электричество|переноска карболитовая  черная 5м|
электричество|переноска карболитовая белая 3м|
электричество|переноска карболитовая белая 5м|
электричество|переноска карболитовая черная 3м|
электричество|переноска карбон 2м|
электричество|переноска карбон 3м|
электричество|переноска карбон белая|
электричество|переноска с лампой 10м|
электричество|переноска сетевой фильтр 1,8м|
электричество|переноска сетевой фильтр 1,8м 3 гнезда|
электричество|переноска сетевой фильтр 1,8м 6 гнезд|
электричество|переноска сетевой фильтр 2м 3 гнезда|
электричество|переноска сетевой фильтр 2м 3 гнезда|
электричество|переноска сетевой фильтр 3м|
электричество|переноска сетевой фильтр 5м|
электричество|переходник евро|
электричество|переходник евро|
электричество|переходник на перфоратор ½|
электричество|перфоратор intertool|
электричество|перфоратор intertool больш|
электричество|печка обычная|
электричество|печка с теном|
электричество|планка под выключатель 2-я Viko|
электричество|планка под выключатель 2-я Viko|
электричество|планка под выключатель 3-я Luxel|
электричество|планка под выключатель 3-я Viko|
электричество|планка под выключатель 3-я Viko|
электричество|планка под выключатель 4-я Viko|
электричество|планка под выключатель 4-я Viko|
электричество|планка под эл автом 2|
электричество|планка под эл автом 3-4 шт|
электричество|планка под эл автом 6 шт|
электричество|планка под эл автом 8 шт|
электричество|подрозетник гипс|
электричество|подрозетник обычный|
электричество|пробка авт 25А|
электричество|пробка автом 16А|
электричество|пробка автом 25А|
электричество|пробка запаска|
электричество|Провод АППВ 2*1,5|
электричество|Провод АППВ 2*2,5|
электричество|Провод АППВ 2*2,5|
электричество|Провод АППВ 2*4|
электричество|провод АППВ 3*1,5|
электричество|Провод АППВ 3*1,5|
электричество|провод АППВ 3*2,5|
электричество|провод АППВ 3*2,5|
электричество|провод крепеж Ø 32|
электричество|провод крепление|
электричество|провод обойма 18*20|
электричество|провод ПВ 3/1*0,5|
электричество|провод ПВ 3/1*0,75|
электричество|провод ПВ 3/1*1,0|
электричество|провод ПВ 3/1*1,5|
электричество|провод ПВ 3/1*1,5|
электричество|провод ПВ 3/1*2,5|
электричество|провод ПВ 3/1*4|
электричество|провод ПВС 2*0,75|
электричество|провод ПВС 2*1,0 восток|
электричество|провод ПВС 2*1,5|
электричество|провод ПВС 2*1,5|
электричество|провод ПВС 2*1,5 восток|
электричество|провод ПВС 2*1,5 восток|
электричество|провод ПВС 2*2,5|
электричество|провод ПВС 3*1,5|
электричество|провод ПВС 3*2,5|
электричество|провод ПВС 4*1,5|
электричество|Провод СІП 16|
электричество|провод телеф|
электричество|провод ШВВП 2,5*2|
электричество|провод ШВВП 2*0,35|
электричество|провод ШВВП 2*0,5|
электричество|провод ШВВП 2*0,75|
электричество|провод ШВВП 2*1 ГОСТ|
электричество|провод ШВВП 2*1,0|
электричество|провод ШВВП 2*1,5 ГОСТ|
электричество|провод ШВВП 2*2,5|
электричество|провод ШВВП 2*2,5 ГОСТ|
электричество|провод ШВВП 3*1,5|
электричество|провод ШВВП 3*2,5|
электричество|проволка сварная 2,5 кг|
электричество|разъем шнуров 2й|
электричество|разъем шнуров 3й|
электричество|разъм|
электричество|Разъм Т образ|
электричество|ремкомплект на паяльную лампу|
электричество|розетка 2-я с заземл |
электричество|розетка внутр Lider один|
электричество|розетка дв наруж белорус|
электричество|розетка дв наруж LUX|
электричество|розетка дв наруж VIKO|
электричество|розетка дв хлопушка|
электричество|розетка дв хлопушка|
электричество|розетка двой внутр ВЕТА с заземл|
электричество|розетка двой внутр ELM|
электричество|розетка двой внутр Luxel|
электричество|розетка двой внутр Luxel |
электричество|розетка двой внутр Luxel с заземл|
электричество|розетка двойн внутр ВЕТА|
электричество|розетка двойн внутр GUNSAN|
электричество|розетка двойн внутр Luxel с заземл|
электричество|розетка двойн внутр Viko |
электричество|розетка двойн внутр Viko |
электричество|розетка двойн внутр Vikoс заземл|
электричество|розетка двойн наруж дешов|
электричество|розетка двойн наруж Luxel |
электричество|розетка двойн наруж Luxel с заземл|
электричество|Розетка двойн наружная Luxel с заземл|
электричество|розетка двойная наружная Белорус|
электричество|розетка двойная наружная дешев|
электричество|розетка двойная наружная с заземлен |
электричество|розетка наружная+выкл Белорусь|
электричество|розетка один  наруж белорус|
электричество|розетка один внутр ВЕТА с заземл|
электричество|розетка один внутр GUNSAN|
электричество|розетка один внутр Luxel|
электричество|розетка один внутр Luxel с заземл|
электричество|розетка один внутр Luxel цветн|
электричество|розетка один внутр Luxel c крышкой|
электричество|розетка один внутр Viko|
электричество|розетка один внутр Viko |
электричество|розетка один внутр Viko каре|
электричество|розетка один внутр Viko с заземл|
электричество|розетка один внутр Viko с заземл|
электричество|розетка один внутр Viko c заземл|
электричество|розетка один наруж дешов|
электричество|Розетка один наруж Luxel |
электричество|розетка один наруж LXL|
электричество|розетка один наруж VIKO|
электричество|розетка один хлопушка Белор|
электричество|розетка один Dolor|
электричество|Розетка одинар наружная Lider|
электричество|Розетка одинар наружная Luxel|
электричество|Розетка одинар наружная Luxel с заземл|
электричество|Розетка под антену Viko|
электричество|Розетка телевизионная Viko|
электричество|розетка телефонная Makel|
электричество|свет барсон |
электричество|свет барсон  кругл|
электричество|свет барсон  леденец|
электричество|свет барсон  леденец|
электричество|свет стекло|
электричество|свет стекло|
электричество|свет стекло полукруг |
электричество|свет стекло прямоугольн |
электричество|свет точечный 1020 R-50|
электричество|свет точечный 1720 R-50|
электричество|свет точечный 1723 R-50|
электричество|свет точечный 64-165|
электричество|свет точечный 64-251|
электричество|свет точечный 64-254|
электричество|свет точечный 64-301|
электричество|свет точечный бел R-39|
электричество|свет точечный бел R-50|
электричество|свет точечный Белый №101|
электричество|свет точечный белый R-50|
электричество|свет точечный Золото 6W|
электричество|свет точечный панель|
электричество|свет точечный прер|
электричество|Свет точечный ультра CL301 14|
электричество|свет точечный хром R-50|
электричество|свет точечный хром R-50 64-650|
электричество|свет точечный AL-1005 R-39|
электричество|свет точечный AL-1008 R-39|
электричество|свет точечный AL-2174 R-50|
электричество|свет точечный AL-2178 R-50|
электричество|свет точечный comles|
электричество|свет точечный delux R-39|
электричество|свет точечный delux R-63|
электричество|свет точечный Leman 8114|
электричество|свет точечный Leman 8174|
электричество|свет точечный Leman 8178|
электричество|свет точечный LMS 5|
электричество|свет точечный MR-16|
электричество|свет точечный №149|
электричество|свет точечный №16002|
электричество|свет точечный №16007|
электричество|свет точечный №16008|
электричество|свет точечный №16107|
электричество|свет точечный R-39|
электричество|свет точечный R-50|
электричество|свет точечный R-50|
электричество|свет точечный St-153|
электричество|Свет точечный ST152|
электричество|свет точечный WL-08 R-39|
электричество|светильник звезда|
электричество|светильник леденец белый|
электричество|светильник улит Пегас|
электричество|светильник LED 12вт Luxel|
электричество|светильник LED 6вт Neomax|
электричество|скоба для эл провода|
электричество|соедин проводов 2й|
электричество|соедин проводов 3й|
электричество|соедин проводов 5й|
электричество|соединит эл проводов 2-й|
электричество|соединит эл проводов 3-й|
электричество|соединит эл проводов 5-й|
электричество|стартер S-10 |
электричество|стартер S-10 Филипс|
электричество|стартер S-2 Филипс|
электричество|стекло д/сварки б черное|
электричество|стекло д/сварки м черное|
электричество|стекло д/сварки прозрач б защит|
электричество|стекло д/сварки прозрач защит|
электричество|стекло на сварку больш защит прозр|
электричество|стекло на сварку больш темн|
электричество|стекло на сварку защит мал|
электричество|стекло на сварку мал|
электричество|стекло сварное|
электричество|тен чайник|
электричество|тен чайник|
электричество|тройник больш|
электричество|тройник больш luxel|
электричество|тройник Luxel|
электричество|тройник Luxel|
электричество|тэн на печку Мечта|
электричество|тэн на чайник|
электричество|тэн на чайник|
электричество|тэн нерж|
электричество|тэн нерж на печку|
электричество|тэн обычный|
электричество|тэн тройной выход|
электричество|тэн черн|
электричество|фонарик|
электричество|фонарик|
электричество|фонарик|
электричество|фонарик|
электричество|фонарик|
электричество|фонарик|
электричество|фонарик |
электричество|Фонарик 4-диодный|
электричество|фонарик Брелок|
электричество|фонарик на бптпрейках|
электричество|фонарик налобн|
электричество|фонарик налобный|
электричество|фонарик налобный|
электричество|фонарик однодиодный|
электричество|фонарик однодиодный|
электричество|фонарик полицейский|
электричество|фонарик ручн |
электричество|фонарик ручн 4-0|
электричество|фонарик ручн 4-0|
электричество|фонарик ручной|
электричество|фонарик ручной|
электричество|фонарик ручной|
электричество|фонарик ручной|
электричество|фонарик ручной|
электричество|фонарик ручной|
электричество|Фонарь лед 10В|
электричество|Фонарь лед 20В|
электричество|Фонарь лед 20В|
электричество|Фонарь лед 20В|
электричество|фонарь лед 30В|
электричество|Фонарь леденец|
электричество|Фонарь леденец|
электричество|фонарь стекло квадр 2106|
электричество|фонарь стекло квадрат|
электричество|фонарь стекло квадрат 2107|
электричество|фонарь уличный|
электричество|фонарь уличный круг|
электричество|фонарь уличный круг больш|
электричество|фонарь уличный овал больш|
электричество|фонарь уличный овал мал|
электричество|фонарь уличный Led 10|
электричество|фонарь уличный Led 20|
электричество|фотореле|
электричество|шнайдер двой 16А Курск|
электричество|шнайдер двойн 25А Курск|
электричество|шнайдер один 16А Курск|
электричество|шнайдер один 25А Курск|
электричество|шнайдер один 32А Курск|
электричество|шнайдер тройн 16А  VIKO|
электричество|шнайдер тройн 16А ENEXT|
электричество|шнайдер тройн 25А Курск|
электричество|шнайдер тройн 32А Курск|
электричество|шнайдер тройн 40А VIKO|
электричество|шнур асбест 14|
электричество|шнур асбест 4|
электричество|шнур асбест 5|
электричество|шнур асбест 6|
электричество|шнур асбест 8|
электричество|штекер|
электричество|штепсель «мамка» Viko|
электричество|Штепсель + вилка карболит|
электричество|штепсель+вилка набор|
электричество|щетка торцевая дрель 100 мм|
электричество|автомат 10А Курск один|
электричество|автомат 16А Курск один|
электричество|автомат 16А Курск один|
электричество|автомат 16А Курск один|
электричество|автомат 16А Курск тройн|
электричество|автомат 16А тройн|
электричество|автомат 16А CITI один|
электричество|автомат 16А Enext  один|
электричество|автомат 16А Gily  один|
электричество|автомат 16А NEXT один|
электричество|автомат 16А Snaider один|
электричество|автомат 16А VIKO один|
электричество|автомат 16А VIKO один|
электричество|автомат 252А Enext  один|
электричество|автомат 25А Курск один|
электричество|автомат 25А Курск один|
электричество|автомат 25А тройн|
электричество|автомат 25А NEXT один|
электричество|автомат 25А Snaider один|
электричество|автомат 25А VIKO один|
электричество|автомат 32А Курск двойн|
электричество|автомат 32А Курск один|
электричество|автомат 32А Курск один|
электричество|автомат 32А Enext  один|
электричество|автомат 32А NEXT один|
электричество|автомат 32А Snaider один|
электричество|автомат 32А Viko один|
электричество|автомат 40А Курск один|
электричество|болгарка Росмаш Н80|
электричество|дрель техносич|
электричество|зажигалка|
электричество|звонок|
электричество|звонок|
электричество|кантер |
электричество|лобзик intertool|
электричество|паяльник 100вт|
электричество|паяльник 25вт|
электричество|паяльник 60вт|
электричество|паяльник 65вт|
электричество|паяльник 80вт|
электричество|пила DWT|
электричество|пистолет клеевой 10вт|
электричество|пистолет клеевой 40 Вт|
электричество|пистолет клеевой 40вт|
электричество|пистолет клеевой 65вт|
электричество|точило|
электричество|фен intertool|
электричество|чайник 3л|
электричество|шлифмашина ПРОТОН болгарка|
электричество|шлифмашина РОСМАШ болгарка|
электричество|шлифмашина intertool |
электричество|шлифмашина intertool больш|
электричество|шлифмашина intertool мал|
электричество|шуруповерт intertool|
электричество|шурупокрут РИТМ|
электричество|шурупокрут РОСТЕК|
электричество|электроспираль 1,8квт|
электричество|ящик под эл счетчик пласм|
электричество|ящик эл. Щетчик наружный|
электричество|ящик эл.щетчик внутр|
электричество|ящик эл.щетчик пластик|