20.03.2018|приход|дом|Бичевка|185|м
20.03.2018|приход|дом|Бичевка 250 м|1|58
20.03.2018|приход|дом|Бичевка лен 200 м|1|20
20.03.2018|приход|дом|Брус 2*3|40|10,5
20.03.2018|приход|дом|Брус 3*3|18|15
20.03.2018|приход|дом|Брус 3*4|27|19,5
20.03.2018|приход|дом|Брус 4*4|19|27
20.03.2018|приход|дом|Брус 4*5|18|33,5
20.03.2018|приход|дом|Брус 5*10|17|70,5
20.03.2018|приход|дом|Брус 5*4|1|33,5
20.03.2018|приход|дом|Брус 5*5|39|42
20.03.2018|приход|дом|Брус 5*7|11|58,5
20.03.2018|приход|дом|бумагодержатель|2|23
20.03.2018|приход|дом|ванту3 пласт |1|28
20.03.2018|приход|дом|ванту3 пластик (мал)|1|41
20.03.2018|приход|дом|вантуз дер ручка|6|18
20.03.2018|приход|дом|веревка бельевая  D 2 25м|11|13
20.03.2018|приход|дом|веревка бельевая  D 3 15м|12|15
20.03.2018|приход|дом|веревка бельевая  D 5 20м|3|28
20.03.2018|приход|дом|веревка бельевая 15м|5|16
20.03.2018|приход|дом|веревка бельевая 15м |10|25
20.03.2018|приход|дом|веревка бельевая с наполнит|1|25
20.03.2018|приход|дом|Веревка d10|37,3|12
20.03.2018|приход|дом|Веревка d12 бичовка|5,7|10
20.03.2018|приход|дом|Веревка d5|3|7,5
20.03.2018|приход|дом|Веревка d6|30|5
20.03.2018|приход|дом|Веревка d8|4|10
20.03.2018|приход|дом|Вешалка 6-я|5|42
20.03.2018|приход|дом|вешалка декорат 2-й|6|23,5
20.03.2018|приход|дом|вешалка декорат 2-й|6|22
20.03.2018|приход|дом|вешалка декорат 2-й|4|12
20.03.2018|приход|дом|вешалка декорат 2-й зелен|1|20
20.03.2018|приход|дом|Газ балон под горелку|2|52
20.03.2018|приход|дом|Газ балон под горелку|2|47
20.03.2018|приход|дом|гипс  потолок|4|91
20.03.2018|приход|дом|гипс влага|6|130
20.03.2018|приход|дом|гипс стена|17|99
20.03.2018|приход|дом|горелка газовая|1|135
20.03.2018|приход|дом|горелка на балон м|1|45
20.03.2018|приход|дом|горелка под газ балон|1|63
20.03.2018|приход|дом|горелка пьезо|1|150
20.03.2018|приход|дом|градусник помещ t|1|25
20.03.2018|приход|дом|градусник улич t|1|27
20.03.2018|приход|дом|двери Ольга 80см глух|1|500
20.03.2018|приход|дом|двери Ольга 80см стекло|1|1050
20.03.2018|приход|дом|двери Ольга 80см стекло|1|950
20.03.2018|приход|дом|дверь белая МДФ|7|520
20.03.2018|приход|дом|держатель полки|2|42
20.03.2018|приход|дом|держатель полки|1|22
20.03.2018|приход|дом|держатель полки|1|15
20.03.2018|приход|дом|держатель полки |3|28
20.03.2018|приход|дом|держатель полки |5|15
20.03.2018|приход|дом|держатель полки пара|1|22
20.03.2018|приход|дом|держатель полок набор|6|42
20.03.2018|приход|дом|доводчик мебельный|2|38
20.03.2018|приход|дом|зажигалка газовая длин|1|32
20.03.2018|приход|дом|зажигалка газовая м|2|23
20.03.2018|приход|дом|зажигалка газовая ср|1|30
20.03.2018|приход|дом|зажигалка пьезо|3|50
20.03.2018|приход|дом|Карниз 1,2|5|38
20.03.2018|приход|дом|Карниз 1,60|2|46
20.03.2018|приход|дом|Карниз 2,40|4|67
20.03.2018|приход|дом|Карниз 2,80|3|75
20.03.2018|приход|дом|Карниз 3,00|7|80
20.03.2018|приход|дом|карниз потолоч двой 2|1|54
20.03.2018|приход|дом|карниз потолоч двой 3,5|1|71
20.03.2018|приход|дом|карниз потолоч один 2|2|45
20.03.2018|приход|дом|карниз потолоч один 2,5|11|54
20.03.2018|приход|дом|карниз потолочный дв3м|1|62
20.03.2018|приход|дом|квадрат в двери (б)|3|12
20.03.2018|приход|дом|квадрат в двери (м)|3|10
20.03.2018|приход|дом|квадрат полоток бел кв.м|6|30
20.03.2018|приход|дом|квадрат полоток дерево кв.м|2|38,5
20.03.2018|приход|дом|квадрат полоток крашеный кв.м|17|36
20.03.2018|приход|дом|клинья под плинтус|41|8
20.03.2018|приход|дом|коврик в ванную|2|50
20.03.2018|приход|дом|колесики под мебель б|1|35
20.03.2018|приход|дом|колесики под мебель м|1|10
20.03.2018|приход|дом|колесики под мебель с|1|28,5
20.03.2018|приход|дом|колесики под мебель с|1|12
20.03.2018|приход|дом|короб двери 100|2|235
20.03.2018|приход|дом|короб двери 120|6|260
20.03.2018|приход|дом|короб двери 140|2|270
20.03.2018|приход|дом|короб двери 160|3|300
20.03.2018|приход|дом|короб двери 200|2|390
20.03.2018|приход|дом|Короб двери 60|2|175
20.03.2018|приход|дом|Короб двери 80|4|225
20.03.2018|приход|дом|короб МДФ|2|365
20.03.2018|приход|дом|крышечки на горелку б|9|5
20.03.2018|приход|дом|крышечки на горелку м нерж|2|8
20.03.2018|приход|дом|крышечки на горелку нерж|20|10
20.03.2018|приход|дом|крючок на карниз|395|0,65
20.03.2018|приход|дом|лента серпянка 150мм*20м|1|48
20.03.2018|приход|дом|лента серпянка 150мм*20м|6|47
20.03.2018|приход|дом|лента серпянка 20м*100мм|5|33,5
20.03.2018|приход|дом|лента серпянка 20м*50мм|1|20
20.03.2018|приход|дом|лента серпянка 20м*50мм|9|15
20.03.2018|приход|дом|лента серпянка 42*45|1|36
20.03.2018|приход|дом|лента серпянка 45м*50мм|1|36
20.03.2018|приход|дом|лента серпянка 50*10м|3|8
20.03.2018|приход|дом|лента серпянка 50*45м|5|34
20.03.2018|приход|дом|Лента серпянка 50*90м|5|63
20.03.2018|приход|дом|лента серпянка 90м*50мм|1|60
20.03.2018|приход|дом|лента серпянка стекловолокно 25 мм|3|52
20.03.2018|приход|дом|леска Ø 2,7|159|3
20.03.2018|приход|дом|леска Ø 3|45|3,5
20.03.2018|приход|дом|навес декор 100 мм|3|84
20.03.2018|приход|дом|навес декор 125 мм|6|97
20.03.2018|приход|дом|навес декор Ареx 110|4|90
20.03.2018|приход|дом|навес декор Кедр 125|2|80
20.03.2018|приход|дом|навес декор Apexs 125|4|90
20.03.2018|приход|дом|навес декор FSB 100|17|70
20.03.2018|приход|дом|навес декор FSB 110|6|90
20.03.2018|приход|дом|навес декор FSB 125|9|90
20.03.2018|приход|дом|навес декор LEX 100|1|70
20.03.2018|приход|дом|навес декорат 100|7|75
20.03.2018|приход|дом|навес мебельн|1|9,5
20.03.2018|приход|дом|навес рояльный 1м|1|27
20.03.2018|приход|дом|навес рояльный 50см|1|20
20.03.2018|приход|дом|навесы декорат 100мм|2|78
20.03.2018|приход|дом|навесы декорат 100мм|7|70
20.03.2018|приход|дом|навесы декорат золот|2|56
20.03.2018|приход|дом|навесы декорат универс пара|1|112
20.03.2018|приход|дом|навесы декорат универс пара|1|85
20.03.2018|приход|дом|навесы форт 30 мм|1|3
20.03.2018|приход|дом|навесы форт 40 мм|1|4
20.03.2018|приход|дом|навесы форт 50мм|1|3,5
20.03.2018|приход|дом|навесы форт 60 мм|1|7
20.03.2018|приход|дом|нить капроновая|27|5
20.03.2018|приход|дом|ножки под мебель|3|35
20.03.2018|приход|дом|ножки под мебель|3|28,5
20.03.2018|приход|дом|ножки под мебель|3|12
20.03.2018|приход|дом|ножки под мебель|3|10
20.03.2018|приход|дом|обивка на двери|7|175
20.03.2018|приход|дом|обивка на двери|2|140
20.03.2018|приход|дом|обналичка МДФ|9|60
20.03.2018|приход|дом|обналичка ровная|28|45
20.03.2018|приход|дом|обналичка фигурная|19|45
20.03.2018|приход|дом|обувная полка|1|186
20.03.2018|приход|дом|ограничитель двери |3|42
20.03.2018|приход|дом|ограничитель для двери|3|33
20.03.2018|приход|дом|отдушина в двери|27|5
20.03.2018|приход|дом|пенопласт 2мм|11|19
20.03.2018|приход|дом|пенопласт 2см 15П|22|15
20.03.2018|приход|дом|Пенопласт 3/25 плот|32|26
20.03.2018|приход|дом|пенопласт 3мм|37|26
20.03.2018|приход|дом|Пенопласт 4/25 плот|21|35
20.03.2018|приход|дом|пенопласт 4см 15П|22|26
20.03.2018|приход|дом|пенопласт 5мм|37|43
20.03.2018|приход|дом|пенопласт крошка 0,45м³|2|225
20.03.2018|приход|дом|планка на проф лист  вишня|3|35
20.03.2018|приход|дом|планка на проф лист зеленая|8|35
20.03.2018|приход|дом|планка на проф лист коричневая|3|35
20.03.2018|приход|дом|Планка №140 140*30|15|7,5
20.03.2018|приход|дом|Планка №160 160*60|9|15
20.03.2018|приход|дом|Планка №180 180*60|1|17
20.03.2018|приход|дом|пластик белый 8 мм|60|90
20.03.2018|приход|дом|пластик глянец узор 8 мм|9|90
20.03.2018|приход|дом|пластик голубой 8 мм|39|100
20.03.2018|приход|дом|пластик желтый 8 мм|8,1|70
20.03.2018|приход|дом|пластик зеленый 8 мм|21,75|100
20.03.2018|приход|дом|пластик мат коричнев 8 мм|24|65
20.03.2018|приход|дом|пластик розовый 8 мм|25,5|100
20.03.2018|приход|дом|пластик серебро 8 мм|825|100
20.03.2018|приход|дом|пластик улитка|7,2|75
20.03.2018|приход|дом|плинтус|10|35
20.03.2018|приход|дом|плинтус|189|32
20.03.2018|приход|дом|Плинтус 30 дерев|5|40
20.03.2018|приход|дом|Плинтус 40 дерев|6|47
20.03.2018|приход|дом|плинтус груша темная|11|35
20.03.2018|приход|дом|плинтус дуб дачн|35|32
20.03.2018|приход|дом|плинтус дуб рос|2|35
20.03.2018|приход|дом|плинтус каштан|21|35
20.03.2018|приход|дом|плинтус клен|33|35
20.03.2018|приход|дом|плинтус короб|18|32
20.03.2018|приход|дом|плинтус махагон|11|32
20.03.2018|приход|дом|плинтус МДФ|5|27
20.03.2018|приход|дом|плинтус орех браз|35|32
20.03.2018|приход|дом|плинтус орех св|16|35
20.03.2018|приход|дом|плинтус полисандр|35|32
20.03.2018|приход|дом|плинтус пот  С 07/05|62|20
20.03.2018|приход|дом|плинтус сосна сакромен|20|35
20.03.2018|приход|дом|плинтус сосна север|31|32
20.03.2018|приход|дом|Плинтус Teko  аксесуар фурнитур|402|5,5
20.03.2018|приход|дом|плита двухкомф|2|525
20.03.2018|приход|дом|плитка пол 30*30|8,37|90
20.03.2018|приход|дом|плитка пол 35*35|0,49|90
20.03.2018|приход|дом|плитка стена 20*30|38|86
20.03.2018|приход|дом|плитка стена 20*40|5,28|86
20.03.2018|приход|дом|плитка стена 23*35|4,4|86
20.03.2018|приход|дом|плитка стена 25*33|1,4|86
20.03.2018|приход|дом|плитка стена 27*40|5,5|89
20.03.2018|приход|дом|подложка 3мм|50|7
20.03.2018|приход|дом|полочка в ванну ( м)|2|35
20.03.2018|приход|дом|потолок квадрат безшовн|9|50
20.03.2018|приход|дом|потолок квадрат белые|54|30
20.03.2018|приход|дом|потолок квадрат цветной|10|36
20.03.2018|приход|дом|потолок подвес белый|25|30
20.03.2018|приход|дом|потолок подвес под дер|120|36
20.03.2018|приход|дом|потолок подвес цвет|46|38,5
20.03.2018|приход|дом|Потолок подвесн бел|25|30
20.03.2018|приход|дом|Потолок подвесн цв|120|56
20.03.2018|приход|дом|Потолок подвесн цв|46|38,5
20.03.2018|приход|дом|Прес плита QSB 10 мм|3|305
20.03.2018|приход|дом|Прес плита QSB 6 мм|3|260
20.03.2018|приход|дом|прищепка 12шт набор|1|8,5
20.03.2018|приход|дом|прищепка бельевая плас.|20|8,5
20.03.2018|приход|дом|прищепка по шт|18|1
20.03.2018|приход|дом|прищепка Харьков набор|1|20
20.03.2018|приход|дом|прищепки набор|8|22
20.03.2018|приход|дом|прищепки набор|12|20
20.03.2018|приход|дом|прищепок набор|22|8
20.03.2018|приход|дом|пятаки под мебель|18|1
20.03.2018|приход|дом|рассеиватель на газ|2|25
20.03.2018|приход|дом|рассеиватель на горелку|1|25
20.03.2018|приход|дом|сушилка д/обуви|3|40
20.03.2018|приход|дом|тепла підлога 1л|3|45
20.03.2018|приход|дом|теплый пол 16|116|12
20.03.2018|приход|дом|тремпель|11|12
20.03.2018|приход|дом|тремпель|1|10
20.03.2018|приход|дом|тремпель|9|9
20.03.2018|приход|дом|трос бельевой d3|2|65
20.03.2018|приход|дом|трос бельевой d4|2|75
20.03.2018|приход|дом|угол МДФ|12|20
20.03.2018|приход|дом|уплотнитель двери|1|20
20.03.2018|приход|дом|уплотнитель двери войлоч|2|100
20.03.2018|приход|дом|уплотнитель универс|1|22
20.03.2018|приход|дом|утеплитель 3мм|1|60
20.03.2018|приход|дом|Фанера 10 мм|1|337
20.03.2018|приход|дом|Фанера 4 мм|3|190
20.03.2018|приход|дом|Фанера 6 мм|2|207
20.03.2018|приход|дом|Фанера 8 мм|2|275
20.03.2018|приход|дом|фриз 5мм|21|9,5
20.03.2018|приход|дом|фриз 8мм|11|11
20.03.2018|приход|дом|фурнитура двойн карниз|5|50
20.03.2018|приход|дом|фурнитура для ван|1|20
20.03.2018|приход|дом|фурнитура для карниз дв|1|20
20.03.2018|приход|дом|фурнитура для карнизов|1|50
20.03.2018|приход|дом|фурнитура карниза 2,5м|2|13,5
20.03.2018|приход|дом|фурнитура карниза 2м|2|10
20.03.2018|приход|дом|фурнитура одиноч карниз|3|20
20.03.2018|приход|дом|шнур бытовой 20|1|28
20.03.2018|приход|дом|шнур бытовой плетен|1|16
20.03.2018|приход|дом|шнур плетеный с наполн 15|1|25
20.03.2018|приход|дом|шнур синтет 10|1|16
20.03.2018|приход|дом|шнур синтет 20|1|15
20.03.2018|приход|дом|шнур синтет 25|1|13
20.03.2018|приход|дом|Шпагат 100 м|1|25
20.03.2018|приход|дом|Шпагат 140 м|1|40
20.03.2018|приход|дом|Шпагат 250 м|1|38
20.03.2018|приход|дом|Шпагат 50 м|1|19
20.03.2018|приход|дом|шпагат белый большой|11|25
20.03.2018|приход|дом|шпагат белый маленький|6|14
20.03.2018|приход|дом|Шпагат полипропилен  100 м|1|15
20.03.2018|приход|дом|Шпагат полипропилен  380 м|1|45
20.03.2018|приход|дом|Штапик 1|100|2,5
20.03.2018|приход|дом|Штапик 1,50|149|3
20.03.2018|приход|дом|Штапик 1,70|89|3,5
20.03.2018|приход|дом|Штапик 1,80|60|3,5
20.03.2018|приход|дом|Штапик 2,00|1|4
20.03.2018|приход|дом|Штапик 2,20|2|4
20.03.2018|приход|дом|Штапик 2,40|4|4
20.03.2018|приход|дом|штора в ванную|1|75
20.03.2018|приход|дом|Экопласт обвод 20|4|21
20.03.2018|приход|дом|Экопласт обвод 25 длиный|5|15
20.03.2018|приход|дом|Экопласт обвод 25 короткий|7|7,5
20.03.2018|приход|дом|эл зажигалка|1|45
20.03.2018|приход|дом|F-образка 8мм|11|11
