20.03.2018|приход|сантехник|шпатель|зуб|300
20.03.2018|приход|сантехник|айраторы|17|12,5
20.03.2018|приход|сантехник|бита (б)|1|21
20.03.2018|приход|сантехник|бита 2я с|5|13,5
20.03.2018|приход|сантехник|Бита 4 гранная|8|15
20.03.2018|приход|сантехник|бита б|8|22
20.03.2018|приход|сантехник|бита двохст|10|27
20.03.2018|приход|сантехник|бита м|5|9
20.03.2018|приход|сантехник|бита м|10|8
20.03.2018|приход|сантехник|бита маленькая|2|13
20.03.2018|приход|сантехник|бита маленькая|15|11
20.03.2018|приход|сантехник|бита с|8|16
20.03.2018|приход|сантехник|бита с|3|14
20.03.2018|приход|сантехник|Бокорезы 180|2|57
20.03.2018|приход|сантехник|бокорезы 180мм Сила|2|90
20.03.2018|приход|сантехник|бокорезы мал|1|37
20.03.2018|приход|сантехник|брусок для шлиф сет |2|53
20.03.2018|приход|сантехник|брусок под затир сетку 165|1|56
20.03.2018|приход|сантехник|брусок под затир сетку 210|1|53
20.03.2018|приход|сантехник|брусок точило|3|17
20.03.2018|приход|сантехник|бура для пайки|4|7
20.03.2018|приход|сантехник|Гвоздодер 400|5|45
20.03.2018|приход|сантехник|Гвоздодер 500|6|62
20.03.2018|приход|сантехник|Гвоздодер 600|2|87
20.03.2018|приход|сантехник|Головка 10|3|23
20.03.2018|приход|сантехник|Головка 10|1|23
20.03.2018|приход|сантехник|Головка 8|3|21
20.03.2018|приход|сантехник|Головка 8|3|19,5
20.03.2018|приход|сантехник|головка шестигранн 32|1|105
20.03.2018|приход|сантехник|головка шестигранная на 10|1|16
20.03.2018|приход|сантехник|головка шестигранная на 12|1|18
20.03.2018|приход|сантехник|головка шестигранная на 13|2|24
20.03.2018|приход|сантехник|головка шестигранная на 14|1|20
20.03.2018|приход|сантехник|головка шестигранная на 15|1|26
20.03.2018|приход|сантехник|головка шестигранная на 16|2|16
20.03.2018|приход|сантехник|головка шестигранная на 17|1|32
20.03.2018|приход|сантехник|головка шестигранная на 19|1|28
20.03.2018|приход|сантехник|головка шестигранная на 19|2|27
20.03.2018|приход|сантехник|головка шестигранная на 20|2|30
20.03.2018|приход|сантехник|головка шестигранная на 21|3|30
20.03.2018|приход|сантехник|головка шестигранная на 21|1|25
20.03.2018|приход|сантехник|головка шестигранная на 23|1|33
20.03.2018|приход|сантехник|головка шестигранная на 27|2|33,5
20.03.2018|приход|сантехник|головка шестигранная на 30|1|57
20.03.2018|приход|сантехник|головка шестигранная на 32|1|70
20.03.2018|приход|сантехник|головка шестигранная на 8|2|15
20.03.2018|приход|сантехник|головка шестигранная на 9|1|20
20.03.2018|приход|сантехник|груша на насосну станцию 24л|1|74
20.03.2018|приход|сантехник|груша на насосну станцию 50л|1|184
20.03.2018|приход|сантехник|держат для электродов|1|93
20.03.2018|приход|сантехник|держат для электродов|1|58
20.03.2018|приход|сантехник|держатель для плашки|1|8
20.03.2018|приход|сантехник|держатель массы б|1|75
20.03.2018|приход|сантехник|держатель массы м|4|48
20.03.2018|приход|сантехник|держатель сварки б|3|93
20.03.2018|приход|сантехник|держатель сварки м|1|58
20.03.2018|приход|сантехник|диск лепесток d125 интертон|2|27
20.03.2018|приход|сантехник|диск лепесток d125 интертон|14|25
20.03.2018|приход|сантехник|диск под бензокосу|3|100
20.03.2018|приход|сантехник|диск универс для наж бумаги|3|57
20.03.2018|приход|сантехник|диск универс для наж бумаги|1|55
20.03.2018|приход|сантехник|длиногубцы Сила 180 мм|1|73
20.03.2018|приход|сантехник|Дюбель 6*40|200|0,1
20.03.2018|приход|сантехник|Дюбель 8*40|100|0,2
20.03.2018|приход|сантехник|Дюбель 8*50|100|0,35
20.03.2018|приход|сантехник|Дюбель 8*60|300|0,15
20.03.2018|приход|сантехник|Дюбель 8*80|100|0,2
20.03.2018|приход|сантехник|заклепочник grad|1|110
20.03.2018|приход|сантехник|заклепочник sigma|1|215
20.03.2018|приход|сантехник|зубило д 750мм|2|34
20.03.2018|приход|сантехник|зубило длин 200мм|1|38
20.03.2018|приход|сантехник|зубило плоское 14*250|1|45
20.03.2018|приход|сантехник|зубило плоское 14*250 20мм|1|56
20.03.2018|приход|сантехник|зубило плоское 14*250 40мм|1|62
20.03.2018|приход|сантехник|зубило по камню 250|1|57
20.03.2018|приход|сантехник|зубило с огранич|2|29
20.03.2018|приход|сантехник|зубило точечное 14/250|1|44
20.03.2018|приход|сантехник|камень точильный|2|17
20.03.2018|приход|сантехник|канифоль|7|14
20.03.2018|приход|сантехник|карабин замков с колов|2|27
20.03.2018|приход|сантехник|карабин простой|1|29
20.03.2018|приход|сантехник|карабин с закр №10|7|26
20.03.2018|приход|сантехник|карабин с закр №10|12|22
20.03.2018|приход|сантехник|карабин с закр №4|4|6,5
20.03.2018|приход|сантехник|карабин с закр №5|2|8
20.03.2018|приход|сантехник|карабин с закр №5|5|7,5
20.03.2018|приход|сантехник|карабин с закр №6|10|9,5
20.03.2018|приход|сантехник|карабин с закр №8|8|16
20.03.2018|приход|сантехник|карабин с закр №8|10|12
20.03.2018|приход|сантехник|карабин с закр №9|5|18
20.03.2018|приход|сантехник|карабин с коловоротом №5|5|10
20.03.2018|приход|сантехник|карабин с коловоротом №6|5|18
20.03.2018|приход|сантехник|карабин с коловоротом №7|5|20
20.03.2018|приход|сантехник|Карабин №10|2|26
20.03.2018|приход|сантехник|Карабин №6|4|13
20.03.2018|приход|сантехник|Карабин №7|4|14,5
20.03.2018|приход|сантехник|Карабин №8|4|20
20.03.2018|приход|сантехник|Карабин №9|8|29
20.03.2018|приход|сантехник|кирка|5|65
20.03.2018|приход|сантехник|кислота для пайки|7|10
20.03.2018|приход|сантехник|кислота паяльная|1|10
20.03.2018|приход|сантехник|Киянка 450 гр|1|58
20.03.2018|приход|сантехник|киянка резин 350 г|1|48
20.03.2018|приход|сантехник|киянка резин 410 г|1|80
20.03.2018|приход|сантехник|киянка резин 450 г|1|58
20.03.2018|приход|сантехник|киянка резин 450г|1|55
20.03.2018|приход|сантехник|киянка резин 700 г|1|72
20.03.2018|приход|сантехник|Клещи для сварки Technics|1|167
20.03.2018|приход|сантехник|клещи зажимные 220 мм  Technics|1|95
20.03.2018|приход|сантехник|ключ  набор  |1|30
20.03.2018|приход|сантехник|ключ звездоч Sigma б набор |1|130,5
20.03.2018|приход|сантехник|ключ звездоч Sigma с набор |1|110
20.03.2018|приход|сантехник|ключ р-н 1-23|1|55
20.03.2018|приход|сантехник|ключ р-н 10|1|23
20.03.2018|приход|сантехник|ключ р-н 10|1|22
20.03.2018|приход|сантехник|ключ р-н 10|1|20
20.03.2018|приход|сантехник|ключ р-н 10|1|20
20.03.2018|приход|сантехник|ключ р-н 10|1|18
20.03.2018|приход|сантехник|ключ р-н 10|1|13
20.03.2018|приход|сантехник|ключ р-н 11|2|22
20.03.2018|приход|сантехник|ключ р-н 11|1|18
20.03.2018|приход|сантехник|ключ р-н 12|2|33
20.03.2018|приход|сантехник|ключ р-н 12|4|23
20.03.2018|приход|сантехник|ключ р-н 12|1|19
20.03.2018|приход|сантехник|ключ р-н 12|1|18
20.03.2018|приход|сантехник|ключ р-н 12|1|15
20.03.2018|приход|сантехник|ключ р-н 13|1|80
20.03.2018|приход|сантехник|ключ р-н 13|1|35
20.03.2018|приход|сантехник|ключ р-н 13|1|26
20.03.2018|приход|сантехник|ключ р-н 13|2|25
20.03.2018|приход|сантехник|ключ р-н 13|3|22
20.03.2018|приход|сантехник|ключ р-н 14|1|37
20.03.2018|приход|сантехник|ключ р-н 14|2|29
20.03.2018|приход|сантехник|ключ р-н 14|1|27
20.03.2018|приход|сантехник|ключ р-н 14|2|17
20.03.2018|приход|сантехник|ключ р-н 15|2|30
20.03.2018|приход|сантехник|ключ р-н 150|1|98
20.03.2018|приход|сантехник|ключ р-н 16|1|48
20.03.2018|приход|сантехник|ключ р-н 16|1|36
20.03.2018|приход|сантехник|ключ р-н 16  Technics|1|34
20.03.2018|приход|сантехник|ключ р-н 17|1|56
20.03.2018|приход|сантехник|ключ р-н 17|1|36
20.03.2018|приход|сантехник|ключ р-н 18|1|50
20.03.2018|приход|сантехник|ключ р-н 18|1|48
20.03.2018|приход|сантехник|ключ р-н 18|1|27
20.03.2018|приход|сантехник|ключ р-н 19|1|65
20.03.2018|приход|сантехник|ключ р-н 19|2|48
20.03.2018|приход|сантехник|ключ р-н 19|1|32
20.03.2018|приход|сантехник|ключ р-н 21|2|34
20.03.2018|приход|сантехник|ключ р-н 22|1|83
20.03.2018|приход|сантехник|ключ р-н 22|1|65
20.03.2018|приход|сантехник|ключ р-н 22|1|62
20.03.2018|приход|сантехник|ключ р-н 22|1|41
20.03.2018|приход|сантехник|ключ р-н 24|1|105
20.03.2018|приход|сантехник|ключ р-н 250|1|63
20.03.2018|приход|сантехник|ключ р-н 27|1|98
20.03.2018|приход|сантехник|ключ р-н 30|1|135
20.03.2018|приход|сантехник|ключ р-н 300 Technics|1|192
20.03.2018|приход|сантехник|ключ р-н 6|1|20
20.03.2018|приход|сантехник|ключ р-н 6|1|19
20.03.2018|приход|сантехник|ключ р-н 6|3|17
20.03.2018|приход|сантехник|ключ р-н 6|2|16
20.03.2018|приход|сантехник|ключ р-н 7|1|25
20.03.2018|приход|сантехник|ключ р-н 7|2|20
20.03.2018|приход|сантехник|ключ р-н 7|1|19
20.03.2018|приход|сантехник|ключ р-н 7|1|17
20.03.2018|приход|сантехник|ключ р-н 8|2|25
20.03.2018|приход|сантехник|ключ р-н 8|2|24
20.03.2018|приход|сантехник|ключ р-н 8|3|20
20.03.2018|приход|сантехник|ключ р-н 8|1|13
20.03.2018|приход|сантехник|ключ р-н 8|1|12
20.03.2018|приход|сантехник|ключ р-н 9|1|19
20.03.2018|приход|сантехник|ключ свечной 16 мм Technics|1|35
20.03.2018|приход|сантехник|ключ свечной 21 мм Technics|1|68
20.03.2018|приход|сантехник|ключ свечной с шариком|1|45
20.03.2018|приход|сантехник|ключ свечной с шариком|1|35
20.03.2018|приход|сантехник|ключ СИГМА набор|1|195
20.03.2018|приход|сантехник|ключ Техникс набор |1|150
20.03.2018|приход|сантехник|ключ труб|1|240
20.03.2018|приход|сантехник|ключ труб 10*12|1|22
20.03.2018|приход|сантехник|ключ труб 16*17|1|25
20.03.2018|приход|сантехник|ключ труб 17*19|4|42
20.03.2018|приход|сантехник|ключ труб 22*24|1|70
20.03.2018|приход|сантехник|ключ труб 6*7|1|15
20.03.2018|приход|сантехник|ключ труб 8*9|1|16
20.03.2018|приход|сантехник|ключ труб №1|2|193
20.03.2018|приход|сантехник|ключ трубных Technics набор |1|72
20.03.2018|приход|сантехник|ключ угловой для шлиф маш|2|20
20.03.2018|приход|сантехник|ключ угловой для шлиф маш|2|15
20.03.2018|приход|сантехник|ключ шестигран Grad набор |1|78
20.03.2018|приход|сантехник|ключ шестигран Grad набор |1|72
20.03.2018|приход|сантехник|ключ шестигран Grad набор с|1|89
20.03.2018|приход|сантехник|ключ шестигран Technics набор  м|1|75
20.03.2018|приход|сантехник|ключ шестигранники набор|1|21
20.03.2018|приход|сантехник|ковш малярный сер|6|26
20.03.2018|приход|сантехник|ковш малярный чер|1|30
20.03.2018|приход|сантехник|ковш штукатура большой|2|30
20.03.2018|приход|сантехник|ковш штукатура большой|1|26
20.03.2018|приход|сантехник|ковш штукатура малый|1|22
20.03.2018|приход|сантехник|коловорот оцинк|5|14
20.03.2018|приход|сантехник|коловорот черный|4|12
20.03.2018|приход|сантехник|коронка  по бетону Ø65|1|95
20.03.2018|приход|сантехник|крокодильчики|1|25
20.03.2018|приход|сантехник|крокодильчики|1|12
20.03.2018|приход|сантехник|крокодильчики|1|10
20.03.2018|приход|сантехник|круг алмазный КТ d125 |1|60
20.03.2018|приход|сантехник|круг алмазный КТ d180|1|165
20.03.2018|приход|сантехник|круг алмазный RIN6 d125 плитка|1|63
20.03.2018|приход|сантехник|круг алмазный RIN6 d125 сегмент|2|70
20.03.2018|приход|сантехник|круг алмазный RIN6 d125 турбо|1|98
20.03.2018|приход|сантехник|круг алмазный RIN6 d230 гранит|1|265
20.03.2018|приход|сантехник|круг алмазный STERN d125  сегмент|1|62
20.03.2018|приход|сантехник|круг алмазный STERN d125 плитка|2|63
20.03.2018|приход|сантехник|круг алмазный STERN d125 турбо|1|79
20.03.2018|приход|сантехник|круг алмазный STERN d125 турбо|1|64,5
20.03.2018|приход|сантехник|круг алмазный STERN d150|1|125
20.03.2018|приход|сантехник|круг алмазный STERN d180|1|168
20.03.2018|приход|сантехник|круг алмазный TIP d125 плитка|1|36
20.03.2018|приход|сантехник|круг алмазный TIP d125 сегмент|1|40
20.03.2018|приход|сантехник|круг алмазный TIP d180 плитка|1|80
20.03.2018|приход|сантехник|круг алмазный TIP d180 турбо|1|96
20.03.2018|приход|сантехник|круг алмазный TIP d230 плитка|1|120
20.03.2018|приход|сантехник|круг алмазный TIP d230 сегмент|1|135
20.03.2018|приход|сантехник|круг алмазный TIP d230 турбо|1|150
20.03.2018|приход|сантехник|круг алмазный TRITON d150 turbo|1|90
20.03.2018|приход|сантехник|круг алмазный VELLSUT d180|1|152
20.03.2018|приход|сантехник|круг наждачный на липучке|4|3,5
20.03.2018|приход|сантехник|крыло под обои|1|12
20.03.2018|приход|сантехник|крючок|11|6
20.03.2018|приход|сантехник|латки на ,,,,,,,,,,|13|21
20.03.2018|приход|сантехник|Лобзик для выпиливания|1|35
20.03.2018|приход|сантехник|лобзик ручной|1|35
20.03.2018|приход|сантехник|масло H2O|1|5
20.03.2018|приход|сантехник|мастер  «Сила»180|1|60
20.03.2018|приход|сантехник|мастер “Америка»200|2|62
20.03.2018|приход|сантехник|мастер «Интертул»160|1|50
20.03.2018|приход|сантехник|мастер «Интертул»180|1|58
20.03.2018|приход|сантехник|мастер «Ростек»160|1|73
20.03.2018|приход|сантехник|мастер «Сигма»160|1|45
20.03.2018|приход|сантехник|мастер «Сигма»180|1|57
20.03.2018|приход|сантехник|мастер «Сила»200|1|75
20.03.2018|приход|сантехник|Мастер Сигма 160|1|50
20.03.2018|приход|сантехник|Мастер Сигма 180|1|57
20.03.2018|приход|сантехник|мастерок бетонщика|5|25
20.03.2018|приход|сантехник|мастерок для внутреннего угла|2|79
20.03.2018|приход|сантехник|мастерок для наружного угла|1|67
20.03.2018|приход|сантехник|мастерок капля|1|25
20.03.2018|приход|сантехник|мастерок пика|2|20
20.03.2018|приход|сантехник|мастерок плиточника|3|25
20.03.2018|приход|сантехник|мастерок прямоугольник|1|25
20.03.2018|приход|сантехник|мастерок четырехугольный|5|25
20.03.2018|приход|сантехник|мастерок чирва|4|25
20.03.2018|приход|сантехник|метчик м-12|1|38
20.03.2018|приход|сантехник|метчик м-4|1|27
20.03.2018|приход|сантехник|метчик м-6|1|22
20.03.2018|приход|сантехник|метчик М12 на 1,5|1|28
20.03.2018|приход|сантехник|метчик на 14|1|75
20.03.2018|приход|сантехник|миксер большой|4|25
20.03.2018|приход|сантехник|миксер для краски 100|8|26
20.03.2018|приход|сантехник|миксер для краски 50|1|18
20.03.2018|приход|сантехник|миксер под перфор 100|2|58
20.03.2018|приход|сантехник|миксер под перфор 80|3|52
20.03.2018|приход|сантехник|миксер средний|8|21
20.03.2018|приход|сантехник|Молоток 0,8 кг|3|85
20.03.2018|приход|сантехник|Молоток 0,8 кг|1|83
20.03.2018|приход|сантехник|Молоток 0,8 кг|1|73
20.03.2018|приход|сантехник|Молоток 1 кг|1|105
20.03.2018|приход|сантехник|Молоток 1 кг|1|100
20.03.2018|приход|сантехник|Молоток 1 кг|2|97
20.03.2018|приход|сантехник|Молоток 1 кг|1|80
20.03.2018|приход|сантехник|Молоток 100 гр|1|35
20.03.2018|приход|сантехник|молоток американка|1|70
20.03.2018|приход|сантехник|набор насадок с огран по гипсокарт|10|10
20.03.2018|приход|сантехник|набор отверток|1|41
20.03.2018|приход|сантехник|набор пайки|3|10
20.03.2018|приход|сантехник|наждачн бумага по шт|29|7
20.03.2018|приход|сантехник|наждачная бумага №120 м|100|23
20.03.2018|приход|сантехник|наждачная бумага №240 м|50|27
20.03.2018|приход|сантехник|напильник  ромб 150 мм|2|20
20.03.2018|приход|сантехник|напильник 3х гранный 200 м|9|19
20.03.2018|приход|сантехник|напильник 3х гранный 250 м|2|26
20.03.2018|приход|сантехник|напильник 3х гранный 300 м|4|28
20.03.2018|приход|сантехник|напильник 3х гранный Луганск|2|27
20.03.2018|приход|сантехник|напильник 3х угольный|4|23
20.03.2018|приход|сантехник|напильник для цепи|4|27
20.03.2018|приход|сантехник|напильник круглый 200 мм|8|18
20.03.2018|приход|сантехник|напильник круглый 250|1|28
20.03.2018|приход|сантехник|напильник круглый 250|1|25
20.03.2018|приход|сантехник|напильник круглый 250 мм|6|25
20.03.2018|приход|сантехник|напильник круглый 300|1|30
20.03.2018|приход|сантехник|напильник плоский |1|20
20.03.2018|приход|сантехник|напильник плоский 100 мм|10|15
20.03.2018|приход|сантехник|напильник плоский 150 мм|5|20
20.03.2018|приход|сантехник|напильник плоский 200|1|27
20.03.2018|приход|сантехник|напильник плоский 200 мм|6|27
20.03.2018|приход|сантехник|напильник плоский 250|1|38
20.03.2018|приход|сантехник|напильник плоский 250 мм|3|38
20.03.2018|приход|сантехник|напильник ромбич|4|25
20.03.2018|приход|сантехник|напильник треуголь|2|27
20.03.2018|приход|сантехник|напильник треуголь длин|1|30
20.03.2018|приход|сантехник|насадка РН-2|12|11
20.03.2018|приход|сантехник|насадка торцевая 10 мм|1|19
20.03.2018|приход|сантехник|насадка шестигранная 16 мм|1|26
20.03.2018|приход|сантехник|насадка шестигранная 8 мм|1|19
20.03.2018|приход|сантехник|насос велосипедный|1|68
20.03.2018|приход|сантехник|натфиль|4|2,5
20.03.2018|приход|сантехник|нож канцеляр  9мм|1|13
20.03.2018|приход|сантехник|нож канцеляр  Sigma 18мм|1|75
20.03.2018|приход|сантехник|нож канцеляр 18мм|1|8
20.03.2018|приход|сантехник|нож канцеляр Интертол 18мм|1|50
20.03.2018|приход|сантехник|нож канцеляр Интертол 18мм|1|28
20.03.2018|приход|сантехник|нож канцеляр Интертол 18мм|1|25
20.03.2018|приход|сантехник|нож строительный 18мм|2|28
20.03.2018|приход|сантехник|нож строительный 18мм|3|25
20.03.2018|приход|сантехник|нож строительный 18мм|1|25
20.03.2018|приход|сантехник|нож строительный 18мм|5|16
20.03.2018|приход|сантехник|нож строительный 18мм|2|10,5
20.03.2018|приход|сантехник|нож строительный 18мм|10|8,5
20.03.2018|приход|сантехник|нож строительный 18мм|11|8
20.03.2018|приход|сантехник|нож строительный 18мм|2|5
20.03.2018|приход|сантехник|нож строительный 9мм|4|13
20.03.2018|приход|сантехник|Ножбумага 100|17|28
20.03.2018|приход|сантехник|Ножбумага 100|31|27
20.03.2018|приход|сантехник|Ножбумага 120|25|27
20.03.2018|приход|сантехник|Ножбумага 150|45|27
20.03.2018|приход|сантехник|Ножбумага 180|15|27
20.03.2018|приход|сантехник|Ножбумага 240|44|27
20.03.2018|приход|сантехник|Ножбумага 320|23|27
20.03.2018|приход|сантехник|Ножбумага 40|15|27
20.03.2018|приход|сантехник|Ножбумага 80|38|27
20.03.2018|приход|сантехник|Ножницы |1|35
20.03.2018|приход|сантехник|Ножницы 155 мм|2|40
20.03.2018|приход|сантехник|Ножницы 180 мм|2|40
20.03.2018|приход|сантехник|Ножницы 220 мм|1|45
20.03.2018|приход|сантехник|Ножницы 220 мм|4|45
20.03.2018|приход|сантехник|Ножницы б|1|50
20.03.2018|приход|сантехник|Ножницы б|1|35
20.03.2018|приход|сантехник|Ножницы м|1|18
20.03.2018|приход|сантехник|ножницы по м/п|1|97
20.03.2018|приход|сантехник|ножницы по мет Grad 250 мм|2|70
20.03.2018|приход|сантехник|ножницы по металу|1|70
20.03.2018|приход|сантехник|ножницы по металу|1|70
20.03.2018|приход|сантехник|ножницы по металу|1|65
20.03.2018|приход|сантехник|Ножницы с|1|22
20.03.2018|приход|сантехник|ножницы,,,|2|55
20.03.2018|приход|сантехник|ножовка Sigma 400 мм|1|125
20.03.2018|приход|сантехник|ножовки дер ручк|1|68
20.03.2018|приход|сантехник|ножовки дер ручк|1|53
20.03.2018|приход|сантехник|ножовки Интертол|1|97
20.03.2018|приход|сантехник|ножовки Интертол 400мм |1|72
20.03.2018|приход|сантехник|ножовки Интертол 450 мм|1|145
20.03.2018|приход|сантехник|ножовки Интертол 450 мм|2|77
20.03.2018|приход|сантехник|ножовки по дер Техникс 400 мм|1|88
20.03.2018|приход|сантехник|ножовки по мет пласм ручка|2|65
20.03.2018|приход|сантехник|ножовки Техникс 450 мм|1|105
20.03.2018|приход|сантехник|олово|7|4,5
20.03.2018|приход|сантехник|Олово 40|1|35
20.03.2018|приход|сантехник|олово б|17|50
20.03.2018|приход|сантехник|олово м|8|30
20.03.2018|приход|сантехник|Отвертка 2 в 1 |2|49
20.03.2018|приход|сантехник|Отвертка 2 в 1 |1|28
20.03.2018|приход|сантехник|Отвертка 2 в 1 б|1|14
20.03.2018|приход|сантехник|Отвертка 2 в 1 м|1|7
20.03.2018|приход|сантехник|Отвертка 2 в 1 с|1|12
20.03.2018|приход|сантехник|Отвертка 4 в 1 |5|40
20.03.2018|приход|сантехник|отвертка б|3|15
20.03.2018|приход|сантехник|отвертка б|3|14
20.03.2018|приход|сантехник|отвертка б (*)|2|24
20.03.2018|приход|сантехник|отвертка Интертал 5x125 «-»|1|26
20.03.2018|приход|сантехник|отвертка Интертал 6х150 «-»|2|32
20.03.2018|приход|сантехник|отвертка Интертал 8х150 «-»|1|43
20.03.2018|приход|сантехник|отвертка крестовая|1|12
20.03.2018|приход|сантехник|отвертка м|5|7,5
20.03.2018|приход|сантехник|отвертка набор сила|1|120
20.03.2018|приход|сантехник|отвертка с|4|15
20.03.2018|приход|сантехник|отвертка с|5|12
20.03.2018|приход|сантехник|отвертка с насадкой 20 нас|1|67
20.03.2018|приход|сантехник|отвертка с рез ручкой|1|49
20.03.2018|приход|сантехник|отвертка ударная 2х150(+)|1|42
20.03.2018|приход|сантехник|отвертка ударная 6х150(-)|1|42
20.03.2018|приход|сантехник|отвертка Berg пупс 1x38 «+»|1|60
20.03.2018|приход|сантехник|отвертка Berg пупс 5,5x38 «-»|1|60
20.03.2018|приход|сантехник|отвертка Range 8x150 «-»|1|39
20.03.2018|приход|сантехник|отвертка Sigma 0х100 «+»|3|25,5
20.03.2018|приход|сантехник|отвертка Sigma 2х150 «+»|1|37
20.03.2018|приход|сантехник|отвертка Sigma 2х150 «+»|1|37
20.03.2018|приход|сантехник|отвертка Sigma 2х38 «+»|1|26
20.03.2018|приход|сантехник|отвертка Sigma 5х100 «-»|1|29
20.03.2018|приход|сантехник|отвертка Sigma 5х125 «-»|1|30
20.03.2018|приход|сантехник|отвертка Sigma 6х100 «-»|1|35
20.03.2018|приход|сантехник|отвертка Sigma 6x125 «-»|1|38
20.03.2018|приход|сантехник|отвертка Technics 1х125 «+»|1|30
20.03.2018|приход|сантехник|отвертка Technics 1х75 «+»|1|26
20.03.2018|приход|сантехник|отвертка Technics 2х150 «+»|1|33
20.03.2018|приход|сантехник|отвертка Technics 6х150 «-»|1|30,5
20.03.2018|приход|сантехник|отвертки 3х150|1|27
20.03.2018|приход|сантехник|отверточные насадки|6|17
20.03.2018|приход|сантехник|отвес 100г|1|36
20.03.2018|приход|сантехник|Отвес 300 г Orange|1|25
20.03.2018|приход|сантехник|отвес малярный |1|36
20.03.2018|приход|сантехник|очки сварные кругл|1|37
20.03.2018|приход|сантехник|очки сварные ровн|1|38
20.03.2018|приход|сантехник|пакля м|6|10
20.03.2018|приход|сантехник|пилка по металлу Tehnick |1|58
20.03.2018|приход|сантехник|пилочка для ручного лобзика|90|0,5
20.03.2018|приход|сантехник|пилочка на лобзик  мет|1|10
20.03.2018|приход|сантехник|пилочка на лобзик дер|5|11
20.03.2018|приход|сантехник|пилочка на лобзик дер|9|10,5
20.03.2018|приход|сантехник|пилочка на лобзик дер|4|10
20.03.2018|приход|сантехник|пилочка на лобзик дер|24|9
20.03.2018|приход|сантехник|пилочка на лобзик дер длин|6|17
20.03.2018|приход|сантехник|пилочка на лобзик мет длин|8|17
20.03.2018|приход|сантехник|пилочка на ручку лобзика|700|0,5
20.03.2018|приход|сантехник|пистолет для подкач Sigma |1|200
20.03.2018|приход|сантехник|плашка двойн Viko|1|29
20.03.2018|приход|сантехник|плашка м-10|1|41
20.03.2018|приход|сантехник|плашка м-6|1|32
20.03.2018|приход|сантехник|плашка м-8|1|33
20.03.2018|приход|сантехник|плоскогубцы|1|57
20.03.2018|приход|сантехник|Плоскогубцы 160 мм Интертол|1|79
20.03.2018|приход|сантехник|Плоскогубцы 180 мм Интертол|2|92
20.03.2018|приход|сантехник|Плоскогубцы 180 мм Technics|1|102
20.03.2018|приход|сантехник|плоскогубцы мален|1|36
20.03.2018|приход|сантехник|плоскогубцы160 амер|3|42
20.03.2018|приход|сантехник|Подшипник 7 шариков|20|2,5
20.03.2018|приход|сантехник|Подшипник 8 шариков|20|2,5
20.03.2018|приход|сантехник|подшипник педальный больш|18|2,5
20.03.2018|приход|сантехник|подшипник педальный мал|19|2,5
20.03.2018|приход|сантехник|подшипник шарик|18|2,5
20.03.2018|приход|сантехник|полумесяц|5|11
20.03.2018|приход|сантехник|полутер 180х320|1|15
20.03.2018|приход|сантехник|Полутер 200|1|10
20.03.2018|приход|сантехник|Полутер 250|1|12
20.03.2018|приход|сантехник|Полутер 400|7|17
20.03.2018|приход|сантехник|полутер пеноп 500|18|25
20.03.2018|приход|сантехник|полутер пеноп 600|4|35
20.03.2018|приход|сантехник|полутер пеноп 700|7|36
20.03.2018|приход|сантехник|проволока свар 1кг|1|80
20.03.2018|приход|сантехник|проволока свар 2,5кг|2|170
20.03.2018|приход|сантехник|Пупс 2 в 1|1|12,5
20.03.2018|приход|сантехник|пупс двойной|1|22
20.03.2018|приход|сантехник|пупс отвертка|2|12
20.03.2018|приход|сантехник|пятаки войлочные под нож|50|0,75
20.03.2018|приход|сантехник|Резинка 124*110|1|10
20.03.2018|приход|сантехник|Резинка 70*50|14|7
20.03.2018|приход|сантехник|резинка конусна 40|1|6
20.03.2018|приход|сантехник|резинка стяжная 0,8 м|1|15
20.03.2018|приход|сантехник|рем комплект на лампу паяльную|1|18
20.03.2018|приход|сантехник|рем комплект на лампу паяльную|1|15
20.03.2018|приход|сантехник|ремкомплект на лампу|5|15
20.03.2018|приход|сантехник|розшивка будівельна|3|17
20.03.2018|приход|сантехник|Рулетка  Мисури 3 м|5|27
20.03.2018|приход|сантехник|Рулетка «line» 3 м|5|59
20.03.2018|приход|сантехник|рулетка «line» 5 м|3|70
20.03.2018|приход|сантехник|Рулетка дешовая 10 м|3|75
20.03.2018|приход|сантехник|Рулетка Интертул 3 м |3|33
20.03.2018|приход|сантехник|Рулетка Интертул 5 м|3|45
20.03.2018|приход|сантехник|Рулетка Сила 3 м|1|75
20.03.2018|приход|сантехник|Рулетка Сила 3 м|1|63
20.03.2018|приход|сантехник|Рулетка Сила 3 м|1|35
20.03.2018|приход|сантехник|Рулетка Сила 5 м|1|55
20.03.2018|приход|сантехник|Рулетка Сила 8 м|1|122
20.03.2018|приход|сантехник|Рулетка Сила 8 м|2|90
20.03.2018|приход|сантехник|Рулетка Сила 8 м |1|102
20.03.2018|приход|сантехник|Рулетка Grad  5 м|3|37
20.03.2018|приход|сантехник|Рулетка Grad  5 м|2|35
20.03.2018|приход|сантехник|Рулетка Orient 3 м|1|25
20.03.2018|приход|сантехник|Рулетка Orient 5 м|1|58
20.03.2018|приход|сантехник|Рулетка S-line 5 м|2|83
20.03.2018|приход|сантехник|Рулетка S-line 8м|2|115
20.03.2018|приход|сантехник|Рулетка Sigma 10 м |1|125
20.03.2018|приход|сантехник|Рулетка Sigma 20 м|2|110
20.03.2018|приход|сантехник|Рулетка Sigma 3 м|2|40
20.03.2018|приход|сантехник|Рулетка Sigma 30 м|1|140
20.03.2018|приход|сантехник|Рулетка Sigma 5 м|2|78
20.03.2018|приход|сантехник|Рулетка Sobi 2 м|1|52
20.03.2018|приход|сантехник|Рулетка Technics 10 м|1|75
20.03.2018|приход|сантехник|Рулетка Technics 10 м|1|62
20.03.2018|приход|сантехник|Рулетка Technics 2 м|2|27
20.03.2018|приход|сантехник|Рулетка Technics 30 м|3|120
20.03.2018|приход|сантехник|Рулетка Technics 5 м|4|65
20.03.2018|приход|сантехник|ручка для ножов полотна длинная|1|14
20.03.2018|приход|сантехник|ручка для ножов полотна корот|1|11,5
20.03.2018|приход|сантехник|ручка на газ печку пл|3|5
20.03.2018|приход|сантехник|ручка на напильн 115мм|9|10,5
20.03.2018|приход|сантехник|ручка на напильн 135мм|4|11
20.03.2018|приход|сантехник|ручка на напильн 90мм|9|10
20.03.2018|приход|сантехник|саморез П/Ш 4,2*19|560|0,25
20.03.2018|приход|сантехник|саморез П/Ш 4,2*25|480|0,3
20.03.2018|приход|сантехник|саморез П/Ш 4,2*41|119|0,4
20.03.2018|приход|сантехник|саморез П/Ш 4,2*63|190|0,7
20.03.2018|приход|сантехник|саморез П/Ш 4,2*70|247|0,7
20.03.2018|приход|сантехник|саперка|1|58
20.03.2018|приход|сантехник|сетка затирочная|300|3,5
20.03.2018|приход|сантехник|сетка затирочная|967|3,5
20.03.2018|приход|сантехник|сетка фас помаранч|50|18
20.03.2018|приход|сантехник|сетка фас помаранч|50|12
20.03.2018|приход|сантехник|сетка фас синяя|50|12
20.03.2018|приход|сантехник|стамеска Berg 12 мм|1|60
20.03.2018|приход|сантехник|стамеска Mastertol 16мм|1|83
20.03.2018|приход|сантехник|стамеска Sigma 14 мм|1|80,5
20.03.2018|приход|сантехник|стамеска Sigma 18 мм|2|85
20.03.2018|приход|сантехник|стамеска Sigma 20 мм|1|88,5
20.03.2018|приход|сантехник|Стаместка 8 мм Sigma |2|42
20.03.2018|приход|сантехник|степлер домаш мастер|2|140
20.03.2018|приход|сантехник|степлер sigma|1|185
20.03.2018|приход|сантехник|степлер technics|1|200
20.03.2018|приход|сантехник|струбцина стопер|1|67
20.03.2018|приход|сантехник|Стусло 220*60*70|1|20
20.03.2018|приход|сантехник|Стусло 310*70*100|1|63
20.03.2018|приход|сантехник|Стусло 315*80*80|1|50
20.03.2018|приход|сантехник|терка|4|47
20.03.2018|приход|сантехник|терка для сетки затир|1|18
20.03.2018|приход|сантехник|терка карс|1|17
20.03.2018|приход|сантехник|терка конус 130*270|6|17
20.03.2018|приход|сантехник|терка короед|1|26
20.03.2018|приход|сантехник|терка мет 130*270 с зубьями|3|47
20.03.2018|приход|сантехник|терка пеноп 180х320|14|15
20.03.2018|приход|сантехник|терка пласт 140х250|4|15
20.03.2018|приход|сантехник|терка пласт 200|15|10
20.03.2018|приход|сантехник|терка пласт 250|13|12
20.03.2018|приход|сантехник|терка под затир сетку|1|20
20.03.2018|приход|сантехник|терка полиурит 12*10|1|32
20.03.2018|приход|сантехник|терка полиурит 12*24|1|40
20.03.2018|приход|сантехник|терка полиурит 14*28|1|45
20.03.2018|приход|сантехник|терка полиурит 18*32|1|63
20.03.2018|приход|сантехник|терка ровная|1|47
20.03.2018|приход|сантехник|терка сетки интертол|3|20
20.03.2018|приход|сантехник|удлинитель биты|1|19
20.03.2018|приход|сантехник|удлинитель биты|3|17
20.03.2018|приход|сантехник|удлинитель ворон|1|92
20.03.2018|приход|сантехник|уровень 1м technics|1|155
20.03.2018|приход|сантехник|уровень 1м technics|1|86
20.03.2018|приход|сантехник|Уровень 30 см Бригадир|1|58
20.03.2018|приход|сантехник|Уровень 40 см |1|35
20.03.2018|приход|сантехник|Уровень 40 см Бригадир|1|69
20.03.2018|приход|сантехник|уровень 60см technics|1|184
20.03.2018|приход|сантехник|Уровень 80 cm TOOCS|1|145
20.03.2018|приход|сантехник|уровень 80cм technics|1|215
20.03.2018|приход|сантехник|уровень воды 25м|25|6
20.03.2018|приход|сантехник|уровень воды 3м|1|30
20.03.2018|приход|сантехник|уровень воды 3м|1|27
20.03.2018|приход|сантехник|уровень воды 5м|1|35
20.03.2018|приход|сантехник|уровень воды 7м|1|46
20.03.2018|приход|сантехник|утконосы «Интертул»160|5|37
20.03.2018|приход|сантехник|утконосы мален|1|42
20.03.2018|приход|сантехник|фитиль|4|5
20.03.2018|приход|сантехник|шарнир карданный ½|1|78
20.03.2018|приход|сантехник|шестигранник мебельный|10|3
20.03.2018|приход|сантехник|шестигранник на 6 |4|15
20.03.2018|приход|сантехник|шестигранник на 8|5|26
20.03.2018|приход|сантехник|шестигранников набор|4|23
20.03.2018|приход|сантехник|шестигранников набор |2|30
20.03.2018|приход|сантехник|шнур отбивочный|1|42
20.03.2018|приход|сантехник|шпатель 100мм|7|13,5
20.03.2018|приход|сантехник|Шпатель 150 мм|1|17
20.03.2018|приход|сантехник|шпатель 150мм|7|17
20.03.2018|приход|сантехник|Шпатель 200 мм|1|19,5
20.03.2018|приход|сантехник|шпатель 200мм|5|19,5
20.03.2018|приход|сантехник|шпатель 250мм|5|25
20.03.2018|приход|сантехник|шпатель 300мм|4|31
20.03.2018|приход|сантехник|шпатель 350мм|6|30
20.03.2018|приход|сантехник|Шпатель 40 мм|1|8
20.03.2018|приход|сантехник|шпатель 40мм|6|8
20.03.2018|приход|сантехник|шпатель 450мм|3|40
20.03.2018|приход|сантехник|Шпатель 60 мм|1|10
20.03.2018|приход|сантехник|Шпатель 600 мм|1|50
20.03.2018|приход|сантехник|шпатель 600мм|2|50
20.03.2018|приход|сантехник|шпатель 60мм|3|10
20.03.2018|приход|сантехник|Шпатель 80 мм|1|12
20.03.2018|приход|сантехник|шпатель 80мм|8|12
20.03.2018|приход|сантехник|шпатель зубн 150мм|6|18
20.03.2018|приход|сантехник|шпатель зубн 200мм|3|21
20.03.2018|приход|сантехник|шпатель зубн 350мм|6|31
20.03.2018|приход|сантехник|шпатель рез набор |2|10
20.03.2018|приход|сантехник|шпатель резин|1|8
20.03.2018|приход|сантехник|шпатель резин|1|7
20.03.2018|приход|сантехник|шпатель резин|1|6
20.03.2018|приход|сантехник|шпатель резин|1|5
20.03.2018|приход|сантехник|щетка дрот с пласм ручкой|1|22
20.03.2018|приход|сантехник|щетка дрот с пласм ручкой|2|17
20.03.2018|приход|сантехник|щетка крацовка Ø115 мм жест|1|65
20.03.2018|приход|сантехник|щетка крацовка Ø115 мм мягк|2|43
20.03.2018|приход|сантехник|щетка крацовка Ø115 мм под заж гайку|1|70
20.03.2018|приход|сантехник|щетка крацовка Ø115 мм под заж гайку|1|66
20.03.2018|приход|сантехник|щетка крацовка Ø125 мм жест|2|115
20.03.2018|приход|сантехник|щетка крацовка Ø125 мм жест|1|72
20.03.2018|приход|сантехник|щетка крацовка Ø125 мм жестк|1|76
20.03.2018|приход|сантехник|щетка крацовка Ø125 мм мягк|1|105
20.03.2018|приход|сантехник|щетка крацовка Ø125 мм мягк|3|66
20.03.2018|приход|сантехник|щетка крацовка Ø125 мм Sigma жест|1|67
20.03.2018|приход|сантехник|щетка крацовка Ø125 мм Sigma мягк|1|63
20.03.2018|приход|сантехник|щетка крацовка Ø150 мм|1|112
20.03.2018|приход|сантехник|щетка крацовки|1|70
20.03.2018|приход|сантехник|щетка крацовки|1|65
20.03.2018|приход|сантехник|щетка крацовки|1|26
20.03.2018|приход|сантехник|щетка крацовки|1|25
20.03.2018|приход|сантехник|щетка крацовки d 115 мм|4|58
20.03.2018|приход|сантехник|щетка крацовки d 115 мм жесткая сигма|1|63
20.03.2018|приход|сантехник|щетка крацовки d 125 мм жесткая сигма|1|67
20.03.2018|приход|сантехник|щетка крацовки d 125 мм жесткая сигма заж|1|63
20.03.2018|приход|сантехник|щетка крацовки d 125 мм мягкая сигма|2|63
20.03.2018|приход|сантехник|щетка по металу многор|1|15
20.03.2018|приход|сантехник|щипцы «Grad» 150 мм|1|63
20.03.2018|приход|сантехник|щипцы для стопор колец  180 мм|2|65
20.03.2018|приход|сантехник|щипцы для стопорн колец Sigma|1|72
20.03.2018|приход|сантехник|щипцы стопорн колец Сила набор |1|215
20.03.2018|приход|сантехник|эксцентрик набор |2|45
