20.03.2018|приход|моющее|Алюмин пластины для кухни|1|28,00
20.03.2018|приход|моющее|гигиена Доместос 1л|1|54,85
20.03.2018|приход|моющее|гигиена Доместос 1л белый|1|62,15
20.03.2018|приход|моющее|гигиена Доместос 500 бел|1|35,25
20.03.2018|приход|моющее|гигиена Доместос 500 син|5|33,50
20.03.2018|приход|моющее|гигиена Каlius 20|8|16,00
20.03.2018|приход|моющее|гигиена Каlius 20 для приват сектору|1|16,00
20.03.2018|приход|моющее|гигиена Каlius 20 для розкладання|4|16,00
20.03.2018|приход|моющее|гигиена Каlius 50 для приват сектору|1|38,00
20.03.2018|приход|моющее|гигиена крот Милам 1л|1|26,00
20.03.2018|приход|моющее|гигиена Крот Оникс|1|18,00
20.03.2018|приход|моющее|гигиена крот Сама 1л|5|17,00
20.03.2018|приход|моющее|гигиена крот Тегат 1л|1|17,00
20.03.2018|приход|моющее|гигиена Мистер Крот 80|5|9,50
20.03.2018|приход|моющее|гигиена Мр Мускул для ванн 500|1|67,00
20.03.2018|приход|моющее|гигиена мыло д/унитаза запаска|6|6,50
20.03.2018|приход|моющее|гигиена Пуся для ванн 500|2|26,50
20.03.2018|приход|моющее|гигиена Сама для удаления плесени|1|42,00
20.03.2018|приход|моющее|гигиена сантри  Милам  гель 1л|6|30,00
20.03.2018|приход|моющее|гигиена сантри милам 1л|6|22,35
20.03.2018|приход|моющее|гигиена сантри Сама 1л|3|29,50
20.03.2018|приход|моющее|гигиена сантри Tezat  900|6|22,00
20.03.2018|приход|моющее|гигиена сантри Tezat 900 гель|2|15,00
20.03.2018|приход|моющее|гигиена Сарма для ванн 500|1|40,50
20.03.2018|приход|моющее|гигиена см мыло в корзинку колор|5|13,00
20.03.2018|приход|моющее|гигиена см мыло в корзинку Маде|3|10,00
20.03.2018|приход|моющее|гигиена сменное мыло в корзинку 40|1|6,50
20.03.2018|приход|моющее|гигиена ср для туалета Сарма 7в1|1|37,00
20.03.2018|приход|моющее|гигиена Туалетный утенок 500|2|32,00
20.03.2018|приход|моющее|гигиена туалетный утенок стикер|1|23,05
20.03.2018|приход|моющее|гигиена Турбо 50|1|10,00
20.03.2018|приход|моющее|гигиена Турбо гель 500|1|38,00
20.03.2018|приход|моющее|гигиена Турбо для прочистки труб 200|1|35,00
20.03.2018|приход|моющее|гигиена Турбо для прочистки труб 200|1|23,50
20.03.2018|приход|моющее|гигиена Турбо канализ 200|4|27,00
20.03.2018|приход|моющее|гигиена Турбо канализ 200 с активами|1|30,00
20.03.2018|приход|моющее|гигиена Флуп для прочистки труб 60|11|21,00
20.03.2018|приход|моющее|гигиена Юсі briz для ванн 450|1|17,50
20.03.2018|приход|моющее|гигиена Barbuda для холодильн 750|3|43,00
20.03.2018|приход|моющее|гигиена BIOдля акрил поверхн 500|3|38,00
20.03.2018|приход|моющее|гигиена Bref дачный 450 г|1|45,00
20.03.2018|приход|моющее|гигиена Bref запаска 3 шт|1|87,55
20.03.2018|приход|моющее|гигиена Bref корзинка|7|32,25
20.03.2018|приход|моющее|гигиена Bref кубики унитаз 2 шт|13|37,00
20.03.2018|приход|моющее|гигиена Bref кубики унитаз 4 шт|1|54,00
20.03.2018|приход|моющее|гигиена Bref шарик в унитаз|2|24,00
20.03.2018|приход|моющее|гигиена Bref шарик в унитаз|3|24,00
20.03.2018|приход|моющее|гигиена Bref doo стик 6 шт|1|28,50
20.03.2018|приход|моющее|гигиена CIF анти налет 500|1|56,25
20.03.2018|приход|моющее|гигиена CIF для ванн 500|2|18,00
20.03.2018|приход|моющее|гигиена Cillitдля ванн 450|2|36,25
20.03.2018|приход|моющее|гигиена Tiret 500|1|96,50
20.03.2018|приход|моющее|гигиена мыло  в унитаз|1|12,00
20.03.2018|приход|моющее|Д/мебели mebelid|1|42,00
20.03.2018|приход|моющее|Д/мебели pronto|2|62,75
20.03.2018|приход|моющее|д/о «Розумниця»с курком для стекла|1|20,00
20.03.2018|приход|моющее|д/о «Sama»с курком для стекла|5|27,50
20.03.2018|приход|моющее|д/о зимовий омивач скла 1л|1|52,00
20.03.2018|приход|моющее|д/о Мр Мускул |3|42,50
20.03.2018|приход|моющее|д/о Пуся 500 с курком |8|22,00
20.03.2018|приход|моющее|д/о Пуся смен 300|1|15,00
20.03.2018|приход|моющее|д/о Сама смен |2|13,50
20.03.2018|приход|моющее|д/о Сильвия для душевых|1|21,00
20.03.2018|приход|моющее|д/о Сlin  с курком|5|42,15
20.03.2018|приход|моющее|д/о Сlin cмен|9|31,30
20.03.2018|приход|моющее|д/о Чарівниця |1|21,00
20.03.2018|приход|моющее|д/о Я хазяйка 0,5|3|13,50
20.03.2018|приход|моющее|д/о Я хазяйка 0,5 с курком |3|22,00
20.03.2018|приход|моющее|д/о Mr Мускул см|2|32,05
20.03.2018|приход|моющее|д/о Silvia запаска|1|13,00
20.03.2018|приход|моющее|д/о Window|2|22,50
20.03.2018|приход|моющее|д/о Window cмен|1|16,00
20.03.2018|приход|моющее|Д/пола Восход |2|30,00
20.03.2018|приход|моющее|Д/пола Марио 1л|2|26,70
20.03.2018|приход|моющее|Д/пола Мр Мускул  750|3|46,50
20.03.2018|приход|моющее|кондиционер Е 1л|2|39,00
20.03.2018|приход|моющее|кондиционер Е 500|2|21,00
20.03.2018|приход|моющее|кондиционер Пуся 1л|2|25,00
20.03.2018|приход|моющее|кондиционер Силан 1,8л|1|100,00
20.03.2018|приход|моющее|кондиционер Силан 1л|7|51,00
20.03.2018|приход|моющее|кондиционер Силан 500|4|28,90
20.03.2018|приход|моющее|кондиционер Силан 600|1|51,00
20.03.2018|приход|моющее|кондиционер Booster 1k|1|31,00
20.03.2018|приход|моющее|кондиционер Velon 500|2|23,50
20.03.2018|приход|моющее|кондиционер Perfactos 1л|1|36,00
20.03.2018|приход|моющее|м/с Гала глицерин 500|7|18,00
20.03.2018|приход|моющее|м/с Гала холодна сила  1000|8|32,00
20.03.2018|приход|моющее|м/с Гала холодна сила 500|6|16,50
20.03.2018|приход|моющее|м/с Пуся 500|9|12,00
20.03.2018|приход|моющее|м/с Сама 500|1|19,50
20.03.2018|приход|моющее|м/с сарма 500|5|22,00
20.03.2018|приход|моющее|м/с Софин 500|3|11,50
20.03.2018|приход|моющее|м/с Ушастый нянь 500|2|28,50
20.03.2018|приход|моющее|м/с Фейри 1л|2|47,40
20.03.2018|приход|моющее|м/с Чарівниця 500|1|11,50
20.03.2018|приход|моющее|м/с Чистюля  0,5|1|20,00
20.03.2018|приход|моющее|м/с Bunny 500|1|12,00
20.03.2018|приход|моющее|м/с Donat clean 500|1|14,00
20.03.2018|приход|моющее|м/с Fairy 500|4|25,00
20.03.2018|приход|моющее|М/с Helper гель 300|1|21,00
20.03.2018|приход|моющее|м/с Silvia 500|6|16,00
20.03.2018|приход|моющее|м/с Silvia 500|1|12,50
20.03.2018|приход|моющее|м/с Sunny day 300|3|21,00
20.03.2018|приход|моющее|осв воздуха ЕСО 300|1|23,00
20.03.2018|приход|моющее|осв воздуха Domo|4|25,00
20.03.2018|приход|моющее|осв воздуха Flawer    shop|3|25,00
20.03.2018|приход|моющее|осв воздуха Glade 260|4|31,00
20.03.2018|приход|моющее|осв воздуха Glade освеж авто|2|81,25
20.03.2018|приход|моющее|осв воздуха Glade cпрей 405|1|55,00
20.03.2018|приход|моющее|осв воздуха Symphony 300|1|28,00
20.03.2018|приход|моющее|отбеливатель  босс 80|1|8,50
20.03.2018|приход|моющее|Отбеливатель  Ваниш 100|1|30,00
20.03.2018|приход|моющее|Отбеливатель  Ваниш 750|2|113,05
20.03.2018|приход|моющее|отбеливатель  ваниш против пят 30|2|15,00
20.03.2018|приход|моющее|Отбеливатель 100 ваниш|1|17,15
20.03.2018|приход|моющее|Отбеливатель 200 Бел паруса|2|11,00
20.03.2018|приход|моющее|Отбеливатель 200 Босс|6|23,15
20.03.2018|приход|моющее|отбеливатель 450 ваниш голд|1|41,75
20.03.2018|приход|моющее|Отбеливатель 500 Бел пар унив|1|25,50
20.03.2018|приход|моющее|Отбеливатель 800 Сама унив|1|25,50
20.03.2018|приход|моющее|Отбеливатель белизна «Милам»|2|12,00
20.03.2018|приход|моющее|Отбеливатель белизна Калушанка 1л|1|8,50
20.03.2018|приход|моющее|Отбеливатель белизна лимон 1л Юка|5|12,00
20.03.2018|приход|моющее|Отбеливатель белизна Сама 1л|6|12,00
20.03.2018|приход|моющее|Отбеливатель Белизна Чистюля лимон|1|11,00
20.03.2018|приход|моющее|Отбеливатель белизна Юка 1л|6|11,00
20.03.2018|приход|моющее|Отбеливатель Персоль 1л|5|62,00
20.03.2018|приход|моющее|Отбеливатель Тортила|3|15,00
20.03.2018|приход|моющее|пятновыводитель Белые паруса|2|11,00
20.03.2018|приход|моющее|пятновыводитель Босс 200|1|23,15
20.03.2018|приход|моющее|пятновыводитель Сама |3|38,00
20.03.2018|приход|моющее|с/п 350г авт Макс|5|14,50
20.03.2018|приход|моющее|с/п 350г ручная Лотос-м|4|12,50
20.03.2018|приход|моющее|с/п 400г авт Друг|2|17,00
20.03.2018|приход|моющее|с/п 400г авт Сарма для всех типов|6|19,35
20.03.2018|приход|моющее|с/п 400г авт Чайка|5|14,85
20.03.2018|приход|моющее|с/п 400г авт Fresh|6|13,50
20.03.2018|приход|моющее|с/п 400г авт GALA|1|17,50
20.03.2018|приход|моющее|с/п 400г авт REX|2|18,50
20.03.2018|приход|моющее|с/п 400г авт SAMA|5|13,00
20.03.2018|приход|моющее|с/п 400г авт SAVEX|7|18,00
20.03.2018|приход|моющее|с/п 400г авт SILA|3|17,50
20.03.2018|приход|моющее|с/п 400г авт Sun day|1|13,00
20.03.2018|приход|моющее|с/п 400г ручная Ушаст нянь|4|21,25
20.03.2018|приход|моющее|с/п 400г ручная чайка|4|14,00
20.03.2018|приход|моющее|с/п 400г ручная GALA|6|15,15
20.03.2018|приход|моющее|с/п 400г ручная PERSIL|7|25,50
20.03.2018|приход|моющее|с/п 400г ручная REX|3|16,90
20.03.2018|приход|моющее|с/п 400г ручная SAMA|3|12,50
20.03.2018|приход|моющее|с/п 400г ручная SARMA|1|16,45
20.03.2018|приход|моющее|с/п 400г ручная SAVEX|8|17,00
20.03.2018|приход|моющее|с/п 400г ручная TIDE|1|21,15
20.03.2018|приход|моющее|с/п 400г Sila для всех типов|1|17,50
20.03.2018|приход|моющее|с/п 450г авт ариэль |3|36,25
20.03.2018|приход|моющее|c/п 450гручная Парус |1|12,50
20.03.2018|приход|моющее|с/п 450г авт лоск|3|30,00
20.03.2018|приход|моющее|с/п 450г авт персил|6|28,50
20.03.2018|приход|моющее|с/п 450г авт Т-порошок|1|12,00
20.03.2018|приход|моющее|с/п 450г авт TIDE|1|29,50
20.03.2018|приход|моющее|с/п 450г ручная ARIEL|6|27,50
20.03.2018|приход|моющее|с/п 450г ручная LOSK|3|25,00
20.03.2018|приход|моющее|с/п 500г ручная Белые паруса|1|27,50
20.03.2018|приход|моющее|с/п авт 15кг Ариэль|1,00|535,00
20.03.2018|приход|моющее|с/п авт 1,5кг Белые паруса|6,00|50,00
20.03.2018|приход|моющее|с/п авт 3кг Гала|3,00|86,25
20.03.2018|приход|моющее|с/п авт 800г Макс|3,00|27,00
20.03.2018|приход|моющее|с/п авт 350г МАХ|9,00|12,50
20.03.2018|приход|моющее|с/п авт 3кг Парус|1,00|145,50
20.03.2018|приход|моющее|с/п авт 1,2кг Савекс|1,00|52,00
20.03.2018|приход|моющее|с/п авт 2,4кг Савекс|1,00|105,25
20.03.2018|приход|моющее|с/п авт 800г Сама|1,00|32,00
20.03.2018|приход|моющее|с/п авт 4,5кг Ушастый нянь|1,00|189,15
20.03.2018|приход|моющее|с/п ручн 2кг Чайка|2,00|72,00
20.03.2018|приход|моющее|с/п авт 3кг Чайка|1,00|90,00
20.03.2018|приход|моющее|с/п авт 2кг Чайка|1,00|72,00
20.03.2018|приход|моющее|с/п авт 3кг Best|1,00|105,00
20.03.2018|приход|моющее|с/п авт 400г DAX|2,00|13,00
20.03.2018|приход|моющее|с/п авт 400г Freсh|6,00|12,50
20.03.2018|приход|моющее|с/п авт 1,5кг GALA|2,00|46,25
20.03.2018|приход|моющее|с/п авт 3кг GALA|1,00|118,65
20.03.2018|приход|моющее|с/п авт 3кг GALA|3,00|86,25
20.03.2018|приход|моющее|с/п авт 1,5кг LOSK|1,00|103,75
20.03.2018|приход|моющее|с/п авт 3кг LOSK|2,00|127,75
20.03.2018|приход|моющее|с/п авт 6кг LOSK|1,00|243,75
20.03.2018|приход|моющее|с/п ручн 1,8кг Losk|2,00|90,75
20.03.2018|приход|моющее|с/п авт 1,5кг Persil|1,00|87,50
20.03.2018|приход|моющее|с/п авт 3кг Persil|1,00|170,00
20.03.2018|приход|моющее|с/п авт 00кг Persil caps|20,00|7,00
20.03.2018|приход|моющее|с/п авт 4,5кг Persil color|1,00|309,50
20.03.2018|приход|моющее|с/п авт 6кг Persil color|1,00|302,00
20.03.2018|приход|моющее|с/п авт 4,5кг Pravo|1,00|126,00
20.03.2018|приход|моющее|с/п авт 1,5кг REX|1,00|72,25
20.03.2018|приход|моющее|с/п авт 3кг REX|1,00|118,75
20.03.2018|приход|моющее|с/п авт 2,4кг REX детс|2,00|105,25
20.03.2018|приход|моющее|с/п авт 2,4кг Sarma|1,00|102,25
20.03.2018|приход|моющее|с/п унив 800г Sarma|6,00|36,00
20.03.2018|приход|моющее|с/п унив 1,5кг SILA|1,00|52,00
20.03.2018|приход|моющее|с/п авт 3кг Sun day|1,00|90,00
20.03.2018|приход|моющее|с/п авт 1,5кг TIDE|2,00|92,85
20.03.2018|приход|моющее|с/п гель  авт САМА 4л|1|96,00
20.03.2018|приход|моющее|с/п гель  авт Чайка 1л|1|46,00
20.03.2018|приход|моющее|с/п гель  авт ALL 1л|1|40,00
20.03.2018|приход|моющее|с/п гель  авт ALL 3л|4|79,00
20.03.2018|приход|моющее|с/п гель  авт Miss 3л|1|90,00
20.03.2018|приход|моющее|с/п гель  авт Persil 4л|1|165,00
20.03.2018|приход|моющее|с/п гель  авт POWER WAT 4л|1|120,00
20.03.2018|приход|моющее|с/п гель  Persil color 1,46л|1|215,40
20.03.2018|приход|моющее|с/п гель  REXl color 1,32л|1|75,00
20.03.2018|приход|моющее|с/п гель  SAVEX 1,3л|1|102,00
20.03.2018|приход|моющее|с/п гель Белые паруса 100|14|7,00
20.03.2018|приход|моющее|с/п гель Белые Паруса 500г|2|25,50
20.03.2018|приход|моющее|с/п гель Белые Паруса п/р 100г|5|11,00
20.03.2018|приход|моющее|с/п гель Пуся|3|29,00
20.03.2018|приход|моющее|с/п гель Losk 1,46л|1|120,00
20.03.2018|приход|моющее|с/п гель Perwoll 1л|4|62,00
20.03.2018|приход|моющее|С/п гель TERSY |2|60,00
20.03.2018|приход|моющее|c/п гель NOWY MIS|1|95,00
20.03.2018|приход|моющее|синька Ленок 100мл|5|12,00
20.03.2018|приход|моющее|синька Сана 100|1|12,00
20.03.2018|приход|моющее|синька glory 300|1|12,00
20.03.2018|приход|моющее|сода кальцениров SOVIL|4|15,50
20.03.2018|приход|моющее|Соль для ст машин |1|165,00
20.03.2018|приход|моющее|сухое горючее больш|1|28,00
20.03.2018|приход|моющее|Ч/ковров ВIO 500|1|30,00
20.03.2018|приход|моющее|Ч/ковров Милам 1л|1|46,00
20.03.2018|приход|моющее|Ч/ковров Сама 500|1|38,00
20.03.2018|приход|моющее|Ч/ковров Cама  1л|4|30,00
20.03.2018|приход|моющее|Ч/с автопаста 1кг Мастер|5|23,00
20.03.2018|приход|моющее|ч/с Антижир 500|1|26,50
20.03.2018|приход|моющее|ч/с Бреф 500|4|22,75
20.03.2018|приход|моющее|ч/с ЕЖ для плит|10|18,00
20.03.2018|приход|моющее|ч/с Каlius против жира 20|4|16,00
20.03.2018|приход|моющее|ч/с милам для удален жира500|1|28,00
20.03.2018|приход|моющее|ч/с Милам500|1|12,75
20.03.2018|приход|моющее|ч/с Мр Мускул для кухни 500|2|68,50
20.03.2018|приход|моющее|Ч/с паста авто 1000|1|22,00
20.03.2018|приход|моющее|Ч/с паста авто 550|4|12,50
20.03.2018|приход|моющее|ч/с Пуся анти жир  500|3|28,00
20.03.2018|приход|моющее|ч/с Сама 500|2|11,00
20.03.2018|приход|моющее|ч/с Сама для плит 500|1|47,00
20.03.2018|приход|моющее|ч/с Сана для плит и духовок 500|1|20,00
20.03.2018|приход|моющее|ч/с Сарма 500|6|18,75
20.03.2018|приход|моющее|Ч/с сода  софт 500|1|15,50
20.03.2018|приход|моющее|ч/с Сillit band анти жир620|1|68,00
20.03.2018|приход|моющее|ч/с Barbuda  обезжир 750|1|32,00
20.03.2018|приход|моющее|ч/с CIFF крем 250|1|23,00
20.03.2018|приход|моющее|ч/с CIFF крем 500|2|41,25
20.03.2018|приход|моющее|ч/с Else 750|2|27,50
20.03.2018|приход|моющее|ч/с Pravo 500|1|42,00
