20.03.2018|приход|канцтовары|карандаш простой|2|2,5|0,00
20.03.2019|приход|канцтовары|карандаш простой|12|3|0,00
20.03.2020|приход|канцтовары|карандаш цв упаковка|1|18|0,00
20.03.2021|приход|канцтовары|кисточка для рисования|2|7|0,00
20.03.2022|приход|канцтовары|кисточка для рисования|8|4,75|0,00
20.03.2023|приход|канцтовары|маркер б|16|7|0,00
20.03.2024|приход|канцтовары|маркер м|15|7,5|0,00
20.03.2025|приход|канцтовары|маркер цвет|1|20|0,00
20.03.2026|приход|канцтовары|обложка паспорта|3|29|0,00
20.03.2027|приход|канцтовары|ручка шариковая синяя|10|3,5|0,00
20.03.2028|приход|канцтовары|ручка шариковая синяя|19|2,5|0,00
20.03.2029|приход|канцтовары|скотч канцелярский|1|4|0,00
