20.03.2018|приход|электричество|адаптер под болгарку |3|15,00|0,00
20.03.2018|приход|электричество|батарейка Наша сила  R-20|2|12,50|0,00
20.03.2018|приход|электричество|батарейка энергия AG-13|12|6,00|0,00
20.03.2018|приход|электричество|батарейка GP A-76|10|6,00|0,00
20.03.2018|приход|электричество|батарейка Videx AG-13|6|3,50|0,00
20.03.2018|приход|электричество|батарейка Videx AG-4|7|2,50|0,00
20.03.2018|приход|электричество|батарейка Videx AG-5|10|2,00|0,00
20.03.2018|приход|электричество|Батарейка 361А|3|1,75|0,00
20.03.2018|приход|электричество|Батарейка 364|6|0,85|0,00
20.03.2018|приход|электричество|Батарейка 370А|5|2,00|0,00
20.03.2018|приход|электричество|Батарейка 393А|30|2,00|0,00
20.03.2018|приход|электричество|батарейка Дюрасел  R-3|14|13,50|0,00
20.03.2018|приход|электричество|батарейка Дюрасел  R-3|1|13,50|0,00
20.03.2018|приход|электричество|батарейка Дюрасел  R-6|7|13,50|0,00
20.03.2018|приход|электричество|батарейка мини GP|2|7,50|0,00
20.03.2018|приход|электричество|батарейка мини Videx|2|7,00|0,00
20.03.2018|приход|электричество|батарейка Наша сила Крона|8|17,00|0,00
20.03.2018|приход|электричество|батарейка Наша Сила Крона|1|11,00|0,00
20.03.2018|приход|электричество|батарейка Наша сила пальч|70|3,50|0,00
20.03.2018|приход|электричество|батарейка Наша сила пальч белая|6|5,00|0,00
20.03.2018|приход|электричество|батарейка Наша сила R-14|1|7,50|0,00
20.03.2018|приход|электричество|батарейка Наша сила R-20|8|12,50|0,00
20.03.2018|приход|электричество|батарейка Наша сила R-3|2|3,50|0,00
20.03.2018|приход|электричество|батарейка пальч Энергия|2|12,50|0,00
20.03.2018|приход|электричество|батарейка пальч UFO|1|5,00|0,00
20.03.2018|приход|электричество|Батарейка СR-2032|1|10,00|0,00
20.03.2018|приход|электричество|батарейка таблет 36А|3|1,75|0,00
20.03.2018|приход|электричество|батарейка таблетка А76|2|6,50|0,00
20.03.2018|приход|электричество|Батарейка энергия А6-9|10|6,00|0,00
20.03.2018|приход|электричество|батарейка Энергия мини |5|5,00|0,00
20.03.2018|приход|электричество|батарейка Энергия пальч |3|12,00|0,00
20.03.2018|приход|электричество|батарейка CL-251  |9|42,50|0,00
20.03.2018|приход|электричество|батарейка Delux 50110 |1|65,00|0,00
20.03.2018|приход|электричество|батарейка DL-3204  |5|42,00|0,00
20.03.2018|приход|электричество|батарейка DL-80  |5|70,00|0,00
20.03.2018|приход|электричество|батарейка E-light  |7|85,00|0,00
20.03.2018|приход|электричество|батарейка Feron 1723 |2|62,00|0,00
20.03.2018|приход|электричество|батарейка GP 12v|5|21,00|0,00
20.03.2018|приход|электричество|батарейка GP 12v|4|18,50|0,00
20.03.2018|приход|электричество|Батарейка GP мини|4|3,50|0,00
20.03.2018|приход|электричество|батарейка Gp мини |16|3,50|0,00
20.03.2018|приход|электричество|батарейка GP R-20|3|47,00|0,00
20.03.2018|приход|электричество|батарейка Green R-20|2|22,00|0,00
20.03.2018|приход|электричество|батарейка LemansLMS 5 |9|52,00|0,00
20.03.2018|приход|электричество|адаптер под болгарку|4|10,00|0,00
20.03.2018|приход|электричество|батарейка Maxus мини |18|10,00|0,00
20.03.2018|приход|электричество|батарейка Maxus мини белая|4|5,00|0,00
20.03.2018|приход|электричество|батарейка Maxus пальчик|21|10,00|0,00
20.03.2018|приход|электричество|батарейка Maxus пальчик белая|4|5,00|0,00
20.03.2018|приход|электричество|батарейка Maxus R-20 |2|80,00|0,00
20.03.2018|приход|электричество|батарейка Maxus R-20 белая|2|15,00|0,00
20.03.2018|приход|электричество|батарейка Maxus R-20 красная|2|80,00|0,00
20.03.2018|приход|электричество|батарейка Maxus R-3|2|10,00|0,00
20.03.2018|приход|электричество|батарейка Maxus R-3 белая|28|5,00|0,00
20.03.2018|приход|электричество|батарейка Maxus R-6|3|10,00|0,00
20.03.2018|приход|электричество|батарейка Maxus R-6 белая|40|5,00|0,00
20.03.2018|приход|электричество|выключатель  двойн внутрен ВЕТА|1|28,50|0,00
20.03.2018|приход|электричество|выключатель  двойн наружн дешев|1|17,00|0,00
20.03.2018|приход|электричество|выключатель  двойн Luxel|1|28,00|0,00
20.03.2018|приход|электричество|выключатель  наруж дешев|1|25,00|0,00
20.03.2018|приход|электричество|выключатель  один наруж LEX|1|20,00|0,00
20.03.2018|приход|электричество|выключатель  c подсветкой Luxel|1|34,00|0,00
20.03.2018|приход|электричество|выключатель двойн внутр  Luxel |1|58,00|0,00
20.03.2018|приход|электричество|выключатель двойн внутр  Luxel |1|46,50|0,00
20.03.2018|приход|электричество|выключатель двойн внутр  Luxel с подсвет|6|62,50|0,00
20.03.2018|приход|электричество|выключатель двойн внутр  Luxel с подсвет|1|56,50|0,00
20.03.2018|приход|электричество|выключатель двойн внутр  Luxel с подсвет|1|56,00|0,00
20.03.2018|приход|электричество|выключатель двойн внутр  Viko с подсвет|1|64,50|0,00
20.03.2018|приход|электричество|выключатель двойн внутр Luxel цветн|16|50,00|0,00
20.03.2018|приход|электричество|выключатель двойн внутр Viko |11|52,00|0,00
20.03.2018|приход|электричество|выключатель двойн внутр Viko каре с подсвет|4|62,50|0,00
20.03.2018|приход|электричество|выключатель двойн наруж Luxel|6|28,00|0,00
20.03.2018|приход|электричество|выключатель двойн наруж Luxel с подсвет|8|34,00|0,00
20.03.2018|приход|электричество|выключатель двойн наруж Viko с подсвет|1|62,00|0,00
20.03.2018|приход|электричество|выключатель один  внутрен  обычн|1|32,00|0,00
20.03.2018|приход|электричество|выключатель один  внутрен ВЕТА|1|27,00|0,00
20.03.2018|приход|электричество|выключатель один  внутрен с подсв|1|43,00|0,00
20.03.2018|приход|электричество|выключатель один внутр  ELM|6|21,00|0,00
20.03.2018|приход|электричество|выключатель один внутр  Lizard|1|35,50|0,00
20.03.2018|приход|электричество|выключатель один внутр  Luxel|3|32,00|0,00
20.03.2018|приход|электричество|выключатель один внутр  Luxel |2|32,00|0,00
20.03.2018|приход|электричество|выключатель один внутр  Luxel с подсвет|1|50,00|0,00
20.03.2018|приход|электричество|выключатель один внутр  Luxel цвет|1|65,00|0,00
20.03.2018|приход|электричество|выключатель один внутр  Viko с подсвет|1|59,00|0,00
20.03.2018|приход|электричество|выключатель один внутр Luxel|8|25,00|0,00
20.03.2018|приход|электричество|выключатель один внутр Luxel цветн|16|45,00|0,00
20.03.2018|приход|электричество|выключатель один внутр Viko |12|64,50|0,00
20.03.2018|приход|электричество|выключатель один внутр Viko |5|50,00|0,00
20.03.2018|приход|электричество|выключатель один внутр Viko |13|48,50|0,00
20.03.2018|приход|электричество|выключатель один внутр Viko каре|9|50,00|0,00
20.03.2018|приход|электричество|выключатель один наруж Luxel|10|32,00|0,00
20.03.2018|приход|электричество|выключатель один наруж Luxel|10|25,00|0,00
20.03.2018|приход|электричество|выключатель один наруж Viko|1|50,00|0,00
20.03.2018|приход|электричество|выключатель один проход Viko|2|55,00|0,00
20.03.2018|приход|электричество|выключатель один LXL|1|25,00|0,00
20.03.2018|приход|электричество|выключатель одинар  наружный |1|21,00|0,00
20.03.2018|приход|электричество|выключатель одинар  наружный Белорусь|1|47,50|0,00
20.03.2018|приход|электричество|выключатель одинар  наружный Luxel|1|25,00|0,00
20.03.2018|приход|электричество|Выключатель одинар  наружный Luxel улич|1|45,00|0,00
20.03.2018|приход|электричество|выключатель одинарный наружный  белорусь|1|40,00|0,00
20.03.2018|приход|электричество|выключатель проходной Viko|1|55,00|0,00
20.03.2018|приход|электричество|выключатель с регулятором Luxel|1|155,00|0,00
20.03.2018|приход|электричество|выключатель тройн внутр  Luxel |1|65,00|0,00
20.03.2018|приход|электричество|выключатель тройн внутр Viko|1|74,00|0,00
20.03.2018|приход|электричество|Выключатель тройн наружный Белорус|1|43,00|0,00
20.03.2018|приход|электричество|выключатель тройной внутр  Luxel цвет|2|70,50|0,00
20.03.2018|приход|электричество|гнездо|10|6,00|0,00
20.03.2018|приход|электричество|головка для шуруповерта|1|19,50|0,00
20.03.2018|приход|электричество|датчик движения|2|188,00|0,00
20.03.2018|приход|электричество|держатель ЛЕД ламп|1|65,00|0,00
20.03.2018|приход|электричество|Електроспираль 0,8 кВт|5|4,00|0,00
20.03.2018|приход|электричество|Електроспираль 1 кВт|9|5,00|0,00
20.03.2018|приход|электричество|Електроспираль 1,2 кВт|7|7,00|0,00
20.03.2018|приход|электричество|Електроспираль 1,5 кВт|11|10,00|0,00
20.03.2018|приход|электричество|Електроспираль 1,8 кВт|6|15,00|0,00
20.03.2018|приход|электричество|Електроспираль 1,8 кВт|7|13,00|0,00
20.03.2018|приход|электричество|Електроспираль 2 кВт|3|14,00|0,00
20.03.2018|приход|электричество|изолента 10м|21|8,00|0,00
20.03.2018|приход|электричество|изолента 17м|14|15,00|0,00
20.03.2018|приход|электричество|изолента 21м|5|19,00|0,00
20.03.2018|приход|электричество|изолента 25м|7|19,00|0,00
20.03.2018|приход|электричество|изолента 30м|3|26,00|0,00
20.03.2018|приход|электричество|изолента 50м|4|32,00|0,00
20.03.2018|приход|электричество|изолента авт|7|27,00|0,00
20.03.2018|приход|электричество|изолента Мустанг 10м|5|8,50|0,00
20.03.2018|приход|электричество|изолента Мустанг 20м|3|15,00|0,00
20.03.2018|приход|электричество|изолента Мустанг 30м|6|20,00|0,00
20.03.2018|приход|электричество|изолента Пвх 21м|7|17,00|0,00
20.03.2018|приход|электричество|изолента х/б|1|18,00|0,00
20.03.2018|приход|электричество|изолента ENEXT 10м|5|11,00|0,00
20.03.2018|приход|электричество|изолента ENEXT 20м|2|19,00|0,00
20.03.2018|приход|электричество|кабель АВВГ 2*14|38|7,00|0,00
20.03.2018|приход|электричество|кабель АВВГ 2*16*13*6/1*4|14|13,50|0,00
20.03.2018|приход|электричество|кабель АВВГ 2*2,5|46|4,50|0,00
20.03.2018|приход|электричество|кабель АВВГ 2*4|159|6,00|0,00
20.03.2018|приход|электричество|кабель АВВГ 2*6|158|7,50|0,00
20.03.2018|приход|электричество|кабель АВВГ 3*600/1*4|17|13,50|0,00
20.03.2018|приход|электричество|кабель АВВГ 4/3*10/1*6|71|18,00|0,00
20.03.2018|приход|электричество|кабель АВВГ 4/3*16/1*10|22|23,00|0,00
20.03.2018|приход|электричество|Кабель ГОСТ 2х2,5|29,7|40,00|0,00
20.03.2018|приход|электричество|кабель крепление 20|51|0,50|0,00
20.03.2018|приход|электричество|кабель крепление елочка 6|60|0,20|0,00
20.03.2018|приход|электричество|кабель ТВ  деш|8|5,50|0,00
20.03.2018|приход|электричество|кабель ТВ медь|17|10,00|0,00
20.03.2018|приход|электричество|кабель телевиз 100м|100|10,00|0,00
20.03.2018|приход|электричество|кабель телевиз 100м|170|5,50|0,00
20.03.2018|приход|электричество|катушка на бензокосу|1|85,00|0,00
20.03.2018|приход|электричество|катушка на бензокосу|1|60,00|0,00
20.03.2018|приход|электричество|ключ для зажима дрель (б)|2|16,00|0,00
20.03.2018|приход|электричество|ключ для зажима дрель (м)|5|12,00|0,00
20.03.2018|приход|электричество|ключ на болгарку |1|15,00|0,00
20.03.2018|приход|электричество|ключ на дрель ( большой)|2|16,00|0,00
20.03.2018|приход|электричество|кнопка для бра|7|15,00|0,00
20.03.2018|приход|электричество|кнопка электр |9|13,00|0,00
20.03.2018|приход|электричество|кнопка электр один|8|18,00|0,00
20.03.2018|приход|электричество|кнопка электр пускателя|4|20,00|0,00
20.03.2018|приход|электричество|Колодка 2-я VRART|1|38,00|0,00
20.03.2018|приход|электричество|Колодка 3-я дешев|1|32,00|0,00
20.03.2018|приход|электричество|Колодка 3-я карбон|3|36,00|0,00
20.03.2018|приход|электричество|Колодка 3-я GLINSAN|1|42,00|0,00
20.03.2018|приход|электричество|Колодка 3-я LEZA|2|50,00|0,00
20.03.2018|приход|электричество|Колодка 3-я LUXEL|2|42,00|0,00
20.03.2018|приход|электричество|Колодка 4-я без заземлен|1|45,00|0,00
20.03.2018|приход|электричество|Колодка 4-я с заземлен|1|129,00|0,00
20.03.2018|приход|электричество|Колодка 4-я LUXEL|3|49,00|0,00
20.03.2018|приход|электричество|колодка карболит трогйн черн|3|36,00|0,00
20.03.2018|приход|электричество|короб для пров 15*5|70|9,00|0,00
20.03.2018|приход|электричество|короб для пров 25*10|14|11,00|0,00
20.03.2018|приход|электричество|короб для пров 40*10|6|20,00|0,00
20.03.2018|приход|электричество|короб для пров 40*25|5|20,00|0,00
20.03.2018|приход|электричество|короб под пров|7|16,00|0,00
20.03.2018|приход|электричество|коробка под автомат 1-2 шт наруж|1|11,50|0,00
20.03.2018|приход|электричество|коробка под автомат 1-2 шт наруж с крыш|1|12,00|0,00
20.03.2018|приход|электричество|коробка под автомат 2 без крышки|5|11,50|0,00
20.03.2018|приход|электричество|коробка под автомат 2 с крышкой|2|12,00|0,00
20.03.2018|приход|электричество|коробка под автомат 3-4 наруж|1|11,00|0,00
20.03.2018|приход|электричество|коробка под автомат 3-4 с крышкой наруж|1|17,50|0,00
20.03.2018|приход|электричество|коробка под автомат 4-6|4|29,00|0,00
20.03.2018|приход|электричество|коробка под автомат 4-6шт внут|1|126,00|0,00
20.03.2018|приход|электричество|коробка под автомат 8шт внутр|1|150,00|0,00
20.03.2018|приход|электричество|коробка разводная внутр 80|1|4,00|0,00
20.03.2018|приход|электричество|коробка разводная под гипс|1|6,00|0,00
20.03.2018|приход|электричество|крепеж бабочка 8*50|24|1,00|0,00
20.03.2018|приход|электричество|Лампа настольная|1|185,00|0,00
20.03.2018|приход|электричество|леска для бенз косы Ø1,6|1|24,00|0,00
20.03.2018|приход|электричество|леска для бензокосы Ø2|5|27,00|0,00
20.03.2018|приход|электричество|леска для бензокосы Ø2,7|7|35,00|0,00
20.03.2018|приход|электричество|леска на бензокосу d2,4|1|28,00|0,00
20.03.2018|приход|электричество|Масло 2-тактное 1л|1|78,00|0,00
20.03.2018|приход|электричество|масло бытовое|2|5,00|0,00
20.03.2018|приход|электричество|масло для бензокосы|4|50,00|0,00
20.03.2018|приход|электричество|масло для бензокосы |1|72,00|0,00
20.03.2018|приход|электричество|масло для бензоп МОТО RACE|1|72,00|0,00
20.03.2018|приход|электричество|масло для бензоп МОТО RACE 2такт|1|50,00|0,00
20.03.2018|приход|электричество|накладка под выключ|14|5,00|0,00
20.03.2018|приход|электричество|обогреватель «козацька варта»|1|260,00|0,00
20.03.2018|приход|электричество|Обогреватель 1 кВт|1|270,00|0,00
20.03.2018|приход|электричество|патрон керам Е-14|2|8,00|0,00
20.03.2018|приход|электричество|патрон керам Е-14без планки|1|8,00|0,00
20.03.2018|приход|электричество|патрон керам Е-27 c планкой|1|9,00|0,00
20.03.2018|приход|электричество|патрон керам Е-40|1|27,00|0,00
20.03.2018|приход|электричество|патрон под |1|7,50|0,00
20.03.2018|приход|электричество|Патрон подвесной Е-14 карбон|16|7,00|0,00
20.03.2018|приход|электричество|Патрон подвесной Е-14 керам|17|8,00|0,00
20.03.2018|приход|электричество|Патрон подвесной Е-27 карбон|11|8,00|0,00
20.03.2018|приход|электричество|Патрон подвесной Е-27 косой карболит|11|10,00|0,00
20.03.2018|приход|электричество|Патрон подвесной Е-27 с юбкой|2|10,00|0,00
20.03.2018|приход|электричество|Патрон подвесной Е-40керам|4|27,00|0,00
20.03.2018|приход|электричество|паук под бензокосу|1|40,00|0,00
20.03.2018|приход|электричество|перенноска Luxel  2м 3гнезда|1|82,00|0,00
20.03.2018|приход|электричество|перенноска Svitex 3м 3гнезда|1|105,00|0,00
20.03.2018|приход|электричество|переноска дешевая 3м|1|45,00|0,00
20.03.2018|приход|электричество|переноска дешевая 5м|1|58,00|0,00
20.03.2018|приход|электричество|переноска карболитовая  черная 5м|1|78,00|0,00
20.03.2018|приход|электричество|переноска карболитовая белая 3м|1|72,00|0,00
20.03.2018|приход|электричество|переноска карболитовая белая 5м|1|85,00|0,00
20.03.2018|приход|электричество|переноска карболитовая черная 3м|1|67,00|0,00
20.03.2018|приход|электричество|переноска карбон 2м|1|65,00|0,00
20.03.2018|приход|электричество|переноска карбон 3м|2|85,00|0,00
20.03.2018|приход|электричество|переноска карбон белая|1|12,00|0,00
20.03.2018|приход|электричество|переноска сетевой фильтр 1,8м|1|105,00|0,00
20.03.2018|приход|электричество|переноска сетевой фильтр 1,8м 3 гнезда|1|87,00|0,00
20.03.2018|приход|электричество|переноска сетевой фильтр 1,8м 6 гнезд|1|115,00|0,00
20.03.2018|приход|электричество|переноска сетевой фильтр 2м 3 гнезда|1|100,00|0,00
20.03.2018|приход|электричество|переноска сетевой фильтр 2м 3 гнезда|1|82,00|0,00
20.03.2018|приход|электричество|переноска сетевой фильтр 3м|1|120,00|0,00
20.03.2018|приход|электричество|переноска сетевой фильтр 5м|1|145,00|0,00
20.03.2018|приход|электричество|переходник евро|4|10,00|0,00
20.03.2018|приход|электричество|переходник евро|4|7,00|0,00
20.03.2018|приход|электричество|переходник на перфоратор ½|2|20,00|0,00
20.03.2018|приход|электричество|планка под выключатель 2-я Viko|1|29,00|0,00
20.03.2018|приход|электричество|планка под выключатель 2-я Viko|2|28,00|0,00
20.03.2018|приход|электричество|планка под выключатель 3-я Luxel|5|39,00|0,00
20.03.2018|приход|электричество|планка под выключатель 3-я Viko|3|39,00|0,00
20.03.2018|приход|электричество|планка под выключатель 3-я Viko|1|32,00|0,00
20.03.2018|приход|электричество|планка под выключатель 4-я Viko|9|43,00|0,00
20.03.2018|приход|электричество|планка под выключатель 4-я Viko|1|43,00|0,00
20.03.2018|приход|электричество|планка под эл автом 2|8|2,50|0,00
20.03.2018|приход|электричество|планка под эл автом 3-4 шт|3|3,50|0,00
20.03.2018|приход|электричество|планка под эл автом 6 шт|10|6,00|0,00
20.03.2018|приход|электричество|планка под эл автом 8 шт|10|8,00|0,00
20.03.2018|приход|электричество|подрозетник гипс|97|3,50|0,00
20.03.2018|приход|электричество|подрозетник обычный|3|2,50|0,00
20.03.2018|приход|электричество|пробка автом 16А|3|34,00|0,00
20.03.2018|приход|электричество|пробка автом 25А|2|39,00|0,00
20.03.2018|приход|электричество|пробка запаска|50|1,00|0,00
20.03.2018|приход|электричество|Провод АППВ 2*1,5|70|9,00|0,00
20.03.2018|приход|электричество|Провод АППВ 2*2,5|76|14,00|0,00
20.03.2018|приход|электричество|Провод АППВ 2*2,5|141|3,00|0,00
20.03.2018|приход|электричество|Провод АППВ 2*4|95|5,00|0,00
20.03.2018|приход|электричество|провод АППВ 3*1,5|70|9,50|0,00
20.03.2018|приход|электричество|Провод АППВ 3*1,5|79|9,50|0,00
20.03.2018|приход|электричество|провод АППВ 3*2,5|25,5|11,50|0,00
20.03.2018|приход|электричество|провод АППВ 3*2,5|32|5,50|0,00
20.03.2018|приход|электричество|провод крепеж Ø 32|200|0,15|0,00
20.03.2018|приход|электричество|провод крепление|5|1,00|0,00
20.03.2018|приход|электричество|провод обойма 18*20|52|2,50|0,00
20.03.2018|приход|электричество|провод ПВ 3/1*0,5|53|3,00|0,00
20.03.2018|приход|электричество|провод ПВ 3/1*0,75|91|3,25|0,00
20.03.2018|приход|электричество|провод ПВ 3/1*1,0|38|3,50|0,00
20.03.2018|приход|электричество|провод ПВ 3/1*1,5|16|4,00|0,00
20.03.2018|приход|электричество|провод ПВ 3/1*1,5|90|4,00|0,00
20.03.2018|приход|электричество|провод ПВ 3/1*2,5|59|6,50|0,00
20.03.2018|приход|электричество|провод ПВ 3/1*4|20|12,50|0,00
20.03.2018|приход|электричество|провод ПВС 2*0,75|91|4,50|0,00
20.03.2018|приход|электричество|провод ПВС 2*1,0 восток|148|12,50|0,00
20.03.2018|приход|электричество|провод ПВС 2*1,5|122|16,00|0,00
20.03.2018|приход|электричество|провод ПВС 2*1,5|38|8,00|0,00
20.03.2018|приход|электричество|провод ПВС 2*1,5 восток|253|15,50|0,00
20.03.2018|приход|электричество|провод ПВС 2*1,5 восток|246|13,00|0,00
20.03.2018|приход|электричество|провод ПВС 2*2,5|83|12,00|0,00
20.03.2018|приход|электричество|провод ПВС 3*1,5|102|16,00|0,00
20.03.2018|приход|электричество|провод ПВС 3*2,5|100|23,00|0,00
20.03.2018|приход|электричество|провод ПВС 4*1,5|59|10,00|0,00
20.03.2018|приход|электричество|Провод СІП 16|7,5|7,50|0,00
20.03.2018|приход|электричество|провод телеф|144|2,50|0,00
20.03.2018|приход|электричество|провод ШВВП 2,5*2|26|8,00|0,00
20.03.2018|приход|электричество|провод ШВВП 2*0,35|77|4,00|0,00
20.03.2018|приход|электричество|провод ШВВП 2*0,5|74|4,50|0,00
20.03.2018|приход|электричество|провод ШВВП 2*0,75|124|5,00|0,00
20.03.2018|приход|электричество|провод ШВВП 2*1 ГОСТ|72|11,50|0,00
20.03.2018|приход|электричество|провод ШВВП 2*1,0|88|6,00|0,00
20.03.2018|приход|электричество|провод ШВВП 2*1,5 ГОСТ|93|13,00|0,00
20.03.2018|приход|электричество|провод ШВВП 2*2,5|33|8,50|0,00
20.03.2018|приход|электричество|провод ШВВП 2*2,5 ГОСТ|53|18,00|0,00
20.03.2018|приход|электричество|провод ШВВП 3*1,5|73|18,00|0,00
20.03.2018|приход|электричество|провод ШВВП 3*2,5|88|26,00|0,00
20.03.2018|приход|электричество|проволка сварная 2,5 кг|1|170,00|0,00
20.03.2018|приход|электричество|разъем шнуров 2й|3|15,00|0,00
20.03.2018|приход|электричество|разъем шнуров 3й|3|17,00|0,00
20.03.2018|приход|электричество|разъм|72|1,50|0,00
20.03.2018|приход|электричество|Разъм Т образ|10|8,00|0,00
20.03.2018|приход|электричество|ремкомплект на паяльную лампу|4|18,00|0,00
20.03.2018|приход|электричество|розетка 2-я с заземл |9|50,00|0,00
20.03.2018|приход|электричество|розетка дв наруж белорус|1|51,00|0,00
20.03.2018|приход|электричество|розетка дв наруж LUX|1|38,00|0,00
20.03.2018|приход|электричество|розетка дв наруж VIKO|1|40,00|0,00
20.03.2018|приход|электричество|розетка дв хлопушка|1|60,00|0,00
20.03.2018|приход|электричество|розетка дв хлопушка|1|59,00|0,00
20.03.2018|приход|электричество|розетка двой внутр ВЕТА с заземл|1|35,00|0,00
20.03.2018|приход|электричество|розетка двой внутр ELM|4|34,00|0,00
20.03.2018|приход|электричество|розетка двой внутр Luxel|7|42,00|0,00
20.03.2018|приход|электричество|розетка двой внутр Luxel |1|42,00|0,00
20.03.2018|приход|электричество|розетка двой внутр Luxel с заземл|1|55,00|0,00
20.03.2018|приход|электричество|розетка двойн внутр ВЕТА|1|27,00|0,00
20.03.2018|приход|электричество|розетка двойн внутр GUNSAN|1|40,00|0,00
20.03.2018|приход|электричество|розетка двойн внутр Luxel с заземл|4|42,00|0,00
20.03.2018|приход|электричество|розетка двойн внутр Viko |1|55,00|0,00
20.03.2018|приход|электричество|розетка двойн внутр Viko |6|55,00|0,00
20.03.2018|приход|электричество|розетка двойн внутр Vikoс заземл|10|77,50|0,00
20.03.2018|приход|электричество|розетка двойн наруж дешов|5|12,00|0,00
20.03.2018|приход|электричество|розетка двойн наруж Luxel |6|38,00|0,00
20.03.2018|приход|электричество|розетка двойн наруж Luxel с заземл|10|45,00|0,00
20.03.2018|приход|электричество|Розетка двойн наружная Luxel с заземл|2|38,00|0,00
20.03.2018|приход|электричество|розетка двойная наружная Белорус|1|51,00|0,00
20.03.2018|приход|электричество|розетка двойная наружная дешев|1|12,00|0,00
20.03.2018|приход|электричество|розетка двойная наружная с заземлен |1|50,50|0,00
20.03.2018|приход|электричество|розетка наружная+выкл Белорусь|2|53,00|0,00
20.03.2018|приход|электричество|розетка один  наруж белорус|1|34,00|0,00
20.03.2018|приход|электричество|розетка один внутр ВЕТА с заземл|1|42,00|0,00
20.03.2018|приход|электричество|розетка один внутр GUNSAN|1|32,00|0,00
20.03.2018|приход|электричество|розетка один внутр Luxel|5|40,00|0,00
20.03.2018|приход|электричество|розетка один внутр Luxel с заземл|9|55,00|0,00
20.03.2018|приход|электричество|розетка один внутр Luxel цветн|7|45,00|0,00
20.03.2018|приход|электричество|розетка один внутр Luxel c крышкой|1|46,00|0,00
20.03.2018|приход|электричество|розетка один внутр Viko|1|47,50|0,00
20.03.2018|приход|электричество|розетка один внутр Viko |1|47,50|0,00
20.03.2018|приход|электричество|розетка один внутр Viko каре|8|46,00|0,00
20.03.2018|приход|электричество|розетка один внутр Viko с заземл|1|52,00|0,00
20.03.2018|приход|электричество|розетка один внутр Viko с заземл|13|52,00|0,00
20.03.2018|приход|электричество|розетка один внутр Viko c заземл|1|52,00|0,00
20.03.2018|приход|электричество|розетка один наруж дешов|12|10,00|0,00
20.03.2018|приход|электричество|Розетка один наруж Luxel |9|25,00|0,00
20.03.2018|приход|электричество|розетка один наруж LXL|1|22,00|0,00
20.03.2018|приход|электричество|розетка один наруж VIKO|2|40,00|0,00
20.03.2018|приход|электричество|розетка один хлопушка Белор|1|45,00|0,00
20.03.2018|приход|электричество|розетка один Dolor|1|36,00|0,00
20.03.2018|приход|электричество|Розетка одинар наружная Lider|1|20,00|0,00
20.03.2018|приход|электричество|Розетка одинар наружная Luxel|1|25,00|0,00
20.03.2018|приход|электричество|Розетка одинар наружная Luxel с заземл|1|34,00|0,00
20.03.2018|приход|электричество|Розетка под антену Viko|1|56,00|0,00
20.03.2018|приход|электричество|Розетка телевизионная Viko|1|56,00|0,00
20.03.2018|приход|электричество|розетка телефонная Makel|1|38,00|0,00
20.03.2018|приход|электричество|свет барсон |3|65,00|0,00
20.03.2018|приход|электричество|свет барсон  кругл|5|65,00|0,00
20.03.2018|приход|электричество|свет барсон  леденец|2|65,00|0,00
20.03.2018|приход|электричество|свет барсон  леденец|2|45,00|0,00
20.03.2018|приход|электричество|свет стекло|2|175,00|0,00
20.03.2018|приход|электричество|свет стекло|1|80,00|0,00
20.03.2018|приход|электричество|свет стекло полукруг |1|145,00|0,00
20.03.2018|приход|электричество|свет стекло прямоугольн |1|140,00|0,00
20.03.2018|приход|электричество|свет точечный 1020 R-50|1|65,00|0,00
20.03.2018|приход|электричество|свет точечный 1720 R-50|1|65,00|0,00
20.03.2018|приход|электричество|свет точечный 1723 R-50|1|65,00|0,00
20.03.2018|приход|электричество|свет точечный 64-165|1|48,50|0,00
20.03.2018|приход|электричество|свет точечный 64-251|1|42,50|0,00
20.03.2018|приход|электричество|свет точечный 64-254|1|47,50|0,00
20.03.2018|приход|электричество|свет точечный 64-301|3|37,00|0,00
20.03.2018|приход|электричество|свет точечный бел R-39|15|35,00|0,00
20.03.2018|приход|электричество|свет точечный бел R-50|6|30,00|0,00
20.03.2018|приход|электричество|свет точечный Белый №101|1|27,00|0,00
20.03.2018|приход|электричество|свет точечный белый R-50|1|26,00|0,00
20.03.2018|приход|электричество|свет точечный Золото 6W|1|33,00|0,00
20.03.2018|приход|электричество|свет точечный панель|2|80,00|0,00
20.03.2018|приход|электричество|свет точечный прер|1|85,00|0,00
20.03.2018|приход|электричество|Свет точечный ультра CL301 14|6|37,00|0,00
20.03.2018|приход|электричество|свет точечный хром R-50|2|33,00|0,00
20.03.2018|приход|электричество|свет точечный хром R-50 64-650|2|45,00|0,00
20.03.2018|приход|электричество|свет точечный AL-1005 R-39|1|62,00|0,00
20.03.2018|приход|электричество|свет точечный AL-1008 R-39|1|62,00|0,00
20.03.2018|приход|электричество|свет точечный AL-2174 R-50|1|35,00|0,00
20.03.2018|приход|электричество|свет точечный AL-2178 R-50|1|95,00|0,00
20.03.2018|приход|электричество|свет точечный comles|1|29,00|0,00
20.03.2018|приход|электричество|свет точечный delux R-39|2|39,00|0,00
20.03.2018|приход|электричество|свет точечный delux R-63|9|45,00|0,00
20.03.2018|приход|электричество|свет точечный Leman 8114|11|38,00|0,00
20.03.2018|приход|электричество|свет точечный Leman 8174|1|35,00|0,00
20.03.2018|приход|электричество|свет точечный Leman 8178|4|95,00|0,00
20.03.2018|приход|электричество|свет точечный LMS 5|1|52,00|0,00
20.03.2018|приход|электричество|свет точечный MR-16|3|38,00|0,00
20.03.2018|приход|электричество|свет точечный №149|1|30,00|0,00
20.03.2018|приход|электричество|свет точечный №16002|1|30,00|0,00
20.03.2018|приход|электричество|свет точечный №16007|2|43,00|0,00
20.03.2018|приход|электричество|свет точечный №16008|2|45,00|0,00
20.03.2018|приход|электричество|свет точечный №16107|1|45,00|0,00
20.03.2018|приход|электричество|свет точечный R-39|3|36,00|0,00
20.03.2018|приход|электричество|свет точечный R-50|2|42,00|0,00
20.03.2018|приход|электричество|свет точечный R-50|1|33,00|0,00
20.03.2018|приход|электричество|свет точечный St-153|1|68,00|0,00
20.03.2018|приход|электричество|свет точечный WL-08 R-39|1|62,00|0,00
20.03.2018|приход|электричество|светильник звезда|1|125,00|0,00
20.03.2018|приход|электричество|светильник леденец белый|2|65,00|0,00
20.03.2018|приход|электричество|светильник улит Пегас|2|165,00|0,00
20.03.2018|приход|электричество|скоба для эл провода|100|0,25|0,00
20.03.2018|приход|электричество|соедин проводов 2й|8|9,00|0,00
20.03.2018|приход|электричество|соедин проводов 3й|10|13,00|0,00
20.03.2018|приход|электричество|соедин проводов 5й|8|18,00|0,00
20.03.2018|приход|электричество|соединит эл проводов 2-й|1|9,00|0,00
20.03.2018|приход|электричество|соединит эл проводов 3-й|1|13,00|0,00
20.03.2018|приход|электричество|соединит эл проводов 5-й|1|18,00|0,00
20.03.2018|приход|электричество|стекло д/сварки б черное|1|15,00|0,00
20.03.2018|приход|электричество|стекло д/сварки м черное|1|10,00|0,00
20.03.2018|приход|электричество|стекло д/сварки прозрач б защит|1|10,00|0,00
20.03.2018|приход|электричество|стекло д/сварки прозрач защит|1|7,00|0,00
20.03.2018|приход|электричество|стекло на сварку больш защит прозр|22|15,00|0,00
20.03.2018|приход|электричество|стекло на сварку больш темн|7|10,00|0,00
20.03.2018|приход|электричество|стекло на сварку защит мал|24|10,00|0,00
20.03.2018|приход|электричество|стекло на сварку мал|6|7,00|0,00
20.03.2018|приход|электричество|стекло сварное|7|10,00|0,00
20.03.2018|приход|электричество|тройник больш|9|29,00|0,00
20.03.2018|приход|электричество|тройник больш luxel|9|25,00|0,00
20.03.2018|приход|электричество|тройник Luxel|5|25,00|0,00
20.03.2018|приход|электричество|фонарик|1|175,00|0,00
20.03.2018|приход|электричество|фонарик|1|110,00|0,00
20.03.2018|приход|электричество|фонарик|1|78,00|0,00
20.03.2018|приход|электричество|фонарик|1|63,00|0,00
20.03.2018|приход|электричество|фонарик|1|52,00|0,00
20.03.2018|приход|электричество|фонарик|2|46,00|0,00
20.03.2018|приход|электричество|фонарик |1|130,00|0,00
20.03.2018|приход|электричество|Фонарик 4-диодный|1|79,00|0,00
20.03.2018|приход|электричество|фонарик Брелок|4|27|0,00
20.03.2018|приход|электричество|фонарик на бптпрейках|1|59,00|0,00
20.03.2018|приход|электричество|фонарик налобн|1|76,00|0,00
20.03.2018|приход|электричество|фонарик налобный|1|100,00|0,00
20.03.2018|приход|электричество|фонарик налобный|1|79,00|0,00
20.03.2018|приход|электричество|фонарик однодиодный|1|79,00|0,00
20.03.2018|приход|электричество|фонарик однодиодный|1|76,00|0,00
20.03.2018|приход|электричество|фонарик полицейский|1|60,00|0,00
20.03.2018|приход|электричество|фонарик ручн |1|87,00|0,00
20.03.2018|приход|электричество|фонарик ручн 4-0|1|52,00|0,00
20.03.2018|приход|электричество|фонарик ручн 4-0|1|46,00|0,00
20.03.2018|приход|электричество|фонарик ручной|2|60,00|0,00
20.03.2018|приход|электричество|фонарик ручной|1|57,00|0,00
20.03.2018|приход|электричество|фонарик ручной|1|48,00|0,00
20.03.2018|приход|электричество|фонарик ручной|1|39,00|0,00
20.03.2018|приход|электричество|фонарик ручной|1|33,00|0,00
20.03.2018|приход|электричество|фонарик ручной|1|25,00|0,00
20.03.2018|приход|электричество|Фонарь лед 10В|1|315,00|0,00
20.03.2018|приход|электричество|Фонарь лед 20В|1|270,00|0,00
20.03.2018|приход|электричество|Фонарь лед 20В|1|235,00|0,00
20.03.2018|приход|электричество|Фонарь лед 20В|1|230,00|0,00
20.03.2018|приход|электричество|фонарь лед 30В|1|377,00|0,00
20.03.2018|приход|электричество|Фонарь леденец|1|75,00|0,00
20.03.2018|приход|электричество|Фонарь леденец|1|65,00|0,00
20.03.2018|приход|электричество|фонарь стекло квадр 2106|2|70,00|0,00
20.03.2018|приход|электричество|фонарь стекло квадрат|1|140,00|0,00
20.03.2018|приход|электричество|фонарь стекло квадрат 2107|2|70,00|0,00
20.03.2018|приход|электричество|фонарь уличный|2|165,00|0,00
20.03.2018|приход|электричество|фонарь уличный круг|6|93,00|0,00
20.03.2018|приход|электричество|фонарь уличный круг больш|1|155,00|0,00
20.03.2018|приход|электричество|фонарь уличный овал больш|1|155,00|0,00
20.03.2018|приход|электричество|фонарь уличный овал мал|4|93,00|0,00
20.03.2018|приход|электричество|фонарь уличный Led 10|3|115,00|0,00
20.03.2018|приход|электричество|фонарь уличный Led 20|3|185,00|0,00
20.03.2018|приход|электричество|фотореле|1|65,00|0,00
20.03.2018|приход|электричество|шнайдер двой 16А Курск|1|116,00|0,00
20.03.2018|приход|электричество|шнайдер двойн 25А Курск|1|137,00|0,00
20.03.2018|приход|электричество|шнайдер один 16А Курск|1|96,00|0,00
20.03.2018|приход|электричество|шнайдер один 25А Курск|1|99,00|0,00
20.03.2018|приход|электричество|шнайдер один 32А Курск|1|107,00|0,00
20.03.2018|приход|электричество|шнайдер тройн 16А  VIKO|1|148,00|0,00
20.03.2018|приход|электричество|шнайдер тройн 16А ENEXT|1|142,00|0,00
20.03.2018|приход|электричество|шнайдер тройн 25А Курск|1|159,00|0,00
20.03.2018|приход|электричество|шнайдер тройн 32А Курск|1|162,00|0,00
20.03.2018|приход|электричество|шнайдер тройн 40А VIKO|1|230,00|0,00
20.03.2018|приход|электричество|шнур асбест 14|3|55,00|0,00
20.03.2018|приход|электричество|шнур асбест 4|2|20,00|0,00
20.03.2018|приход|электричество|шнур асбест 5|3|27,00|0,00
20.03.2018|приход|электричество|шнур асбест 6|2|30,00|0,00
20.03.2018|приход|электричество|шнур асбест 8|3|40,00|0,00
20.03.2018|приход|электричество|штекер|6|5,00|0,00
20.03.2018|приход|электричество|Штепсель + вилка карболит|1|57,00|0,00
20.03.2018|приход|электричество|штепсель+вилка набор|1|45,00|0,00
20.03.2018|приход|электричество|щетка торцевая дрель 100 мм|1|35,00|0,00
20.03.2018|приход|электричество|автомат 10А Курск один|4|53,00|0,00
20.03.2018|приход|электричество|автомат 16А Курск один|1|63,00|0,00
20.03.2018|приход|электричество|автомат 16А Курск один|2|53,00|0,00
20.03.2018|приход|электричество|автомат 16А Курск один|4|53,00|0,00
20.03.2018|приход|электричество|автомат 16А Курск тройн|3|148,00|0,00
20.03.2018|приход|электричество|автомат 16А тройн|3|147,00|0,00
20.03.2018|приход|электричество|автомат 16А CITI один|1|55,00|0,00
20.03.2018|приход|электричество|автомат 16А Enext  один|2|47,00|0,00
20.03.2018|приход|электричество|автомат 16А Gily  один|1|55,00|0,00
20.03.2018|приход|электричество|автомат 16А NEXT один|1|50,00|0,00
20.03.2018|приход|электричество|автомат 16А Snaider один|7|96,00|0,00
20.03.2018|приход|электричество|автомат 16А VIKO один|1|70,00|0,00
20.03.2018|приход|электричество|автомат 16А VIKO один|5|65,00|0,00
20.03.2018|приход|электричество|автомат 252А Enext  один|1|50,00|0,00
20.03.2018|приход|электричество|автомат 25А Курск один|1|68,00|0,00
20.03.2018|приход|электричество|автомат 25А Курск один|6|68,00|0,00
20.03.2018|приход|электричество|автомат 25А тройн|4|105,00|0,00
20.03.2018|приход|электричество|автомат 25А NEXT один|1|50,00|0,00
20.03.2018|приход|электричество|автомат 25А Snaider один|6|99,00|0,00
20.03.2018|приход|электричество|автомат 25А VIKO один|1|70,00|0,00
20.03.2018|приход|электричество|автомат 32А Курск двойн|7|137,00|0,00
20.03.2018|приход|электричество|автомат 32А Курск один|1|69,00|0,00
20.03.2018|приход|электричество|автомат 32А Курск один|5|69,00|0,00
20.03.2018|приход|электричество|автомат 32А Enext  один|3|50,00|0,00
20.03.2018|приход|электричество|автомат 32А NEXT один|1|50,00|0,00
20.03.2018|приход|электричество|автомат 32А Snaider один|6|107,00|0,00
20.03.2018|приход|электричество|автомат 32А Viko один|1|70,00|0,00
20.03.2018|приход|электричество|автомат 40А Курск один|14|69,00|0,00
20.03.2018|приход|электричество|болгарка Росмаш Н80|1|1 270,00|0,00
20.03.2018|приход|электричество|бра-лилия двойн большая|1|150,00|0,00
20.03.2018|приход|электричество|бра-лилия двойн маленькая|1|100,00|0,00
20.03.2018|приход|электричество|бра-лилия один|1|130,00|0,00
20.03.2018|приход|электричество|бра-тюльпан один|1|130,00|0,00
20.03.2018|приход|электричество|вентилятор бытовой Ø 100|1|235,00|0,00
20.03.2018|приход|электричество|вентилятор бытовой Ø 100 с жалюз|1|355,00|0,00
20.03.2018|приход|электричество|вентилятор бытовой Ø 120 с жалюз|1|421,00|0,00
20.03.2018|приход|электричество|вилка евро|1|22,50|0,00
20.03.2018|приход|электричество|вилка евро пласм|1|5,00|0,00
20.03.2018|приход|электричество|вилка евро Luxel|26|20,00|0,00
20.03.2018|приход|электричество|вилка колокольчик|2|9,00|0,00
20.03.2018|приход|электричество|вилка колокольчик|4|5,00|0,00
20.03.2018|приход|электричество|вилка косая|1|17,00|0,00
20.03.2018|приход|электричество|вилка косая латунная|1|13,00|0,00
20.03.2018|приход|электричество|вилка резиновая|1|28,00|0,00
20.03.2018|приход|электричество|вилка Турция|3|15,50|0,00
20.03.2018|приход|электричество|вилка Lezard|1|27,00|0,00
20.03.2018|приход|электричество|вилка LUX|3|20,00|0,00
20.03.2018|приход|электричество|гребенка двойная|5|107,00|0,00
20.03.2018|приход|электричество|гребенка одинарная|4|75,00|0,00
20.03.2018|приход|электричество|дрель техносич|1|900,00|0,00
20.03.2018|приход|электричество|зажигалка|1|45,00|0,00
20.03.2018|приход|электричество|звонок|1|148,00|0,00
20.03.2018|приход|электричество|звонок|1|140,00|0,00
20.03.2018|приход|электричество|кантер |2|85,00|0,00
20.03.2018|приход|электричество|кипятильник 0,5 квт|6|25,00|0,00
20.03.2018|приход|электричество|кипятильник 0,5 квт|4|22,00|0,00
20.03.2018|приход|электричество|кипятильник 0,7 квт|1|33,00|0,00
20.03.2018|приход|электричество|кипятильник 1,5 квт|5|49,00|0,00
20.03.2018|приход|электричество|кипятильник 2 квт|3|52,00|0,00
20.03.2018|приход|электричество|клемники 10мм|37|1,05|0,00
20.03.2018|приход|электричество|клемники 12мм|25|1,35|0,00
20.03.2018|приход|электричество|клемники 12мм|93|1,35|0,00
20.03.2018|приход|электричество|клемники 16мм|82|1,25|0,00
20.03.2018|приход|электричество|клемники 4мм|86|0,65|0,00
20.03.2018|приход|электричество|клемники 6мм|72|0,85|0,00
20.03.2018|приход|электричество|клемники 6мм|84|0,75|0,00
20.03.2018|приход|электричество|клемники 8мм|42|0,85|0,00
20.03.2018|приход|электричество|кнопка бра|3|18,00|0,00
20.03.2018|приход|электричество|кнопка бра|1|16,00|0,00
20.03.2018|приход|электричество|кнопка бра|4|15,00|0,00
20.03.2018|приход|электричество|кнопка бра|1|15,00|0,00
20.03.2018|приход|электричество|кнопка двойная|1|22,00|0,00
20.03.2018|приход|электричество|кнопка для бра|1|15,00|0,00
20.03.2018|приход|электричество|кнопка звонка|1|25,00|0,00
20.03.2018|приход|электричество|кнопка пусковая ПВ-220|5|37,00|0,00
20.03.2018|приход|электричество|колодка SVitex3-я земля|2|55,00|0,00
20.03.2018|приход|электричество|коробка разводн Внутр 100|30|5,00|0,00
20.03.2018|приход|электричество|коробка разводн Внутр 100 квадр|4|10,00|0,00
20.03.2018|приход|электричество|коробка разводн Внутр 100 под гипс|4|5,50|0,00
20.03.2018|приход|электричество|коробка разводн Внутрен 80|21|4,50|0,00
20.03.2018|приход|электричество|коробка разводн наружн|35|10,00|0,00
20.03.2018|приход|электричество|коробка разводн уличная|9|33,00|0,00
20.03.2018|приход|электричество|лампа 12Вт дн|1|185,00|0,00
20.03.2018|приход|электричество|лампочка  24в|1|10,00|0,00
20.03.2018|приход|электричество|лампочка  36в|1|10,00|0,00
20.03.2018|приход|электричество|лампочка 100 вт|1|6,00|0,00
20.03.2018|приход|электричество|лампочка 150вт|1|12,50|0,00
20.03.2018|приход|электричество|лампочка 200вт|1|13,00|0,00
20.03.2018|приход|электричество|лампочка 300вт Е-27|1|27,00|0,00
20.03.2018|приход|электричество|лампочка 300вт Е-40|1|30,00|0,00
20.03.2018|приход|электричество|лампочка 40 вт ,60 вт Белорусь|2|9,50|0,00
20.03.2018|приход|электричество|лампочка 40вт|1|10,00|0,00
20.03.2018|приход|электричество|лампочка 500вт|1|50,00|0,00
20.03.2018|приход|электричество|лампочка 6-9 12в|3|15,00|0,00
20.03.2018|приход|электричество|лампочка 60вт |1|6,00|0,00
20.03.2018|приход|электричество|лампочка в холод 15 вт|1|10,00|0,00
20.03.2018|приход|электричество|лампочка в холод 15 вт|3|10,00|0,00
20.03.2018|приход|электричество|лампочка в холод 15 вт|6|8,00|0,00
20.03.2018|приход|электричество|лампочка в холод 15 вт искра|1|8,00|0,00
20.03.2018|приход|электричество|лампочка галоген 12в|1|15,00|0,00
20.03.2018|приход|электричество|лампочка галоген MR-16|3|16,00|0,00
20.03.2018|приход|электричество|лампочка галоген R-39 40 вт|1|16,50|0,00
20.03.2018|приход|электричество|лампочка галоген R-50 60 вт|1|16,50|0,00
20.03.2018|приход|электричество|лампочка галоген R-63 60 вт|2|18,50|0,00
20.03.2018|приход|электричество|лампочка дн свет 11 вт|1|20,00|0,00
20.03.2018|приход|электричество|лампочка дн свет 13 вт|1|25,00|0,00
20.03.2018|приход|электричество|лампочка дн свет 13 вт|1|25,00|0,00
20.03.2018|приход|электричество|лампочка дн свет 8 вт|1|15,00|0,00
20.03.2018|приход|электричество|лампочка дросельная|1|87,00|0,00
20.03.2018|приход|электричество|лампочка ЕСО 15 вт|1|80,00|0,00
20.03.2018|приход|электричество|лампочка зеркало 150 вт|1|70,00|0,00
20.03.2018|приход|электричество|лампочка красная 250вт|1|85,00|0,00
20.03.2018|приход|электричество|лампочка Наша сила 7 вт свеча|2|65,00|0,00
20.03.2018|приход|электричество|лампочка Наша сила 7 вт шар|2|65,00|0,00
20.03.2018|приход|электричество|лампочка Наша сила R-39 3 вт|2|55,00|0,00
20.03.2018|приход|электричество|лампочка Наша сила R-50 5 вт|1|54,00|0,00
20.03.2018|приход|электричество|лампочка Наша сила R-50 6 вт|1|57,00|0,00
20.03.2018|приход|электричество|лампочка Наша сила R-50 7 вт|1|82,00|0,00
20.03.2018|приход|электричество|лампочка свеча 40вт|3|8,75|0,00
20.03.2018|приход|электричество|лампочка EKO Light 9 вт|1|25,00|0,00
20.03.2018|приход|электричество|лампочка Elektrum 10вт|2|65,00|0,00
20.03.2018|приход|электричество|лампочка Elektrum 12 вт|1|81,00|0,00
20.03.2018|приход|электричество|лампочка Elektrum 18 вт|1|140,00|0,00
20.03.2018|приход|электричество|лампочка Elektrum 6 вт свеча|1|70,00|0,00
20.03.2018|приход|электричество|лампочка Elektrum 8 вт|1|52,00|0,00
20.03.2018|приход|электричество|лампочка ELM 10 вт|2|46,00|0,00
20.03.2018|приход|электричество|лампочка ELM 12вт|1|56,00|0,00
20.03.2018|приход|электричество|лампочка ELM 15 вт|1|80,00|0,00
20.03.2018|приход|электричество|лампочка ELM 20 вт|2|135,00|0,00
20.03.2018|приход|электричество|лампочка ELM 7 вт|1|52,00|0,00
20.03.2018|приход|электричество|лампочка Ledex 6 вт шарик|3|40,00|0,00
20.03.2018|приход|электричество|лампочка Ledstar 10 вт|2|43,00|0,00
20.03.2018|приход|электричество|лампочка Ledstar 12 вт|1|52,00|0,00
20.03.2018|приход|электричество|лампочка Ledstar 15 вт|2|78,00|0,00
20.03.2018|приход|электричество|лампочка Ledstar 36 вт|1|245,00|0,00
20.03.2018|приход|электричество|лампочка Ledstar 6 вт свеча|4|36,00|0,00
20.03.2018|приход|электричество|лампочка Ledstar 6 вт шарик|1|37,00|0,00
20.03.2018|приход|электричество|лампочка Ledstar 8 вт|1|47,00|0,00
20.03.2018|приход|электричество|лампочка Luxel 13 вт|2|53,50|0,00
20.03.2018|приход|электричество|лампочка Luxel 15 вт|1|56,00|0,00
20.03.2018|приход|электричество|лампочка Luxel 20 вт|1|65,00|0,00
20.03.2018|приход|электричество|лампочка Luxel 6 вт свеча|2|43,00|0,00
20.03.2018|приход|электричество|лампочка Luxel 7 вт|2|60,00|0,00
20.03.2018|приход|электричество|лампочка Luxel 9 вт|1|51,50|0,00
20.03.2018|приход|электричество|лампочка MR-16 35 вт,50вт,75вт|50|16,00|0,00
20.03.2018|приход|электричество|лампочка OSPAM 40вт|1|12,00|0,00
20.03.2018|приход|электричество|лампочка PILA 60вт шар|1|11,00|0,00
20.03.2018|приход|электричество|лампочка R-39 40 вт,30вт|23|16,00|0,00
20.03.2018|приход|электричество|лампочка R-50 40 вт,60вт|17|16,00|0,00
20.03.2018|приход|электричество|лампочка R-63 60 вт|1|16,00|0,00
20.03.2018|приход|электричество|лампочка S-18 фонарь 100 вт|1|16,00|0,00
20.03.2018|приход|электричество|лампочка S-18 фонарь 300 вт|3|15,00|0,00
20.03.2018|приход|электричество|лампочка S-18 фонарь 500 вт|2|18,00|0,00
20.03.2018|приход|электричество|лампочка Vico 60вт|2|11,50|0,00
20.03.2018|приход|электричество|лампочка Videx 5 вт свеча|2|64,00|0,00
20.03.2018|приход|электричество|лампочка Videx 5 вт шар|3|66,00|0,00
20.03.2018|приход|электричество|лампочка Videx MR-16 5 вт|3|107,00|0,00
20.03.2018|приход|электричество|лампочка Videx MR-16 7 вт|2|84,00|0,00
20.03.2018|приход|электричество|лобзик intertool|1|760,00|0,00
20.03.2018|приход|электричество|ночник|1|37,00|0,00
20.03.2018|приход|электричество|патрон У-27 универс|1|10,00|0,00
20.03.2018|приход|электричество|паяльник 100вт|2|130,00|0,00
20.03.2018|приход|электричество|паяльник 25вт|1|94,00|0,00
20.03.2018|приход|электричество|паяльник 60вт|1|100,00|0,00
20.03.2018|приход|электричество|паяльник 65вт|1|110,00|0,00
20.03.2018|приход|электричество|паяльник 80вт|1|105,00|0,00
20.03.2018|приход|электричество|перенноска 3м 3гнезда|1|100,00|0,00
20.03.2018|приход|электричество|переноска 3 м Luxel|1|110,00|0,00
20.03.2018|приход|электричество|переноска 5 м с кноп e.Next|1|200,00|0,00
20.03.2018|приход|электричество|переноска 5 м e.Next|1|190,00|0,00
20.03.2018|приход|электричество|переноска 6м|1|85,00|0,00
20.03.2018|приход|электричество|переноска с лампой 10м|1|150,00|0,00
20.03.2018|приход|электричество|перфоратор intertool|1|1 900,00|0,00
20.03.2018|приход|электричество|перфоратор intertool больш|1|2 250,00|0,00
20.03.2018|приход|электричество|печка обычная|1|175,00|0,00
20.03.2018|приход|электричество|печка с теном|1|185,00|0,00
20.03.2018|приход|электричество|пила DWT|1|1 600,00|0,00
20.03.2018|приход|электричество|пистолет клеевой 10вт|1|49,00|0,00
20.03.2018|приход|электричество|пистолет клеевой 40 Вт|1|63,00|0,00
20.03.2018|приход|электричество|пистолет клеевой 40вт|1|63,00|0,00
20.03.2018|приход|электричество|пистолет клеевой 65вт|1|104,00|0,00
20.03.2018|приход|электричество|пробка авт 25А|2|44,00|0,00
20.03.2018|приход|электричество|розетка внутр Lider один|11|20,00|0,00
20.03.2018|приход|электричество|стартер S-10 |12|7,00|0,00
20.03.2018|приход|электричество|стартер S-10 Филипс|17|15,00|0,00
20.03.2018|приход|электричество|стартер S-2 Филипс|24|7,00|0,00
20.03.2018|приход|электричество|тен чайник|1|58,00|0,00
20.03.2018|приход|электричество|тен чайник|1|47,00|0,00
20.03.2018|приход|электричество|точило|1|925,00|0,00
20.03.2018|приход|электричество|тройник Luxel|10|25,00|0,00
20.03.2018|приход|электричество|тэн на печку Мечта|2|10,00|0,00
20.03.2018|приход|электричество|тэн на чайник|4|58,00|0,00
20.03.2018|приход|электричество|тэн на чайник|4|47,00|0,00
20.03.2018|приход|электричество|тэн нерж|1|78,00|0,00
20.03.2018|приход|электричество|тэн нерж на печку|1|55,00|0,00
20.03.2018|приход|электричество|тэн обычный|1|36,00|0,00
20.03.2018|приход|электричество|тэн тройной выход|1|89,00|0,00
20.03.2018|приход|электричество|тэн черн|2|55,00|0,00
20.03.2018|приход|электричество|фен intertool|1|475,00|0,00
20.03.2018|приход|электричество|чайник 3л|2|300,00|0,00
20.03.2018|приход|электричество|шлифмашина ПРОТОН болгарка|1|1 250,00|0,00
20.03.2018|приход|электричество|шлифмашина РОСМАШ болгарка|1|1 270,00|0,00
20.03.2018|приход|электричество|шлифмашина intertool |1|900,00|0,00
20.03.2018|приход|электричество|шлифмашина intertool больш|1|975,00|0,00
20.03.2018|приход|электричество|шлифмашина intertool мал|1|1 260,00|0,00
20.03.2018|приход|электричество|штепсель «мамка» Viko|1|20,00|0,00
20.03.2018|приход|электричество|шуруповерт intertool|1|875,00|0,00
20.03.2018|приход|электричество|шурупокрут РИТМ|1|745,00|0,00
20.03.2018|приход|электричество|шурупокрут РОСТЕК|1|750,00|0,00
20.03.2018|приход|электричество|светильник LED 12вт Luxel|4|155,00|0,00
20.03.2018|приход|электричество|светильник LED 6вт Neomax|3|80,00|0,00
20.03.2018|приход|электричество|вилка Luxel плоская|22|8,00|0,00
20.03.2018|приход|электричество|лампа 4Вт дн|1|135,00|0,00
20.03.2018|приход|электричество|лампа 8Вт дн|2|115,00|0,00
20.03.2018|приход|электричество|лампа ДРЛ|2|87,00|0,00
20.03.2018|приход|электричество|лампа красн 150вт|2|70,00|0,00
20.03.2018|приход|электричество|лампа красн 250вт|3|85,00|0,00
20.03.2018|приход|электричество|лампа люминисцентная 18 Вт |30|25,00|0,00
20.03.2018|приход|электричество|лампа люминисцентная 30 Вт |7|30,00|0,00
20.03.2018|приход|электричество|лампа люминисцентная 36 Вт |28|36,00|0,00
20.03.2018|приход|электричество|лампа СД эконом |9|33,50|0,00
20.03.2018|приход|электричество|лампа LED мебельная 8 Вт|1|115,00|0,00
20.03.2018|приход|электричество|лампочка 100вт|58|6,00|0,00
20.03.2018|приход|электричество|лампочка 12в|9|10,00|0,00
20.03.2018|приход|электричество|лампочка 150вт|9|12,50|0,00
20.03.2018|приход|электричество|лампочка 200вт|13|13,00|0,00
20.03.2018|приход|электричество|лампочка 24в|9|10,00|0,00
20.03.2018|приход|электричество|лампочка 300в|14|21,00|0,00
20.03.2018|приход|электричество|лампочка 300вт Е-40|6|30,00|0,00
20.03.2018|приход|электричество|лампочка 36в|20|10,00|0,00
20.03.2018|приход|электричество|лампочка 40вт|96|6,00|0,00
20.03.2018|приход|электричество|лампочка 40вт белор|11|9,00|0,00
20.03.2018|приход|электричество|лампочка 500вт|3|50,00|0,00
20.03.2018|приход|электричество|лампочка 60вт|20|6,00|0,00
20.03.2018|приход|электричество|лампочка 60вт белор|83|9,00|0,00
20.03.2018|приход|электричество|лампочка 75вт|67|6,00|0,00
20.03.2018|приход|электричество|лампочка 8вт|1|77,00|0,00
20.03.2018|приход|электричество|лампочка в фонарик|26|18,00|0,00
20.03.2018|приход|электричество|лампочка в холодильник|10|10,00|0,00
20.03.2018|приход|электричество|лампочка дневного света|3|15,00|0,00
20.03.2018|приход|электричество|лампочка Кристал 10 вт|4|39,00|0,00
20.03.2018|приход|электричество|лампочка свеча 40|49|8,75|0,00
20.03.2018|приход|электричество|лампочка свеча Е27/25|12|8,75|0,00
20.03.2018|приход|электричество|лампочка свеча Е27/60|43|8,75|0,00
20.03.2018|приход|электричество|лампочка шарик 25 Е27|21|6,00|0,00
20.03.2018|приход|электричество|лампочка шарик 40|46|8,75|0,00
20.03.2018|приход|электричество|лампочка шарик 60|20|8,75|0,00
20.03.2018|приход|электричество|лампочка Elektrum шарик 8 вт|2|46,00|0,00
20.03.2018|приход|электричество|лампочка ELM 10 вт|11|46,00|0,00
20.03.2018|приход|электричество|лампочка ELM 12 вт|2|56,00|0,00
20.03.2018|приход|электричество|лампочка ELM 15 вт|2|80,00|0,00
20.03.2018|приход|электричество|лампочка ELM 20 вт|2|135,00|0,00
20.03.2018|приход|электричество|лампочка ELM 8 вт|2|46,00|0,00
20.03.2018|приход|электричество|лампочка ELM 8 вт|4|43,00|0,00
20.03.2018|приход|электричество|лампочка ELM МR-16 3,5вт|6|30,00|0,00
20.03.2018|приход|электричество|лампочка ELM МR-16 5вт|6|51,00|0,00
20.03.2018|приход|электричество|лампочка ELM свеча 5 вт|6|46,00|0,00
20.03.2018|приход|электричество|лампочка ELM свеча 5 вт|2|40,00|0,00
20.03.2018|приход|электричество|лампочка ELM свеча 6 вт|10|46,00|0,00
20.03.2018|приход|электричество|лампочка ELM свеча 7 вт|1|55,00|0,00
20.03.2018|приход|электричество|лампочка ELM свеча 7 вт|2|46,00|0,00
20.03.2018|приход|электричество|лампочка ELM свечка 6 вт|2|46,00|0,00
20.03.2018|приход|электричество|лампочка ELM шарик 4 вт|7|35,00|0,00
20.03.2018|приход|электричество|лампочка ELM шарик 5 вт|5|46,00|0,00
20.03.2018|приход|электричество|лампочка ELM шарик 5 вт|9|43,00|0,00
20.03.2018|приход|электричество|лампочка ELM шарик 6 вт|6|46,00|0,00
20.03.2018|приход|электричество|лампочка ELM шарик 6 вт|1|46,00|0,00
20.03.2018|приход|электричество|лампочка ELM шарик 7 вт|4|46,00|0,00
20.03.2018|приход|электричество|лампочка ELM R-39 3вт|4|45,00|0,00
20.03.2018|приход|электричество|лампочка ELM R-50 5вт|4|57,00|0,00
20.03.2018|приход|электричество|лампочка LEDEX  шарик 6|2|50,00|0,00
20.03.2018|приход|электричество|лампочка LEDEX 10вт|3|72,00|0,00
20.03.2018|приход|электричество|лампочка LEDEX 10вт|3|55,00|0,00
20.03.2018|приход|электричество|лампочка LEDEX 10вт|2|52,00|0,00
20.03.2018|приход|электричество|лампочка LEDEX 10вт|4|51,00|0,00
20.03.2018|приход|электричество|лампочка LEDEX 10вт|3|43,00|0,00
20.03.2018|приход|электричество|лампочка LEDEX 10вт|4|39,00|0,00
20.03.2018|приход|электричество|лампочка LEDEX 10B|8|52,00|0,00
20.03.2018|приход|электричество|лампочка LEDEX 12вт|3|63,00|0,00
20.03.2018|приход|электричество|лампочка LEDEX 12B|5|63,00|0,00
20.03.2018|приход|электричество|лампочка LEDEX 15вт|2|80,00|0,00
20.03.2018|приход|электричество|лампочка LEDEX 15B|4|80,00|0,00
20.03.2018|приход|электричество|лампочка LEDEX 18вт|1|108,00|0,00
20.03.2018|приход|электричество|лампочка LEDEX 18B|1|108,00|0,00
20.03.2018|приход|электричество|лампочка LEDEX теплый свет 6B|2|43,00|0,00
20.03.2018|приход|электричество|лампочка LEDSTAR 10B|17|43,00|0,00
20.03.2018|приход|электричество|лампочка LEDSTAR 12B|9|52,00|0,00
20.03.2018|приход|электричество|лампочка LEDSTAR 6B свеча|8|36,00|0,00
20.03.2018|приход|электричество|лампочка LEDSTAR 6B шарик|14|37,00|0,00
20.03.2018|приход|электричество|лампочка LEDSTAR 8B|8|42,00|0,00
20.03.2018|приход|электричество|лампочка LEZARD MR -16 5вт|1|78,00|0,00
20.03.2018|приход|электричество|лампочка LEZARO 15B|2|78,00|0,00
20.03.2018|приход|электричество|лампочка R-50/513|1|53,00|0,00
20.03.2018|приход|электричество|электроспираль 1,8квт|10|12,00|0,00
20.03.2018|приход|электричество|ящик под эл счетчик пласм|2|65,00|0,00
20.03.2018|приход|электричество|ящик эл. Щетчик наружный|1|140,00|0,00
20.03.2018|приход|электричество|ящик эл.щетчик внутр|2|140,00|0,00
20.03.2018|приход|электричество|ящик эл.щетчик пластик|1|65,00|0,00
20.03.2018|приход|электричество|Свет точечный ST152|5|38,00|0,00