краски клей|алебастр 1кг|12|10,00|0,00
краски клей|алебастр 5кг|11|30,00|0,00
краски клей|анти силикон 0,5л|1|27,00|0,00
краски клей|Анти силикон 1л|1|50,00|0,00
краски клей|антисептик по дер 2л|1|45,00|0,00
краски клей|антисептик по дер 5л|1|95,00|0,00
краски клей|антисептик по дереву 1л|3|26,00|0,00
краски клей|Антисиликон 0,5л|3|27,00|0,00
краски клей|антисиликон 1л|3|50,00|0,00
краски клей|белила аэроз |1|62,00|0,00
краски клей|белила аэроз термо 600|1|112,00|0,00
краски клей|бензин калоша  1кг блеск|2|48,00|0,00
краски клей|бензин калоша 0,5л Блеск|1|26,00|0,00
краски клей|бензин калоша 1л Пр|2|28,00|0,00
краски клей|бронза пудра пакет|35|3,50|0,00
краски клей|бумага для окон|84|5,00|0,00
краски клей|валик велюр 30*150|3|22,00|0,00
краски клей|валик велюр с ручкой 15*70|5|14,00|0,00
краски клей|валик велюр с ручкой 30*100|3|18,00|0,00
краски клей|валик велюр с ручкой 30*250|1|40,00|0,00
краски клей|валик велюр с ручкой 48*200|5|35,00|0,00
краски клей|валик велюр смен h+Tools 48*180|10|24,00|0,00
краски клей|валик для обоев с ручкой 150|1|40,00|0,00
краски клей|валик для обоев с ручкой 180|1|52,00|0,00
краски клей|валик для обоев с ручкой 250|3|65,00|0,00
краски клей|валик для труб|1|49,00|0,00
краски клей|валик для швов |1|25,00|0,00
краски клей|валик маляр велюр  Tool 38*175|1|24,00|0,00
краски клей|Валик маляр мульт велюр 30*150|1|15,00|0,00
краски клей|Валик маляр смен 30*150|1|20,00|0,00
краски клей|валик маляр смен велюр 30*100|2|10,50|0,00
краски клей|валик моляр смен Tools 15*100|10|6,50|0,00
краски клей|валик с ручкой  48*180|1|29,50|0,00
краски клей|валик с ручкой  Blumberg 180||40,00|0,00
краски клей|валик с ручкой 15*100|2|13,00|0,00
краски клей|валик с ручкой 15*200|8|10,00|0,00
краски клей|валик с ручкой 15*70|2|11,00|0,00
краски клей|валик с ручкой 30*100|5|13,50|0,00
краски клей|валик с ручкой 30*150|5|29,00|0,00
краски клей|Валик смен 180|7|29,00|0,00
краски клей|Валик смен 48*180|16|35,50|0,00
краски клей|валик смен велюр 30*100|7|15,00|0,00
краски клей|валик смен велюр Tool 15*70|12|8,50|0,00
краски клей|валик смен горох|2|56,00|0,00
краски клей|Валик смен паралон 150*50|5|18,00|0,00
краски клей|Валик смен паралон 15мм*15см|4|6,50|0,00
краски клей|Валик смен паралон 35*110|10|10,00|0,00
краски клей|Валик смен паралон 35*150|12|13,00|0,00
краски клей|Валик смен паралон 36*70|9|10,00|0,00
краски клей|валик смен Blumberg 250|3|35,00|0,00
краски клей|валик смен Favorit 100мм|1|15,00|0,00
краски клей|валик смен h+Tools мульт 48*180|5|24,50|0,00
краски клей|валик смен Orange 30*100|5|12,00|0,00
краски клей|валик смен Oranre 30*150|3|15,00|0,00
краски клей|валик смен Tool 15*100|12|6,50|0,00
краски клей|валик смен Tool 15*50|10|6,00|0,00
краски клей|валик смен Tool 15*70|10|7,00|0,00
краски клей|валик смен Tool 30*150|6|20,50|0,00
краски клей|валик смен Tool 48*250|5|42,00|0,00
краски клей|валик смен Tool синтекс 30*100|1|10,00|0,00
краски клей|валик смен Triton 40*180|2|24,50|0,00
краски клей|валик струк с ручкой 180 мм|2|50,00|0,00
краски клей|валик структ с ручкой горох|1|65,00|0,00
краски клей|валик структур с ручкой гор 180 мм Favorit|1|130,00|0,00
краски клей|валик Favorite смен 180|2|32,00|0,00
краски клей|валик Fortune смен 180*47|3|24,00|0,00
краски клей|валик Orange  с ручкой 30*150|14|22,00|0,00
краски клей|валик Orange  с ручкой 58*18|1|50,00|0,00
краски клей|Валик Orange с ручкой 48*180|1|48,00|0,00
краски клей|валик Polax  с ручкой 48*250|2|50,00|0,00
краски клей|валик Polax  смен 48*180|10|30,00|0,00
краски клей|валик Polax с ручкой 48*180|6|43,00|0,00
краски клей|валик Polax смен 30*150|10|18,00|0,00
краски клей|валик Polax смен 48*250|6|42,00|0,00
краски клей|валик Tool  с ручкой синтекс 30*100|6|25,00|0,00
краски клей|Валик Tool с ручкой 30*100|8|20,00|0,00
краски клей|ванночка большая|7|28,00|0,00
краски клей|ванночка мален|2|11,00|0,00
краски клей|ванночка мален длинная|4|8,00|0,00
краски клей|ванночка сред|8|10,00|0,00
краски клей|герметик авт м черн,красн|2|25,00|0,00
краски клей|герметик акрил Technics|1|33,00|0,00
краски клей|герметик универсальн Dr Fix|2|44,00|0,00
краски клей|гідрофобна пропитка 1л|1|59,00|0,00
краски клей|емульсія гідрофобізуюча 1л|1|46,00|0,00
краски клей|жидкие гвозди  Soma Fix|3|48,00|0,00
краски клей|жидкие гвозди ЕКО-100|5|43,00|0,00
краски клей|жидкие гвозди Belini|3|45,00|0,00
краски клей|жидкое стекло 1л|2|27,00|0,00
краски клей|жидкое стекло 2,5 л|1|50,00|0,00
краски клей|жидкость торм Нева|3|40,00|0,00
краски клей|жидкость тормозная ДОТ|1|42,00|0,00
краски клей|замазка в тубе Aplais|3|37,00|0,00
краски клей|Замазка оконная|2|25,00|0,00
краски клей|Замазка оконная Интера|1|16,00|0,00
краски клей|замазка Штрих|1|17,00|0,00
краски клей|затирка POLIMIN |1|45,00|0,00
краски клей|затирка POLIMIN |2|63,00|0,00
краски клей|затирка POLIMIN  блакитний|3|42,00|0,00
краски клей|затирка POLIMIN  бузковий|1|42,00|0,00
краски клей|затирка POLIMIN  сірий|3|50,00|0,00
краски клей|затирка POLIMIN беж|3|43,00|0,00
краски клей|затирка POLIMIN белая|3|63,00|0,00
краски клей|затирка POLIMIN жовтый|1|35,00|0,00
краски клей|затирка POLIMIN зеленый|1|77,00|0,00
краски клей|затирка POLIMIN карамель|1|69,00|0,00
краски клей|затирка POLIMIN корич|3|71,50|0,00
краски клей|затирка POLIMIN кофейн|3|53,00|0,00
краски клей|затирка POLIMIN краснокирпич|3|53,00|0,00
краски клей|затирка POLIMIN кремов|3|56,00|0,00
краски клей|затирка POLIMIN оливковый|3|43,00|0,00
краски клей|затирка POLIMIN персик|2|42,00|0,00
краски клей|затирка POLIMIN салатовый|2|43,00|0,00
краски клей|затирка POLIMIN св корич|2|71,50|0,00
краски клей|затирка POLIMIN світлосірий|1|56,00|0,00
краски клей|затирка POLIMIN чорний|1|59,00|0,00
краски клей|известь 2кг|18|16,00|0,00
краски клей|известь 5кг|7|28,00|0,00
краски клей|керосин  0,5л|16|19,00|0,00
краски клей|керосин 1л|1|35,00|0,00
краски клей|керосин Блеск 0,5л|2|35,00|0,00
краски клей|керосин Блеск 1л|23|19,00|0,00
краски клей|кисточка 100мм  толст|5|13,00|0,00
краски клей|кисточка 100мм 1,5'|1|6,50|0,00
краски клей|кисточка 100мм 1'|1|5,00|0,00
краски клей|кисточка 100мм 2,5'|1|10,00|0,00
краски клей|кисточка 100мм 4'|1|17,00|0,00
краски клей|кисточка 20мм толст|3|4,00|0,00
краски клей|кисточка 25мм толст|2|4,50|0,00
краски клей|кисточка 30мм|3|20,00|0,00
краски клей|кисточка 30мм толст|6|5,00|0,00
краски клей|кисточка 30мм тонкая|10|3,75|0,00
краски клей|кисточка 36мм|3|13,00|0,00
краски клей|кисточка 40мм толст|5|5,50|0,00
краски клей|кисточка 40мм тонкая|8|4,00|0,00
краски клей|кисточка 50мм|2|17,00|0,00
краски клей|кисточка 50мм толст|4|7,00|0,00
краски клей|кисточка 50мм тонкая|5|4,50|0,00
краски клей|кисточка 60мм тонкая|15|6,00|0,00
краски клей|кисточка 70мм толст|12|8,50|0,00
краски клей|кисточка 70мм тонкая|4|7,00|0,00
краски клей|кисточка 75мм толст|2|10,00|0,00
краски клей|кисточка 80мм толст|3|11,00|0,00
краски клей|кисточка 80мм тонкая|4|7,50|0,00
краски клей|кисточка 90мм толст|10|12,00|0,00
краски клей|кисточка лак 20мм|2|10,00|0,00
краски клей|кисточка лак 30мм|1|15,00|0,00
краски клей|кисточка лак 40мм|1|18,00|0,00
краски клей|кисточка радиаторная дерев 1*|1|12,00|0,00
краски клей|кисточка радиаторная дерев 2*|1|19,00|0,00
краски клей|кисточка радиаторная пласм 30мм|7|6,00|0,00
краски клей|кисточка радиаторная пласм 40мм|8|8,00|0,00
краски клей|кисточка радиаторная пласм 60мм|1|10,00|0,00
краски клей|кисточка черн ручка 1,5'|1|12,00|0,00
краски клей|кисточка черн ручка 1'|1|18,00|0,00
краски клей|кисточка черн ручка 2,5'|1|28,00|0,00
краски клей|кисточка черн ручка 2'|1|27,00|0,00
краски клей|кисточка d16|2|30,00|0,00
краски клей|кисточка d20|1|7,50|0,00
краски клей|кисточка d20|2|5,50|0,00
краски клей|кисточка d25|1|8,50|0,00
краски клей|кисточка d30|1|6,50|0,00
краски клей|кисточка d50|1|15,00|0,00
краски клей|кисточка d75|2|35,00|0,00
краски клей|Клей 505 20|1|6,00|0,00
краски клей|Клей 88 ,герметик,сапожник|11|10,50|0,00
краски клей|Клей 88 1кг|1|140,00|0,00
краски клей|клей Десмокол|1|18,00|0,00
краски клей|клей для латок |13|8,00|0,00
краски клей|клей для надувных матрасов|2|22,00|0,00
краски клей|клей для побел Антимелитель|1|5,00|0,00
краски клей|клей для побелки|1|7,50|0,00
краски клей|клей дракон 0,25|2|25,00|0,00
краски клей|клей дракон 0,4|2|42,00|0,00
краски клей|клей дракон 0,8|1|78,50|0,00
краски клей|клей дракон 0,8|1|66,00|0,00
краски клей|клей дракон монтаж 0,25|1|27,00|0,00
краски клей|Клей Дуфа 1 кг|6|52,00|0,00
краски клей|клей кнауф Перфомикс 30кг|2|135,00|0,00
краски клей|клей кнауф Ф-Ш 25кг|2|110,00|0,00
краски клей|клей кнауф C-T 30кг|6|110,00|0,00
краски клей|клей кнауф MULTI-FINISH 25кг|2|190,00|0,00
краски клей|клей кнауф ROTBAND 30кг|3|150,00|0,00
краски клей|Клей Крайзель 102 25кг|3|78,00|0,00
краски клей|Клей Крайзель 220/25 кг|4|150,00|0,00
краски клей|клей Кросс|1|13,50|0,00
краски клей|Клей Лакрусил|1|96,00|0,00
краски клей|Клей мастер-гель|1|10,75|0,00
краски клей|клей метилам|2|76,00|0,00
краски клей|клей Момент|1|25,00|0,00
краски клей|клей момент «Монтаж» туба|2|30,00|0,00
краски клей|клей момент для армировки 25|5|120,00|0,00
краски клей|клей момент для газобетона 25кг|4|88,00|0,00
краски клей|клей момент для плитки 25|6|78,00|0,00
краски клей|клей момент для проклейки 25|10|93,00|0,00
краски клей|клей монтаж  Lakrysil туба|6|40,00|0,00
краски клей|клей монтаж сумашедшая липучка|6|59,00|0,00
краски клей|клей монтаж сумашедшая липучка туба|3|42,00|0,00
краски клей|клей монтажный 125 гр|1|32,00|0,00
краски клей|клей монтажный 250 гр|1|62,00|0,00
краски клей|клей обойн КМЦ 400гр|2|30,50|0,00
краски клей|клей обойн метилан винил|1|76,00|0,00
краски клей|клей обойн метилан унив|5|64,00|0,00
краски клей|клей обойн метилан флизелин |3|70,00|0,00
краски клей|клей обойн Момент винил 95г|2|20,00|0,00
краски клей|клей обойн Момент флизелин 95 г|1|22,00|0,00
краски клей|клей обойн Туткал|1|27,00|0,00
краски клей|клей обойн QUELYD винил|1|87,00|0,00
краски клей|клей обойн QUELYD екс|5|67,00|0,00
краски клей|клей ПВА 1 кг Д-3|1|50,00|0,00
краски клей|клей ПВА 1 кг Totus|4|40,00|0,00
краски клей|клей ПВА 1л МБ3|1|93,00|0,00
краски клей|клей ПВА 2,5 кг|2|93,00|0,00
краски клей|клей ПВА 250 гр|2|12,50|0,00
краски клей|клей ПВА 40 гр|1|8,00|0,00
краски клей|Клей ПВА бустилат 1,2 кг|3|41,00|0,00
краски клей|клей ПВА МБ шт 1кг|3|42,00|0,00
краски клей|клей пена Akluks|3|135,00|0,00
краски клей|клей пена Belat |1|140,00|0,00
краски клей|клей пена De Lise|3|140,00|0,00
краски клей|клей пена Dr Schenk|2|145,00|0,00
краски клей|клей пена Soma Fix|1|150,00|0,00
краски клей|клей пена Technics|1|135,00|0,00
краски клей|клей Пеностирол  1|23|26,00|0,00
краски клей|клей Пеностирол 2 50х100|1|30,00|0,00
краски клей|клей Пеностирол 2 60х1,2|1|42,00|0,00
краски клей|клей Пеностирол 3|18|59,00|0,00
краски клей|клей пеностирол 50х1  2|12|30,00|0,00
краски клей|клей Полимин 4-4 25кг|2|152,00|0,00
краски клей|клей полимин ШФ-3 белый|2|220,00|0,00
краски клей|клей полимин ШФ-3 серый|3|160,00|0,00
краски клей|клей полистерол 2мм|7|42,00|0,00
краски клей|клей полистерол 3мм|6|59,00|0,00
краски клей|Клей Примус 1,5 кг|3|48,00|0,00
краски клей|клей Проф|1|16,00|0,00
краски клей|клей цеоогопан|1|7,50|0,00
краски клей|Клей ЭДП 70г|2|30,00|0,00
краски клей|клей эпоксид 150г|1|48,00|0,00
краски клей|краситель колорекс|162|25,00|0,00
краски клей|краситель Колорекс|5|25,50|0,00
краски клей|краска аэроз золото больш|1|78,00|0,00
краски клей|краска аэроз паинт больш|51|62,00|0,00
краски клей|краска аэроз паинт маленькая|7|53,00|0,00
краски клей|краска аэроз сильвер больш|3|78,00|0,00
краски клей|краска аэроз сильвер маленькая|2|63,00|0,00
краски клей|краска декор 100г|10|39,00|0,00
краски клей|краска декор 100г|4|30,00|0,00
краски клей|краска декор 500г|4|155,00|0,00
краски клей|Краска мобилак аэроз|1|56,00|0,00
краски клей|Лазурь релакс 0,75 л желтая|3|70,00|0,00
краски клей|Лазурь релакс 0,75 л каштан|3|70,00|0,00
краски клей|Лазурь релакс 0,75 л орех |4|70,00|0,00
краски клей|Лазурь релакс 0,75 л палисандр|2|70,00|0,00
краски клей|Лазурь релакс 0,75 л св дуб|2|70,00|0,00
краски клей|Лазурь релакс 0,75 л тем дуб|3|70,00|0,00
краски клей|Лазурь релакс 0,75 л тик|2|70,00|0,00
краски клей|Лазурь релакс 0,8 кг паркетный |1|62,00|0,00
краски клей|Лазурь релакс 2,8 кг зеленая|1|145,00|0,00
краски клей|Лазурь релакс 2,8 кг морская волна|1|135,00|0,00
краски клей|лак битумный 0,5л|2|26,00|0,00
краски клей|лак битумный 1л|3|42,00|0,00
краски клей|лак Блеск НЦ-218|1|81,00|0,00
краски клей|лак Контакт акриловый 1кг|2|75,00|0,00
краски клей|лак Лазурь с морилк|3|70,00|0,00
краски клей|лак НЦ 218 0,5кг|3|35,00|0,00
краски клей|лак Ролакс акриловый 1кг|1|89,00|0,00
краски клей|Лак Ролакс матовый 0,8 л|1|85,00|0,00
краски клей|лак Ролакс панель|1|88,00|0,00
краски клей|лак Ролакс паркетный 0,8 л|1|62,00|0,00
краски клей|лак Ролакс по камню 0,8 л|2|90,00|0,00
краски клей|Лак Ролакс ПФ 170 0,8 кг|5|65,00|0,00
краски клей|лак Ролакс ПФ-170 0,5кг|1|32,00|0,00
краски клей|лак Ролакс ПФ-170 2,8кг|4|170,00|0,00
краски клей|лак Ролакс яхтенный глян 0,8 л|3|65,00|0,00
краски клей|Лак яхтенный матовый 0,8 кг|2|78,00|0,00
краски клей|лак Belini ПФ-170 0,75л|2|55,00|0,00
краски клей|лак Belini с морилк|5|60,00|0,00
краски клей|Лак Maxima с морилк |8|80,00|0,00
краски клей|лента малярная 19|1|10,00|0,00
краски клей|Макловица 30*110|4|22,00|0,00
краски клей|Макловица 30*130|3|22,00|0,00
краски клей|Макловица 30*70|3|11,50|0,00
краски клей|Макловица 30*90|2|17,00|0,00
краски клей|Макловица 40*140|6|27,00|0,00
краски клей|Макловица 50* 180|4|40,00|0,00
краски клей|Макловица 50*150|3|32,00|0,00
краски клей|макловица пласм 30*100|1|30,00|0,00
краски клей|макловица пласм 30*100|5|26,00|0,00
краски клей|макловица пласм 30*130|4|30,00|0,00
краски клей|макловица пласм 40*140|3|53,00|0,00
краски клей|макловица пласм 50*150|5|63,00|0,00
краски клей|медный купорос|19|5,00|0,00
краски клей|мел 2кг|5|12,00|0,00
краски клей|мел 5кг|6|25,00|0,00
краски клей|мел для отбив тросса|1|16,00|0,00
краски клей|миксер для краски б|1|26,00|0,00
краски клей|миксер для краски м|2|18,00|0,00
краски клей|миксер для краски с|1|21,00|0,00
краски клей|миксер на дрель б|2|25,00|0,00
краски клей|миксер на дрель с|1|21,00|0,00
краски клей|мин вата изовер 15 м2|1|325,00|0,00
краски клей|мин вата изовер 17 м2|1|385,00|0,00
краски клей|мин вата Кнауф 18 м2|2|355,00|0,00
краски клей|Мин вата Кнауф мат 18 м2|2|395,00|0,00
краски клей|Мин вата кнауф мат 9м2|1|395,00|0,00
краски клей|Мин вата УРСА 16,8 м2|7|340,00|0,00
краски клей|мин вата урса 8,4 м3|1|230,00|0,00
краски клей|Морилка 0,5л|107|23,00|0,00
краски клей|огнезащит силик  Grad|1|15,00|0,00
краски клей|огнезащит силик  Sigma|2|35,00|0,00
краски клей|огнезащит силик  Sigma|2|25,00|0,00
краски клей|Олифа  0,5 л|8|17,00|0,00
краски клей|Олифа 1 л|6|31,50|0,00
краски клей|Олифа Оксоль 3,8кг|1|150,00|0,00
краски клей|Очиститель пены Boomonster|2|57,00|0,00
краски клей|Очиститель пены Get Fix|3|55,00|0,00
краски клей|пена Вilove труб 0,5|2|69,00|0,00
краски клей|пена Вilove трубчатая|6|93,00|0,00
краски клей|пена монтажная  Penosil|1|105,00|0,00
краски клей|пена монтажная под лист  Soma Fix|3|165,00|0,00
краски клей|пена монтажная Belat 300 мл|1|56,00|0,00
краски клей|пена монтажная Soma Fix|1|140,00|0,00
краски клей|пена монтажная Soma Fix 500 гр|1|87,00|0,00
краски клей|пена пистолет   дом моб|1|215,00|0,00
краски клей|пена пистолет  дом моб|1|165,00|0,00
краски клей|пена под пистол монтаж стандарт 500|1|58,00|0,00
краски клей|пена под пистол монтаж Aktix|1|145,00|0,00
краски клей|пена под пистол монтаж BELAT|1|112,00|0,00
краски клей|пена под пистол монтаж BELAT|1|93,00|0,00
краски клей|пена под пистол монтаж BELAT 500|1|69,00|0,00
краски клей|пена под пистол монтаж PENOSIL 300|1|75,00|0,00
краски клей|пена под пистол Ролакс|1|125,00|0,00
краски клей|пена под пистол Aktix|2|150,00|0,00
краски клей|пена под пистол BUD PROFIT|1|100,00|0,00
краски клей|пена проф Rolax|3|126,00|0,00
краски клей|пена профессион|5|112,00|0,00
краски клей|пена трубчатая пеносил|2|105,00|0,00
краски клей|пена трубчатая Aklix 75|2|145,00|0,00
краски клей|пена трубчатая Aklix 812|2|145,00|0,00
краски клей|пенопластовая крошка 0,2 м3|1|225,00|0,00
краски клей|пистол для пол  РНIМО №7202|1|76,00|0,00
краски клей|пистолет д/силикон полузакр|1|40,00|0,00
краски клей|пистолет для пены|3|48,00|0,00
краски клей|пистолет клеевой|1|49,00|0,00
краски клей|пистолет под пену одн дом мастер|2|135,00|0,00
краски клей|пистолет под силикон|9|45,00|0,00
краски клей|пистолет под силикон закрытый|3|40,00|0,00
краски клей|пистолет под силикон сигма|2|55,00|0,00
краски клей|пластификатор морозост 5л|1|200,00|0,00
краски клей|пластфиксатор для бетона 1л|3|42,00|0,00
краски клей|преобразователь ржавчины 0,5л|1|15,00|0,00
краски клей|Преобразователь ржавчины 1л|6|27,00|0,00
краски клей|преобразователь ржавчины 1л|5|15,00|0,00
краски клей|Противогрибковая 1 л|1|157,00|0,00
краски клей|протиморозний 1л|3|45,00|0,00
краски клей|пудра алюмин пак|69|3,50|0,00
краски клей|размораживатель АВАНТЕК|1|48,00|0,00
краски клей|Растворитель 007 Ролакс 0,5л|2|37,50|0,00
краски клей|растворитель 3в1 Polital|1|42,00|0,00
краски клей|Растворитель 646  0,5л|9|18,00|0,00
краски клей|Растворитель 646  1л|12|35,00|0,00
краски клей|Растворитель 647  0,5л|4|21,00|0,00
краски клей|Растворитель 647  0,5л|26|20,00|0,00
краски клей|Растворитель 647  1л|18|37,50|0,00
краски клей|Растворитель 647 3,6 кг|1|192,00|0,00
краски клей|Растворитель 650 0,5л|5|24,00|0,00
краски клей|Растворитель 650 0,5л Блеск|1|21,00|0,00
краски клей|Растворитель 650 1л|9|41,00|0,00
краски клей|Респиратор|1|18,00|0,00
краски клей|Респиратор|1|12,00|0,00
краски клей|респиратор лепесток|1|15,00|0,00
краски клей|респиратор сменные фильтра|10|15,00|0,00
краски клей|респиратор угольный 1й|2|60,00|0,00
краски клей|респиратор угольный 2й|2|75,00|0,00
краски клей|Рубероид 10 м|4|90,00|0,00
краски клей|Рубероид 15 м|7|110,00|0,00
краски клей|Рубероид ГОСТ 10 м|1|260,00|0,00
краски клей|Рубероид ГОСТ 10 м|1|150,00|0,00
краски клей|рубероид гост 10м|2|125,00|0,00
краски клей|Рубероид ГОСТ 15 м|3|245,00|0,00
краски клей|Рубероид ГОСТ 15 м|1|180,00|0,00
краски клей|Рубероид евро 10 м|1|385,00|0,00
краски клей|Рубероид евро 10 м|2|315,00|0,00
краски клей|Рубероид евро 10 м|1|225,00|0,00
краски клей|рубероид евро 10м|2|260,00|0,00
краски клей|рубероид евро 15м|1|385,00|0,00
краски клей|ручка на валик 100|11|7,50|0,00
краски клей|ручка на валик 150|3|10,00|0,00
краски клей|серебрянка маленькая|8|3,50|0,00
краски клей|сигнальная лента 100м|2|57,00|0,00
краски клей|сигнальная лента 50м|2|35,00|0,00
краски клей|Силикон 1,2|12,2|15,00|0,00
краски клей|силикон для аквариума Hercul|1|90,00|0,00
краски клей|силикон для аквариума SOMA GERMAN|2|92,00|0,00
краски клей|силикон пистолет |1|45,00|0,00
краски клей|Силикон стержень длинный|34|3,50|0,00
краски клей|силикон стержень короткий|114|3,50|0,00
краски клей|силикон Belat прозрач|13|48,00|0,00
краски клей|силикон Belat туба|2|26,00|0,00
краски клей|силикон SOMA GERMAN|1|40,00|0,00
краски клей|силикон SOMA GERMAN туба|1|29,00|0,00
краски клей|синька|12|5,00|0,00
краски клей|синька в пакет|10|3,50|0,00
краски клей|Скотч 100 м желт|6|28,00|0,00
краски клей|Скотч 100мм|6|21,00|0,00
краски клей|Скотч 150мм|1|24,00|0,00
краски клей|скотч 2-хсторон 48*15м|2|37,00|0,00
краски клей|Скотч 2-хсторон 48*25м|2|56,50|0,00
краски клей|скотч 2-хсторон 50*5м|1|32,00|0,00
краски клей|Скотч 200мм|6|26,00|0,00
краски клей|Скотч 200мм желт|4|45,00|0,00
краски клей|скотч 2хсторон|1|32,00|0,00
краски клей|Скотч 300 м|3|57,00|0,00
краски клей|Скотч 30мм|2|10,00|0,00
краски клей|Скотч 30мм|4|6,50|0,00
краски клей|Скотч 75мм|5|12,00|0,00
краски клей|Скотч 90мм|1|21,00|0,00
краски клей|скотч авт 12*2м|1|40,00|0,00
краски клей|скотч авт 19*2м|1|19,00|0,00
краски клей|скотч алюм 45*10м|6|26,00|0,00
краски клей|скотч алюмин 38*10м|2|23,00|0,00
краски клей|скотч алюмин 50*10м|1|17,00|0,00
краски клей|скотч армирующ 48*25 м|3|56,00|0,00
краски клей|скотч армирующ 48*50 м|4|105,00|0,00
краски клей|скотч армирующ 50*10 м|4|30,00|0,00
краски клей|Скотч канцел|2|6,00|0,00
краски клей|Скотч канцел|5|5,00|0,00
краски клей|Скотч канцел|8|4,00|0,00
краски клей|скотч малярный 19мм|13|8,50|0,00
краски клей|скотч малярный 25мм|1|14,00|0,00
краски клей|скотч малярный 25мм|10|11,50|0,00
краски клей|скотч малярный 38мм|5|22,00|0,00
краски клей|скотч малярный 38мм|8|20,00|0,00
краски клей|скотч малярный 38мм Мастер|11|24,00|0,00
краски клей|скотч малярный 48 мм|2|14,00|0,00
краски клей|скотч малярный 48мм Мастер|5|29,00|0,00
краски клей|скотч малярный 50мм|2|20,00|0,00
краски клей|скотч прозрач|2|24,00|0,00
краски клей|смывка стар краски СП-6 1л|2|72,00|0,00
краски клей|сольвент 1л|1|31,00|0,00
краски клей|Сольвент 3,8кг|1|165,00|0,00
краски клей|Сольвент Блеск 0,5л|10|18,00|0,00
краски клей|сольвент Блеск 1л|13|32,00|0,00
краски клей|сольвент ЕРА 0,5Л|8|18,00|0,00
краски клей|сольвент ЕРА 1л|2|29,00|0,00
краски клей|стержень силиконовый|23|8,00|0,00
краски клей|стержень силиконовый|6|7,00|0,00
краски клей|стержень силиконовый|6|4,50|0,00
краски клей|стержень силиконовый черный|12|7,00|0,00
краски клей|супер клей 20|1|12,00|0,00
краски клей|тотус антисептик 1 л дер|3|40,00|0,00
краски клей|тотус антисептичный грунт 1 л|5|42,00|0,00
краски клей|Уайт-спирит 0,5л|19|16,00|0,00
краски клей|Уайт-спирит 3,1 кг|2|138,00|0,00
краски клей|Уайт-спирит Блеск 1л|16|28,00|0,00
краски клей|Уайт-спирит ЕРА 1л|6|15,00|0,00
краски клей|Утеплитель Изовер 15 м2|2|325,00|0,00
краски клей|Утеплитель Изовер 17 м2|1|385,00|0,00
краски клей|Утеплитель Профитеп 16 м2|1|330,00|0,00
краски клей|холодная сварка алмаз|1|18,00|0,00
краски клей|холодная сварка ремпласт|1|16,00|0,00
краски клей|холодная сварка ремпласт|2|10,00|0,00
краски клей|Цемент 50 кг|25|120,00|0,00
краски клей|цемент 50 кг Portland 400|8|100,00|0,00
краски клей|цемент 50 кг Portland 500|4|145,00|0,00
краски клей|церезит кол шов біл |4|70,00|0,00
краски клей|Шпаклевка АВС старт 2кг|27|18,50|0,00
краски клей|Шпаклевка АВС старт 5кг|8|40,00|0,00
краски клей|Шпаклевка АВС финиш 2кг|7|20,50|0,00
краски клей|Шпаклевка АВС финиш 5кг|14|49,00|0,00
краски клей|Шпаклевка грунт акрил Атлас 1л|2|35,00|0,00
краски клей|Шпаклевка грунт антигриб 5л|1|95,00|0,00
краски клей|Шпаклевка грунт Аура 0,5л|2|38,00|0,00
краски клей|Шпаклевка грунт Аура 1л|1|66,00|0,00
краски клей|Шпаклевка грунт Дюфа 1л|4|32,00|0,00
краски клей|Шпаклевка грунт момент|2|50,00|0,00
краски клей|Шпаклевка грунт Премиум 1л|5|35,00|0,00
краски клей|Шпаклевка грунт Ультра 1л|3|32,00|0,00
краски клей|Шпаклевка грунт церазит 5л|2|125,00|0,00
краски клей|Шпаклевка грунтовка антигрибковая 1л|13|26,00|0,00
краски клей|Шпаклевка грунтовка антигрибковая 2л|4|45,00|0,00
краски клей|Шпаклевка грунтовка церазит 2л|2|68,00|0,00
краски клей|Шпаклевка Макс Веng 3 1кг|1|55,50|0,00
краски клей|Шпаклевка Макс Веng 3 1кг|1|48,50|0,00
краски клей|Шпаклевка Мастерок УПС 1:4 25кг|1|60,00|0,00
краски клей|шпаклевка по дереву 0,35 біла|3|20,50|0,00
краски клей|шпаклевка по дереву 0,7 біла|3|38,00|0,00
краски клей|шпаклевка по дереву 0,7 вільха|2|38,00|0,00
краски клей|шпаклевка по дереву 0,7 сосна|1|38,00|0,00
краски клей|шпаклевка по дереву бук 0,35|1|20,50|0,00
краски клей|шпаклевка по дереву вільха 0,35|3|20,50|0,00
краски клей|шпаклевка по дереву дуб 0,35|4|20,50|0,00
краски клей|шпаклевка по дереву сосна 0,35|5|20,50|0,00
краски клей|Шпаклевка СМ -11 25кг|15|106,00|0,00
краски клей|Шпаклевка СМ -11 5кг|6|43,00|0,00
краски клей|Шпаклевка СМ -117 25кг|1|250,00|0,00
краски клей|шпаклевка финиш Putz 1,5кг|1|35,50|0,00
краски клей|шпаклевка финиш Putz 17кг|1|250,00|0,00
краски клей|шпаклевка финиш Putz 5кг|1|105,00|0,00
краски клей|шпаклевка финиш Putz 8кг|1|175,00|0,00
краски клей|Шпаклевка skanmix термост 20кг|1|235,00|0,00
краски клей|Штукатурка полимин кол шов горіх|1|60,00|0,00
краски клей|Штукатурка полимин М-75-25кг|3|73,00|0,00
краски клей|Штукатурка полимин П-12-25кг|6|88,00|0,00
краски клей|Штукатурка полимин П-19-25кг|4|90,00|0,00
краски клей|Штукатурка полимин П-20-25кг|3|120,00|0,00
краски клей|Штукатурка полимин П-21-25кг|1|163,00|0,00
краски клей|Штукатурка полимин П-22-25кг|4|163,00|0,00
краски клей|Штукатурка полимин П-9-25кг|4|68,00|0,00
краски клей|Штукатурка полимин ПБ-55-25кг|2|78,00|0,00
краски клей|щетка круглая 16|8|30,00|0,00
краски клей|щетка круглая 20 мм|8|5,50|0,00
краски клей|щетка плоская 1|8|18,00|0,00
краски клей|щетка плоская 1|6|5,00|0,00
краски клей|щетка плоская 1,5|8|12,00|0,00
краски клей|щетка плоская 1,5|4|6,50|0,00
краски клей|щетка плоская 100 мм|5|17,00|0,00
краски клей|щетка плоская 2|5|27,00|0,00
краски клей|щетка плоская 2,5|1|28,00|0,00
краски клей|щетка плоская 2,5|8|10,00|0,00
краски клей|щетка по металу 1 ряд|16|22,00|0,00
краски клей|щетка по металу 1 ряд|4|17,00|0,00
краски клей|щетка по металу 5 ряд дерев|2|22,00|0,00
краски клей|щетка по металу многоряд|4|15,00|0,00
краски клей|щетка побелочная|2|12,00|0,00
краски клей|щетка радиаторная 1,5|4|15,00|0,00
краски клей|щетка радиаторная 2|2|19,00|0,00
краски клей|эмаль  грунт Днепрконтакт серая 2,8 кг|2|100,00|0,00
краски клей|эмаль  Ролакс 0,75кг акрилов |2|90,00|0,00
краски клей|эмаль  Фазенда  2,8 кг пол кр корич|2|105,00|0,00
краски клей|Эмаль «Вагонка»0,8 бел|2|117,00|0,00
краски клей|эмаль «Вагонка»0,8 черн|2|102,00|0,00
краски клей|эмаль «Вагонка»0,8бирюза|2|106,00|0,00
краски клей|эмаль «Вагонка»0,8вишня|2|137,00|0,00
краски клей|эмаль «Вагонка»0,8голубая|4|93,00|0,00
краски клей|эмаль «Вагонка»0,8зелен|2|103,00|0,00
краски клей|эмаль «Вагонка»0,8корич|1|105,00|0,00
краски клей|эмаль «Вагонка»0,8крас корич|3|90,00|0,00
краски клей|эмаль «Вагонка»0,8красная|2|130,00|0,00
краски клей|эмаль «Вагонка»0,8св серая|2|107,00|0,00
краски клей|эмаль «Вагонка»0,8серая|1|95,00|0,00
краски клей|эмаль «Вагонка»0,8синяя|2|110,00|0,00
краски клей|эмаль «Вагонка»0,8тем зел|1|123,00|0,00
краски клей|эмаль «Вагонка»0,8тем серая|3|101,00|0,00
краски клей|эмаль «Вагонка»2,5 бел|5|270,00|0,00
краски клей|эмаль «Вагонка»2,5 голубой|2|275,00|0,00
краски клей|эмаль «Вагонка»2,5 зелен|3|280,00|0,00
краски клей|эмаль «Вагонка»2,5 св серый|3|250,00|0,00
краски клей|эмаль «Вагонка»2,5 серый|2|250,00|0,00
краски клей|эмаль «Вагонка»2,5 синий |3|310,00|0,00
краски клей|эмаль «Вагонка»2,5 черный|3|265,00|0,00
краски клей|эмаль «Вагонка»2,5бирюза|1|275,00|0,00
краски клей|эмаль «Вагонка»2,5вишня|3|371,00|0,00
краски клей|эмаль «Вагонка»2,5коричнев|3|272,00|0,00
краски клей|эмаль «Вагонка»2,5красн корич|4|240,00|0,00
краски клей|эмаль «Вагонка»2,5красная|3|335,00|0,00
краски клей|эмаль «Вагонка»2,5тем зелен|1|350,00|0,00
краски клей|эмаль «Вагонка»2,5тем серый|5|270,00|0,00
краски клей|Эмаль +грунтовка 3в1 Delfi зелен|1|69,00|0,00
краски клей|эмаль аэроз жаростойкая|2|112,00|0,00
краски клей|эмаль аэрозоль жароустойчив|1|112,00|0,00
краски клей|эмаль аэрозоль Belat керам|1|80,00|0,00
краски клей|эмаль аэрозоль Belat №1001|1|90,00|0,00
краски клей|эмаль аэрозоль Bosny белая|2|79,00|0,00
краски клей|эмаль аэрозоль Bosny черная|1|79,00|0,00
краски клей|эмаль аэрозоль Mobi LACK|2|56,00|0,00
краски клей|эмаль аэрозоль №44|2|79,00|0,00
краски клей|эмаль аэрозоль Paint |17|62,00|0,00
краски клей|эмаль аэрозоль Paint  (м) Silver|1|63,00|0,00
краски клей|эмаль аэрозоль Paint м|7|53,00|0,00
краски клей|эмаль аэрозоль Paint молоток|1|100,00|0,00
краски клей|эмаль аэрозоль Paint Silver|2|78,00|0,00
краски клей|Эмаль Бирюза 2,8 кг|3|130,00|0,00
краски клей|Эмаль Бирюза 2,8 кг слоновая кость |2|135,00|0,00
краски клей|Эмаль Бирюза 2,8 кг яр голуюая|5|130,00|0,00
краски клей|Эмаль грунт ГФ-021 красн коричнев 0,9кг|2|38,00|0,00
краски клей|эмаль грунт Комфорт кр корич2,8 кг|1|102,00|0,00
краски клей|Эмаль грунт Фазенда серая 0,9кг|1|40,00|0,00
краски клей|эмаль грунт Фазенда серая 2,8 кг|1|115,00|0,00
краски клей|Эмаль Грунт Belini  серая  0,9кг|2|40,00|0,00
краски клей|эмаль грунт Belini белая 2,8 кг|1|126,00|0,00
краски клей|Эмаль Грунт Belini кр-коричневая 0,9 кг|2|38,00|0,00
краски клей|Эмаль грунт Belini красн коричнев 0,9кг|1|38,00|0,00
краски клей|эмаль грунт Belini серая 2,8 кг|7|120,00|0,00
краски клей|Эмаль грунт Belini чер 0,9кг|4|42,00|0,00
краски клей|эмаль грунт Belini черн 2,8 кг|2|106,00|0,00
краски клей|Эмаль Грунт Belini черная 2,8 кг|3|105,00|0,00
краски клей|эмаль грунтовка корабельная  серая 2,8 кг|1|125,00|0,00
краски клей|Эмаль грунтовка Корабельная красн коричнев 0,9кг|1|43,00|0,00
краски клей|Эмаль грунтовка Delfi красн коричнев 0,9кг|2|48,00|0,00
краски клей|Эмаль грунтовка Delfi серая 0,9кг|3|48,00|0,00
краски клей|эмаль грунтовка Elfina серая 2,8 кг|1|100,00|0,00
краски клей|эмаль грунтовка Smail кр корич2,8 кг|1|145,00|0,00
краски клей|Эмаль Декарт 2,8 кг св. зеленая|2|100,00|0,00
краски клей|Эмаль Колорик 2,8 кг желто коричневая|2|125,00|0,00
краски клей|эмаль комфорт 0,9 кг  желт |1|41,00|0,00
краски клей|эмаль комфорт 0,9 кг  черная|2|40,00|0,00
краски клей|эмаль комфорт 0,9 кг белая |1|43,00|0,00
краски клей|эмаль комфорт 0,9 кг черная |1|40,00|0,00
краски клей|эмаль комфорт 1,4 кг латекс синяя |1|30,00|0,00
краски клей|эмаль комфорт 1,4 кг розовая |1|28,00|0,00
краски клей|эмаль комфорт 14 кг розовая |2|220,00|0,00
краски клей|эмаль комфорт 2,8 кг кр коричневая|5|102,00|0,00
краски клей|эмаль комфорт 4,2 кг латекс синяя |2|92,00|0,00
краски клей|эмаль комфорт 4,2 кг розовая |2|72,00|0,00
краски клей|эмаль комфорт 7 кг латекс синяя |2|130,00|0,00
краски клей|эмаль комфорт 7 кг розовая |1|108,50|0,00
краски клей|эмаль корабельная  2,8 кг голубая |5|130,00|0,00
краски клей|эмаль Корабельная 0,2 кг белая |1|25,00|0,00
краски клей|эмаль корабельная 0,2 кг зеленая |2|25,00|0,00
краски клей|эмаль корабельная 0,9 кг вишня|4|50,00|0,00
краски клей|эмаль корабельная 0,9 кг ж коричневая  |2|47,00|0,00
краски клей|эмаль корабельная 0,9 кг желтая|4|55,00|0,00
краски клей|эмаль корабельная 0,9 кг зеленая|2|50,00|0,00
краски клей|эмаль корабельная 0,9 кг зеленая |3|53,00|0,00
краски клей|эмаль корабельная 0,9 кг коричневая|5|47,00|0,00
краски клей|эмаль корабельная 0,9 кг кр коричневая|1|47,00|0,00
краски клей|эмаль корабельная 0,9 кг кр-коричневая|3|43,00|0,00
краски клей|эмаль корабельная 0,9 кг оранжевая|1|55,00|0,00
краски клей|эмаль корабельная 0,9 кг светло серая|4|48,00|0,00
краски клей|эмаль корабельная 0,9 кг серая|4|48,00|0,00
краски клей|эмаль корабельная 0,9 кг серая|2|43,00|0,00
краски клей|эмаль корабельная 0,9 кг синяя|5|56,00|0,00
краски клей|эмаль Корабельная 0,9 кг сирен |2|55,00|0,00
краски клей|эмаль корабельная 0,9 кг т серая |3|52,00|0,00
краски клей|эмаль корабельная 0,9 кг черная |6|47,00|0,00
краски клей|эмаль корабельная 2,8 кг  желто коричневая|5|126,00|0,00
краски клей|эмаль корабельная 2,8 кг  красная|4|168,00|0,00
краски клей|эмаль корабельная 2,8 кг  красно коричневая|3|135,00|0,00
краски клей|эмаль корабельная 2,8 кг  серая|2|140,00|0,00
краски клей|эмаль корабельная 2,8 кг белая|2|160,00|0,00
краски клей|эмаль корабельная 2,8 кг вишня |2|150,00|0,00
краски клей|эмаль корабельная 2,8 кг зеленая |2|150,00|0,00
краски клей|эмаль корабельная 2,8 кг коричневая|4|125,00|0,00
краски клей|эмаль корабельная 2,8 кг кр коричневая|3|160,00|0,00
краски клей|эмаль корабельная 2,8 кг кр коричневая |1|126,00|0,00
краски клей|эмаль корабельная 2,8 кг пол жел корич |1|135,00|0,00
краски клей|эмаль корабельная 2,8 кг пол кр кор |1|130,00|0,00
краски клей|эмаль корабельная 2,8 кг синяя|5|150,00|0,00
краски клей|эмаль корабельная 2,8 кг синяя |1|130,00|0,00
краски клей|эмаль корабельная 2,8 кг черная|5|125,00|0,00
краски клей|эмаль корабельная 2,8 кг ярк голубая |1|135,00|0,00
краски клей|эмаль Макіта 1л|3|145,00|0,00
краски клей|эмаль Макіта 400г|3|74,00|0,00
краски клей|эмаль Панафарб 0,2 кг белая |3|25,00|0,00
краски клей|эмаль Панафарб 0,2 кг голуб |7|25,00|0,00
краски клей|эмаль Панафарб 0,2 кг красн |3|25,00|0,00
краски клей|эмаль Панафарб 0,2 кг серая |2|22,00|0,00
краски клей|эмаль Панафарб 0,2 кг черн |2|25,00|0,00
краски клей|эмаль Панафарб 0,2кг салат |1|25,00|0,00
краски клей|эмаль Панафарб 0,9 кг белая |2|44,00|0,00
краски клей|эмаль Панафарб 0,9 кг зеленая|1|47,00|0,00
краски клей|эмаль Панафарб 0,9 кг зеленая |2|44,00|0,00
краски клей|эмаль Панафарб 0,9 кг коричн |4|47,00|0,00
краски клей|эмаль Панафарб 0,9 кг кр коричн |1|43,00|0,00
краски клей|Эмаль Панафарб 0,9 кг красная |2|47,00|0,00
краски клей|эмаль Панафарб 0,9 кг салатов |6|51,00|0,00
краски клей|эмаль Панафарб 0,9 кг св серая |1|42,00|0,00
краски клей|эмаль Панафарб 0,9 кг св. зеленая|1|46,00|0,00
краски клей|эмаль Панафарб 0,9 кг серая|5|50,00|0,00
краски клей|эмаль панафарб 0,9 кг серебро  |2|58,00|0,00
краски клей|эмаль Панафарб 0,9 кг синяя |2|55,00|0,00
краски клей|Эмаль панафарб 0,9 кг черная  |1|43,00|0,00
краски клей|эмаль Панафарб 0,9 кг яр голубая |6|52,00|0,00
краски клей|эмаль Панафарб 1,4 кг Фасад  |4|36,00|0,00
краски клей|эмаль Панафарб 2,8 кг бел |6|146,00|0,00
краски клей|эмаль Панафарб 2,8 кг коричнев |3|125,00|0,00
краски клей|эмаль Панафарб 2,8 кг пол кр корич |1|130,00|0,00
краски клей|эмаль Панафарб 2,8 кг св зеленая|1|130,00|0,00
краски клей|эмаль Панафарб 2,8 кг серый |5|115,00|0,00
краски клей|эмаль Панафарб 2,8 кг т. зеленая |1|135,00|0,00
краски клей|эмаль Панафарб 2,8 кг темно зелен|4|145,00|0,00
краски клей|эмаль Панафарб 2,8 кг черн |5|115,00|0,00
краски клей|эмаль Панафарб 2,8кг зеленая |6|145,00|0,00
краски клей|эмаль Панафарб 4,2 кг Фасад интерьер |2|98,00|0,00
краски клей|эмаль Поликолор 0,9 кг бирюза|1|40,00|0,00
краски клей|эмаль Поликолор 0,9 кг изумруд|3|40,00|0,00
краски клей|эмаль Поликолор 2,8 кг яр голубая|2|110,00|0,00
краски клей|Эмаль Поликолор жел  2,8 кг|1|105,00|0,00
краски клей|эмаль Ролакс 0,2 кг белая |1|25,00|0,00
краски клей|эмаль Ролакс 0,2 кг бирюза |1|22,00|0,00
краски клей|эмаль Ролакс 0,2 кг голуб св |2|22,00|0,00
краски клей|эмаль Ролакс 0,2 кг голуб яркая |2|25,00|0,00
краски клей|эмаль Ролакс 0,2 кг жел кор |4|22,00|0,00
краски клей|эмаль Ролакс 0,2 кг желт |2|25,00|0,00
краски клей|эмаль Ролакс 0,2 кг корич |5|25,00|0,00
краски клей|эмаль Ролакс 0,2 кг синяя |2|23,00|0,00
краски клей|эмаль Ролакс 0,2 кг яр голубая |2|22,00|0,00
краски клей|эмаль Ролакс 0,9кг сирен |1|57,00|0,00
краски клей|эмаль Ролакс 1,0кг радиат|2|105,00|0,00
краски клей|эмаль Ролакс 2,8 кг бирюза |1|135,00|0,00
краски клей|эмаль Ролакс 2,8 кг зелен |1|145,00|0,00
краски клей|эмаль Смайл 0,5 кг зеленая |2|35,00|0,00
краски клей|эмаль Смайл 0,5 кг черная |2|33,00|0,00
краски клей|эмаль Смайл 0,5 кг яр голубая |4|33,00|0,00
краски клей|эмаль Смайл 0,9 кг хаки|3|50,00|0,00
краски клей|эмаль Смайл 2,8 кг кр-коричневая|1|145,00|0,00
краски клей|эмаль Смайл 2,8 кг оранжевая|1|195,00|0,00
краски клей|эмаль Смайл 2,8 кг хаки |2|145,00|0,00
краски клей|эмаль Снежка маслосалев 400г|2|80,00|0,00
краски клей|эмаль Снежка маслосалиевая 1л|2|127,00|0,00
краски клей|эмаль Снежка радиат 1л|2|135,00|0,00
краски клей|эмаль Снежка радиат 400г|2|80,00|0,00
краски клей|Эмаль Снежка ЭКО 1,4 кг|3|44,50|0,00
краски клей|Эмаль Снежка ЭКО 14 кг|1|341,50|0,00
краски клей|Эмаль Снежка ЭКО 7 кг|1|186,50|0,00
краски клей|Эмаль Снежка экстра фасад 1,4 кг|2|66,50|0,00
краски клей|Эмаль Снежка экстра фасад 14 кг|1|548,00|0,00
краски клей|Эмаль Снежка экстра фасад 4,2 кг|1|185,00|0,00
краски клей|Эмаль Снежка экстра фасад 7 кг|1|335,00|0,00
краски клей|эмаль Универсал св. голубой 2,8 кг|1|71,00|0,00
краски клей|эмаль Фазенда  0,9 кг красная|2|42,00|0,00
краски клей|эмаль Фазенда  2,8 кг пол желт |1|110,00|0,00
краски клей|Эмаль фазенда 0,9 кг  белая|7|43,00|0,00
краски клей|Эмаль фазенда 0,9 кг  желто коричневая|3|39,00|0,00
краски клей|Эмаль фазенда 0,9 кг  зеленая|4|43,00|0,00
краски клей|Эмаль фазенда 0,9 кг  коричневая|9|40,00|0,00
краски клей|Эмаль фазенда 0,9 кг  красно коричневая|1|40,00|0,00
краски клей|Эмаль фазенда 0,9 кг  серая|5|40,00|0,00
краски клей|Эмаль фазенда 0,9 кг  серая|3|38,00|0,00
краски клей|Эмаль фазенда 0,9 кг  синяя|7|42,00|0,00
краски клей|Эмаль фазенда 0,9 кг  черная|6|40,00|0,00
краски клей|эмаль Фазенда 0,9 кг желтая |1|40,00|0,00
краски клей|Эмаль фазенда 0,9 кг ярко голубая|3|42,00|0,00
краски клей|Эмаль Фазенда 2,8 кг  белая|6|120,00|0,00
краски клей|Эмаль Фазенда 2,8 кг  вишня|5|115,00|0,00
краски клей|Эмаль Фазенда 2,8 кг  голубая|2|105,00|0,00
краски клей|Эмаль Фазенда 2,8 кг  зеленая|4|115,00|0,00
краски клей|Эмаль Фазенда 2,8 кг  коричневая|4|103,00|0,00
краски клей|Эмаль Фазенда 2,8 кг  кр-коричневая|6|115,00|0,00
краски клей|Эмаль Фазенда 2,8 кг  кр-коричневая|2|100,00|0,00
краски клей|Эмаль Фазенда 2,8 кг  серая|3|115,00|0,00
краски клей|Эмаль Фазенда 2,8 кг  серая|5|110,00|0,00
краски клей|Эмаль Фазенда 2,8 кг  синяя|3|115,00|0,00
краски клей|Эмаль Фазенда 2,8 кг жел-коричневая|4|115,00|0,00
краски клей|Эмаль Фазенда 2,8 кг красная|2|125,00|0,00
краски клей|Эмаль Фазенда 2,8 кг черная|5|105,00|0,00
краски клей|эмаль Фарбекс ореховая 0,9 кг|2|55,00|0,00
краски клей|эмаль Фарбекс синяя 2,8 кг|1|170,00|0,00
краски клей|Эмаль Фасад Делфи  7 кг|3|223,00|0,00
краски клей|Эмаль фасад желтая|39|12,50|0,00
краски клей|Эмаль Фасад Комфорт  1,4 кг|6|34,00|0,00
краски клей|Эмаль Фасад Комфорт  14 кг|1|305,50|0,00
краски клей|Эмаль Фасад Комфорт  7 кг|1|245,00|0,00
краски клей|Эмаль фасад оранжевая|45|17,00|0,00
краски клей|Эмаль фасад оранжевая|25|12,00|0,00
краски клей|Эмаль Фасад стандарт 1,4 кг|2|63,50|0,00
краски клей|Эмаль Фасад стандарт 14 кг|1|378,50|0,00
краски клей|Эмаль Фасад стандарт 4,2 кг|1|172,00|0,00
краски клей|Эмаль Фасад стандарт 7 кг|1|272,00|0,00
краски клей|Эмаль Фасад Фарбек 4,2|1|105,00|0,00
краски клей|Эмаль Химтекс 0,9 кг бирюза|4|46,00|0,00
краски клей|Эмаль Эльфина 0,9 кг красно коричневая|2|40,00|0,00
краски клей|эмаль яхтенная  0,9 кг зеленая |3|47,00|0,00
краски клей|эмаль яхтенная  2,8 кг пол кр корич|1|125,00|0,00
краски клей|эмаль яхтенная 0,9 кг вишня |2|47,00|0,00
краски клей|эмаль Яхтенная 0,9 кг оранж |3|56,00|0,00
краски клей|эмаль яхтенная 0,9 кг т серая |1|45,00|0,00
краски клей|эмаль Яхтенная 2,8 кг вишня |1|130,00|0,00
краски клей|эмаль Яхтенная 2,8 кг зеленая |1|130,00|0,00
краски клей|эмаль Belini 0,75кг палисандр |2|60,00|0,00
краски клей|эмаль Belini 0,9 кг бежевая |3|45,00|0,00
краски клей|эмаль Belini 0,9 кг бирюза|2|45,00|0,00
краски клей|эмаль Belini 0,9 кг голубая |2|45,00|0,00
краски клей|Эмаль Belini 0,9 кг красная |1|50,00|0,00
краски клей|Эмаль Belini 0,9 кг морская волна |3|45,00|0,00
краски клей|Эмаль Belini 0,9 кг серебро |1|56,00|0,00
краски клей|эмаль Belini 0,9 кг слоновая кость|3|45,00|0,00
краски клей|эмаль Belini 0,9 кг слоновая кость |3|46,00|0,00
краски клей|Эмаль Belini 0,9 кг яр голубая |5|45,00|0,00
краски клей|эмаль Belini 2,8 кг бирюза |1|130,00|0,00
краски клей|эмаль Belini 2,8 кг серая |1|97,00|0,00
краски клей|эмаль Belini 2,8 кг слоновая кость |1|135,00|0,00
краски клей|эмаль Belini 2,8 кг ярк голубая |1|130,00|0,00
краски клей|эмаль Delfi желт корич 2,8 кг|1|85,00|0,00
краски клей|эмаль Delfi св орех 0,9 кг|2|47,00|0,00
краски клей|эмаль Panitex 2,8кг серая |1|125,00|0,00
краски клей|Эмаль Polifarb молоткова |8|130,00|0,00
краски клей|эмаль Smica 2,8 кг оранж |1|195,00|0,00
краски клей|эмаль Smile 0,9 кг орех |3|50,00|0,00
краски клей|эмаль+грунтовка 3в1 Delfi серая|2|67,00|0,00
краски клей|Эмульсионка ультрабелая 1,4 кг|7|35,25|0,00
краски клей|Эмульсионка ультрабелая 14 кг|1|295,50|0,00
краски клей|Эмульсионка ультрабелая 4,2 кг|2|95,25|0,00
краски клей|Эмульсионка ультрабелая 7 кг|2|142,75|0,00
краски клей|Sigma пистолет для герметика|1|55,00|0,00
