посуда|банка (300 мл 3 шт) набор|2|46,00|0,00
посуда|банка 100г набор|1|43,00|0,00
посуда|банка для сыпуч продуктов Женева набор|1|50,00|0,00
посуда|банка для сыпуч продуктов кармен набор|6|46,00|0,00
посуда|банка Женева (3 шт) набор|1|50,00|0,00
посуда|банка Bianca 3 шт набор|1|55,00|0,00
посуда|банка Katrin (3 шт) набор|1|56,00|0,00
посуда|Банки 0,5 л |9|4,25|0,00
посуда|Банки 0,5л евро|29|4,50|0,00
посуда|Банки 1 л |4|6,00|0,00
посуда|Банки 1,5 л |16|10,00|0,00
посуда|Банки 1,5 л евро|1|10,25|0,00
посуда|Банки 1,5л евро|5|10,15|0,00
посуда|Банки 2 л |6|12,50|0,00
посуда|Банки 2 л евро|8|12,50|0,00
посуда|банкодержатель|3|20,00|0,00
посуда|банок выпариватель |10|13,00|0,00
посуда|барбекюшница б|1|195,00|0,00
посуда|барбекюшница м|1|100,00|0,00
посуда|барбекюшница с|1|125,00|0,00
посуда|бочка пищевая 20 л|1|125,00|0,00
посуда|бочка пищевая 30 л|1|251,00|0,00
посуда|бочка пищевая 40 л|1|207,00|0,00
посуда|бочка пищевая 50 л|1|325,00|0,00
посуда|бочка черная  125 л|2|465,00|0,00
посуда|бочка черная 40 л|1|175,00|0,00
посуда|бочка черная 50 л|1|176,00|0,00
посуда|бочка черная 60 л|1|212,00|0,00
посуда|ваза стекло|1|90,00|0,00
посуда|ванночка б|1|28,00|0,00
посуда|ванночка м|1|11,00|0,00
посуда|ванночка м|1|8,00|0,00
посуда|ванночка с|1|10,00|0,00
посуда|варенница дюраль|1|30,00|0,00
посуда|ведро МОП 13л|1|83,00|0,00
посуда|ведро МОП 14л|1|76,00|0,00
посуда|ведро мусорное 1,7л|1|30,50|0,00
посуда|ведро мусорное 5л|2|42,00|0,00
посуда|ведро мусорное 9л|1|72,00|0,00
посуда|ведро оцинк 10 л|8|46,00|0,00
посуда|ведро оцинк 10 л|1|46,00|0,00
посуда|ведро оцинк 12 л|13|52,00|0,00
посуда|ведро оцинк 12 л|1|52,00|0,00
посуда|ведро оцинк 15 л|11|59,00|0,00
посуда|ведро оцинк 15 л|1|59,00|0,00
посуда|ведро оцинк 5 л|1|28,00|0,00
посуда|ведро оцинк 5 л|1|28,00|0,00
посуда|ведро оцинк 7 л|2|32,00|0,00
посуда|ведро оцинк 7 л|1|33,00|0,00
посуда|ведро пищевое 7 л|1|25,00|0,00
посуда|ведро пласт 5 л|4|20,00|0,00
посуда|ведро пласт 7 л|4|25,00|0,00
посуда|ведро пласт пищевое 10 л|5|45,00|0,00
посуда|ведро пласт строит 12 л|4|35,00|0,00
посуда|ведро пласт строит 20 л|1|53,00|0,00
посуда|ведро пласт цветное 10 л|5|37,00|0,00
посуда|ведро пласт черн 10 л|7|23,00|0,00
посуда|ведро под швабру 10л|2|59,00|0,00
посуда|ведро под швабру 10л|1|59,00|0,00
посуда|ведро под швабру 12л|1|62,00|0,00
посуда|ведро с крышкой  пласт 10 л|5|64,00|0,00
посуда|ведро с крышкой пласт   5 л|5|39,00|0,00
посуда|ведро строит 16 л|4|32,00|0,00
посуда|ведро строит 16 л|3|48,00|0,00
посуда|ведро строит 20 л|3|43,00|0,00
посуда|ведро строит 25 л|2|56,00|0,00
посуда|ведро строит пласт 16 л|4|46,00|0,00
посуда|ведро туал  мал|1|145,00|0,00
посуда|ведро туал бол|1|150,00|0,00
посуда|вилка ст|8|7,50|0,00
посуда|вилка ст|6|22,00|0,00
посуда|вилка ст|3|20,00|0,00
посуда|вилка ст|1|10,00|0,00
посуда|выварка оцинк 10 л|1|100,00|0,00
посуда|горшок дет |1|58,00|0,00
посуда|для торта  набор|1|185,00|0,00
посуда|доска кух  м дерев|1|10,00|0,00
посуда|доска кух  с дерев|3|12,00|0,00
посуда|доска кух  с дерев|1|50,00|0,00
посуда|Доска кух б дерев|1|55,00|0,00
посуда|Доска кух б дерев|1|15,00|0,00
посуда|доска кух м дерев|2|45,00|0,00
посуда|доска разделочная  дер|2|45,00|0,00
посуда|доска разделочная  дер|1|29,00|0,00
посуда|доска разделочная б дер|1|50,00|0,00
посуда|доска разделочная б пластик|1|22,00|0,00
посуда|доска разделочная м дер|1|10,00|0,00
посуда|доска разделочная м пластик|1|20,00|0,00
посуда|друшлаг пласм|2|15,00|0,00
посуда|друшлак эмалир|1|90,00|0,00
посуда|емкость для сыпуч|4|40,00|0,00
посуда|емкость для сыпучих 173|1|40,00|0,00
посуда|канистра пласм 10л|1|67,00|0,00
посуда|канистра пласм 20л|2|130,00|0,00
посуда|канистра пласм 5л|4|45,00|0,00
посуда|кантер 10кг|1|16,00|0,00
посуда|кантер 20кг|1|50,00|0,00
посуда|кантер электр|1|85,00|0,00
посуда|карандаш для чистки утюгов|1|8,00|0,00
посуда|картофемялка|1|23,00|0,00
посуда|кастрюля алюм 1,5л|1|185,00|0,00
посуда|кастрюля алюм 1,7л|1|120,00|0,00
посуда|кастрюля алюм 3л|1|155,00|0,00
посуда|кастрюля прозрачная 1,5 л|1|185,00|0,00
посуда|кастрюля чугунок 3л|1|173,00|0,00
посуда|кастрюля чугунок 4л|1|190,00|0,00
посуда|кастрюля чугунок 6л|1|215,00|0,00
посуда|кастрюля чугунок гусятница 4,5л|1|180,00|0,00
посуда|кастрюля эмал 3 шт  набор|1|660,00|0,00
посуда|кастрюля эмалированная белая 12л|1|385,00|0,00
посуда|кастрюля эмалированная белая 2л|2|156,00|0,00
посуда|кастрюля эмалированная белая 3л|1|175,00|0,00
посуда|кастрюля эмалированная белая 4,5л|1|255,00|0,00
посуда|кастрюля эмалированная белая 5,5л|1|265,00|0,00
посуда|кастрюля эмалированная белая 7 л|1|280,00|0,00
посуда|кастрюля эмалированная белая 9л|1|360,00|0,00
посуда|кастрюля эмалированная цветная 4,5 л|1|275,00|0,00
посуда|кисточка силикон б|1|16,00|0,00
посуда|кисточка силикон с|4|15,00|0,00
посуда|ключ закаточ|1|235,00|0,00
посуда|ключ закаточ|1|160,00|0,00
посуда|ключ закаточ|1|105,00|0,00
посуда|ключ закаточ|1|100,00|0,00
посуда|ковш эм 1,5л|1|120,00|0,00
посуда|ковшик нерж (м)|1|60,00|0,00
посуда|ковшик нерж (с)|1|75,00|0,00
посуда|ковшик плоский 1,5л|1|20,00|0,00
посуда|ковшик плоский 1л|1|12,00|0,00
посуда|колба в термос1л|1|75,00|0,00
посуда|контейнер пищ 0,4л|6|9,00|0,00
посуда|контейнер пищ 0,5л|5|13,50|0,00
посуда|контейнер пищ 0,85л|1|12,75|0,00
посуда|контейнер пищ 0,8л|6|15,00|0,00
посуда|контейнер пищ 1,2л|5|21,00|0,00
посуда|контейнер пищ 1,2л|1|18,00|0,00
посуда|контейнер пищ 1,5л|4|23,00|0,00
посуда|контейнер пищ 1,6л|1|21,00|0,00
посуда|контейнер пищ 1,8л|5|30,00|0,00
посуда|контейнер пищ 2,2л|3|33,00|0,00
посуда|контейнер пищ 2л|1|22,00|0,00
посуда|контейнер пищ 5л Lux|1|50,00|0,00
посуда|контейнер пищ Мой обед 0,3 л|1|11,50|0,00
посуда|контейнер пищ Мой обед 0,5 л|5|13,00|0,00
посуда|контейнер пищ Мой обед 0,7 л|5|14,00|0,00
посуда|контейнер пищ Мой обед 1 л|5|17,50|0,00
посуда|контейнер пищевой 0,8л|4|11,50|0,00
посуда|контейнер пищевой 1,2л|3|21,00|0,00
посуда|контейнер пищевой мой обед 1л|6|18,00|0,00
посуда|корзина для белья|1|255,00|0,00
посуда|крашка евро б|24|2,50|0,00
посуда|крашка евро м|16|2,25|0,00
посуда|кружка нерж 10см|5|31,00|0,00
посуда|кружка нерж 8см|1|32,00|0,00
посуда|кружка эм 1л|1|90,00|0,00
посуда|крышка в микроволновку|1|32,00|0,00
посуда|крышка закат|11|1,00|0,00
посуда|Лейка ( воронка) б|1|9,00|0,00
посуда|Лейка ( воронка) м|1|6,00|0,00
посуда|Лейка ( воронка) с|1|7,00|0,00
посуда|лейка большая|1|9,00|0,00
посуда|ложка б|1|45,00|0,00
посуда|ложка дерев|3|3,50|0,00
посуда|ложка дерев  набор|1|18,00|0,00
посуда|ложка дерев  набор|1|18,00|0,00
посуда|ложка ст|14|7,50|0,00
посуда|ложка ст|6|10,00|0,00
посуда|ложка ст|4|22,00|0,00
посуда|ложка ст|3|20,00|0,00
посуда|ложка чайн|12|6,00|0,00
посуда|ложка чайн|12|6,00|0,00
посуда|ложка чайн|2|10,00|0,00
посуда|лопатка силикон|3|25,00|0,00
посуда|мангал с шампурами|2|250,00|0,00
посуда|масленка|1|12,75|0,00
посуда|масленки|5|26,00|0,00
посуда|миска нерж №22|1|42,00|0,00
посуда|Миска пласм пищев 3л|1|28,00|0,00
посуда|Миска пласм пищев 5л|1|26,00|0,00
посуда|молоток дерев отбивной |3|15,00|0,00
посуда|молоток дерев отбивной |1|15,00|0,00
посуда|молоток дюраль отбивной |8|25,00|0,00
посуда|молоток мет отбивной |1|25,00|0,00
посуда|мусорное ведро сетк|2|30,00|0,00
посуда|мыльница на липуч|5|12,00|0,00
посуда|мыльница на липуч|3|10,00|0,00
посуда|мыльница с подставкой|4|5,50|0,00
посуда|мясорубка Полт|1|275,00|0,00
посуда|мясорубка Хар|1|186,00|0,00
посуда|нож|1|54,00|0,00
посуда|нож бармена|2|54,00|0,00
посуда|нож керамич|1|35,00|0,00
посуда|нож кухон |2|45,00|0,00
посуда|нож кухон |1|22,00|0,00
посуда|нож кухон |1|17,00|0,00
посуда|нож кухон |1|30,00|0,00
посуда|нож кухон дерев ручка|1|53,00|0,00
посуда|нож кухон коричн ручка больш|2|17,00|0,00
посуда|нож кухон коричн ручка мал|2|22,00|0,00
посуда|нож кухон мален|1|24,00|0,00
посуда|нож кухон мет|1|36,00|0,00
посуда|нож кухон обеден|23|22,00|0,00
посуда|нож кухон пилочка мал|5|9,00|0,00
посуда|нож кухон Трам боль|2|65,00|0,00
посуда|нож кухон Трам м|2|25,00|0,00
посуда|нож кухон Трам ср|1|41,00|0,00
посуда|нож кухон Трам ср|1|39,00|0,00
посуда|нож на мясорубку|8|12,00|0,00
посуда|нож на мясорубку|2|12,00|0,00
посуда|нож на мясорубку|1|12|0,00
посуда|нож пилочка|1|12,00|0,00
посуда|нож столовый|1|23,00|0,00
посуда|овощерезка пласм|11|5,00|0,00
посуда|овощерезка пласм|3|5,00|0,00
посуда|овощерезка чистка|1|13,00|0,00
посуда|Овощечистка бол|4|17,00|0,00
посуда|овощечистка мал|4|13,00|0,00
посуда|опол шум пластмасовые|9|22,00|0,00
посуда|открыватель  б Батлер|1|60,00|0,00
посуда|открыватель  мет для банок|1|35,00|0,00
посуда|открыватель  метал|2|15,00|0,00
посуда|открыватель банок|2|32,00|0,00
посуда|открыватель дерев|7|10,00|0,00
посуда|открыватель дерев ручка|2|15,00|0,00
посуда|открыватель дерев ручка|1|10,00|0,00
посуда|пельменница дюраль|1|30,00|0,00
посуда|пельменница пласм|2|25,00|0,00
посуда|пепельница|2|53,00|0,00
посуда|пиала|5|20,00|0,00
посуда|пиала керам|1|20,00|0,00
посуда|поднос квадрат |2|35,00|0,00
посуда|поднос круглый|2|32,00|0,00
посуда|подставка для ложек|1|35,00|0,00
посуда|половник|2|46,00|0,00
посуда|половник|1|46,00|0,00
посуда|половник б|1|67,00|0,00
посуда|решетка в мойку|1|7,50|0,00
посуда|ручка для крышки|2|15,00|0,00
посуда|Ручка Лида |1|16,00|0,00
посуда|рюмка  набор|4|40,00|0,00
посуда|рюмка  набор|2|40,00|0,00
посуда|салатник «Шафран»  набор|2|70,00|0,00
посуда|салатница б |1|70,00|0,00
посуда|салатница б |1|60,00|0,00
посуда|салатница м|1|37,00|0,00
посуда|санки|1|350,00|0,00
посуда|сахарница|1|33,00|0,00
посуда|ситечко в мойку мет|10|6,00|0,00
посуда|ситечко в раковину мет|8|3,00|0,00
посуда|ситечко в раковину пласм|3|1,50|0,00
посуда|ситечко для чая|2|30,00|0,00
посуда|сито  дер  набор|1|125,00|0,00
посуда|сито  мет  набор|1|160,00|0,00
посуда|скалка дерев|3|25,00|0,00
посуда|скалка дерев|1|25,00|0,00
посуда|сковорода  kamille 24|1|260,00|0,00
посуда|Сковорода 28 мм|1|335,00|0,00
посуда|сковорода Биола  алюм|1|116,00|0,00
посуда|сковорода Биола блин алюм|1|145,00|0,00
посуда|сковорода Биола блин батлер|1|130,00|0,00
посуда|спиртометр|9|9|0,00
посуда|стакан  набор|4|82,00|0,00
посуда|стакан высокий  набор|1|89,00|0,00
посуда|стакан мерный 1 л|3|25,00|0,00
посуда|стакан мерный 250 г|1|12,00|0,00
посуда|стакан мерный 500 г|1|13,00|0,00
посуда|стакан низкий  набор|2|82,00|0,00
посуда|судочки Мой обед  набор|1|33,00|0,00
посуда|сушка для посуды|1|204,00|0,00
посуда|сушка для посуды|1|155,00|0,00
посуда|таз пластм  10л|1|40,00|0,00
посуда|таз пластм  10л|1|33,00|0,00
посуда|таз пластм  12л|3|42,00|0,00
посуда|таз пластм  12л|3|37,00|0,00
посуда|таз пластм  12л|2|48,00|0,00
посуда|таз пластм  12л|2|39,00|0,00
посуда|таз пластм  12л|2|38,00|0,00
посуда|таз пластм  15л|2|42,00|0,00
посуда|таз пластм  16л|1|50,00|0,00
посуда|таз пластм  18л|2|47,00|0,00
посуда|таз пластм  24л|1|68,00|0,00
посуда|таз пластм  35л|1|115,00|0,00
посуда|таз пластм  9л|1|33,00|0,00
посуда|таз пластм 27л|3|80,00|0,00
посуда|тарелка глубокая 180|17|28,00|0,00
посуда|тарелка квадрат|2|25,00|0,00
посуда|тарелка керам круг|13|23,00|0,00
посуда|тарелка керам тюльпан|5|26,00|0,00
посуда|тарелка пиала 150|14|27,00|0,00
посуда|тарелка плоская |12|23,00|0,00
посуда|тарелка плоская 190|59|27,00|0,00
посуда|тарелки стекло квадр глуб|7|56,00|0,00
посуда|тарелки стекло квадр мелк|6|46,00|0,00
посуда|тарелки стекло квадр плоск|3|62,00|0,00
посуда|тарелки стекло круг бол|2|56,00|0,00
посуда|тарелки стекло круг мел|6|46,00|0,00
посуда|тарелки стекло круг мел|4|46,00|0,00
посуда|тарелки стекло кругл |3|46,00|0,00
посуда|тарелки стекло кругл глубок|6|48,00|0,00
посуда|тарелки стекло кругл ровн |6|46,00|0,00
посуда|терка для кор морковки дер|1|20,00|0,00
посуда|терка для кор морковки пласм|1|10,00|0,00
посуда|терка кух квадр|2|23,00|0,00
посуда|терка кух ромб|2|26,00|0,00
посуда|терка плоская|4|26,00|0,00
посуда|терка полиуретановая|1|65,00|0,00
посуда|терка хоз пласм|1|35,00|0,00
посуда|терка хозяйственная|3|25,00|0,00
посуда|терка шестигр|1|86,00|0,00
посуда|терка kamille|1|79,00|0,00
посуда|термос stenson 0,5л|1|110,00|0,00
посуда|термос stenson 1,0л|1|115,00|0,00
посуда|толкушка дер|1|7,50|0,00
посуда|толкушка дерев|3|7,50|0,00
посуда|толкушка метал|4|23,00|0,00
посуда|форма для яиц 10шт|2|38,00|0,00
посуда|форма для яиц 20шт|3|15,00|0,00
посуда|форма разъемн  набор|1|225,00|0,00
посуда|форма силикон|1|55,00|0,00
посуда|форма силиконовая 12 шт|1|75,00|0,00
посуда|форма силиконовая 6 шт|1|56,00|0,00
посуда|формы силикон для кексов набор|1|58,00|0,00
посуда|френч пресс|1|175,00|0,00
посуда|хлебница|1|135,00|0,00
посуда|чайник завар прозр Empire|1|257,00|0,00
посуда|чайник завар прозр Empire|1|176,00|0,00
посуда|чайник заварник 0117|1|82,00|0,00
посуда|чайник заварник 0118|1|63,00|0,00
посуда|чайник заварник 0171|1|95,00|0,00
посуда|чайник эмал 2 л|1|255,00|0,00
посуда|чайник эмал 3 л|1|275,00|0,00
посуда|Чашка 0,5 л|1|26,00|0,00
посуда|чашка 300г|17|21,00|0,00
посуда|чашка 370мл|5|35,00|0,00
посуда|чашка керам 250 г|2|21,00|0,00
посуда|чашка керам 250 г|1|21,00|0,00
посуда|чашка керам 300 г|2|22,00|0,00
посуда|чашка керам 350 г|2|20,00|0,00
посуда|чашка керам 350 г|1|45,00|0,00
посуда|чашка керам 350 г|1|31,00|0,00
посуда|чашка керам 350 г|1|23,00|0,00
посуда|чашка керам 370 г|1|37,00|0,00
посуда|чашка корич 250г|10|20,00|0,00
посуда|чашка кофе 350г|2|45,00|0,00
посуда|чашка нерж 10 см|3|38,00|0,00
посуда|чашка нерж 8 см|1|28,00|0,00
посуда|чашка нерж 9 см|1|32,00|0,00
посуда|чашка пласт 250 г|15|7,00|0,00
посуда|чашка пласт 300 г|7|13,50|0,00
посуда|чашка под зубн щетки|3|40,00|0,00
посуда|чашка под зубн щетки|2|55,00|0,00
посуда|чашка стекло  250 г|1|26,00|0,00
посуда|чашка стекло 0,5л|5|26,00|0,00
посуда|чашка стекло 250 г|1|31,00|0,00
посуда|чашка стекло 250г|14|26,00|0,00
посуда|чашка стекло 300г|1|30,00|0,00
посуда|чашка стекло 350 г|1|30,00|0,00
посуда|чашка стекло детская|6|26,00|0,00
посуда|чашка стекло кофе|3|37,00|0,00
посуда|чесночница|4|15,00|0,00
посуда|чесночница|1|20,00|0,00
посуда|шампура б|3|10,00|0,00
посуда|шинковка б|1|63,00|0,00
посуда|шинковка с|1|58,00|0,00
посуда|штопор Батлер|1|62,00|0,00
посуда|штопор дерев ручка|1|10,50|0,00
посуда|штопор деревянный|8|10,50|0,00
посуда|штопор пласм ручка|1|5,00|0,00
посуда|штопор пластмасовый|5|5,00|0,00
посуда|шумовка|1|42,00|0,00
посуда|шумовка мет|1|42,00|0,00
посуда|шумовка пласм|2|25,00|0,00
