скобяные изделия|анкер крючок 10*60|44|15,00|0,00||||||||
скобяные изделия|анкер крючок 12*150|18|34,00|0,00||||||||
скобяные изделия|Б/монтаж ,6*60|10|35,00|0,00||||||||
скобяные изделия|Б/монтаж 10*100|51|3,00|0,00||||||||
скобяные изделия|Б/монтаж 10*100|50|1,75|0,00||||||||
скобяные изделия|б/монтаж 10*115|80|3,10|0,00||||||||
скобяные изделия|б/монтаж 10*120|4|3,10|0,00||||||||
скобяные изделия|Б/монтаж 10*135|50|3,75|0,00||||||||
скобяные изделия|Б/монтаж 10*140|25|3,75|0,00||||||||
скобяные изделия|Б/монтаж 10*140|45|3,00|0,00||||||||
скобяные изделия|Б/монтаж 10*160|350|4,25|0,00||||||||
скобяные изделия|Б/монтаж 10*160|44|3,50|0,00||||||||
скобяные изделия|б/монтаж 10*80|50|1,70|0,00||||||||
скобяные изделия|Б/монтаж 6*100|2|100,00|0,00||||||||
скобяные изделия|Б/монтаж 6*100|157|1,00|0,00||||||||
скобяные изделия|Б/монтаж 6*100|10|0,50|0,00||||||||
скобяные изделия|Б/монтаж 6*40|17|27,00|0,00||||||||
скобяные изделия|Б/монтаж 6*40|166|0,27|0,00||||||||
скобяные изделия|Б/монтаж 6*40|158|0,25|0,00||||||||
скобяные изделия|б/монтаж 6*60|261|0,45|0,00||||||||
скобяные изделия|Б/монтаж 6*70|100|0,45|0,00||||||||
скобяные изделия|Б/монтаж 6*80|334|0,55|0,00||||||||
скобяные изделия|Б/монтаж 8*100|40|1,35|0,00||||||||
скобяные изделия|Б/монтаж 8*100|50|1,25|0,00||||||||
скобяные изделия|Б/монтаж 8*120|153|1,50|0,00||||||||
скобяные изделия|Б/монтаж 8*135|50|1,75|0,00||||||||
скобяные изделия|Б/монтаж 8*140|109|2,25|0,00||||||||
скобяные изделия|Б/монтаж 8*160|250|2,35|0,00||||||||
скобяные изделия|Б/монтаж 8*160|54|1,90|0,00||||||||
скобяные изделия|Б/монтаж 8*45|1|65,00|0,00||||||||
скобяные изделия|Б/монтаж 8*45|250|0,65|0,00||||||||
скобяные изделия|Б/монтаж 8*45|60|0,40|0,00||||||||
скобяные изделия|Б/монтаж 8*60|8|75,00|0,00||||||||
скобяные изделия|Б/монтаж 8*60|103|0,75|0,00||||||||
скобяные изделия|б/монтаж 8*80|30|0,80|0,00||||||||
скобяные изделия|Б/монтаж,6*60|14|45,00|0,00||||||||
скобяные изделия|барсон|3|65,00|0,00||||||||
скобяные изделия|барсон|3|60,00|0,00||||||||
скобяные изделия|барсон|1|55,00|0,00||||||||
скобяные изделия|Болт 10*100|48|5,15|0,00||||||||
скобяные изделия|Болт 10*120|28|7,50|0,00||||||||
скобяные изделия|Болт 10*160|25|11,00|0,00||||||||
скобяные изделия|Болт 10*160|30|9,00|0,00||||||||
скобяные изделия|Болт 10*180|5|11,00|0,00||||||||
скобяные изделия|Болт 10*30|307|2,75|0,00||||||||
скобяные изделия|Болт 10*40|160|3,00|0,00||||||||
скобяные изделия|Болт 10*50|64|3,50|0,00||||||||
скобяные изделия|Болт 10*60|74|4,00|0,00||||||||
скобяные изделия|Болт 10*80|23|4,50|0,00||||||||
скобяные изделия|Болт 12*100|13|7,25|13,00||||||||
скобяные изделия|Болт 12*100|24|7,00|0,00||||||||
скобяные изделия|Болт 12*160|25|13,50|0,00||||||||
скобяные изделия|Болт 12*30|50|3,50|0,00||||||||
скобяные изделия|Болт 12*40|114|4,00|0,00||||||||
скобяные изделия|Болт 12*50|97|4,50|0,00||||||||
скобяные изделия|Болт 12*60|21|4,75|0,00||||||||
скобяные изделия|Болт 12*70|36|5,00|0,00||||||||
скобяные изделия|Болт 12*80|19|5,35|0,00||||||||
скобяные изделия|Болт 12*90|9|6,50|0,00||||||||
скобяные изделия|Болт 14*50|44|6,75|0,00||||||||
скобяные изделия|Болт 14*70|50|8,50|0,00||||||||
скобяные изделия|Болт 14*90|47|10,00|0,00||||||||
скобяные изделия|Болт 16*50|12|8,00|0,00||||||||
скобяные изделия|Болт 20*50|45|9,00|0,00||||||||
скобяные изделия|Болт 5*30|439|0,60|0,00||||||||
скобяные изделия|Болт 5*50|185|1,00|0,00||||||||
скобяные изделия|Болт 6*100|43|2,00|0,00||||||||
скобяные изделия|Болт 6*16|152|0,55|0,00||||||||
скобяные изделия|Болт 6*20|41|0,45|0,00||||||||
скобяные изделия|Болт 6*25|198|0,60|0,00||||||||
скобяные изделия|Болт 6*30|163|0,70|0,00||||||||
скобяные изделия|Болт 6*40|100|2,50|0,00||||||||
скобяные изделия|Болт 6*40|72|0,85|0,00||||||||
скобяные изделия|Болт 6*50|23|1,00|0,00||||||||
скобяные изделия|Болт 6*60|194|1,20|0,00||||||||
скобяные изделия|Болт 6*70|404|1,35|0,00||||||||
скобяные изделия|Болт 6*80|385|1,50|0,00||||||||
скобяные изделия|Болт 8*100|92|3,50|0,00||||||||
скобяные изделия|Болт 8*100|33|3,00|0,00||||||||
скобяные изделия|Болт 8*120|13|3,90|0,00||||||||
скобяные изделия|Болт 8*16|99|1,25|0,00||||||||
скобяные изделия|Болт 8*160|27|9,00|0,00||||||||
скобяные изделия|Болт 8*160|21|5,50|0,00||||||||
скобяные изделия|Болт 8*20|143|1,00|0,00||||||||
скобяные изделия|Болт 8*25|21|1,35|0,00||||||||
скобяные изделия|Болт 8*30|47|1,45|0,00||||||||
скобяные изделия|Болт 8*30|100|1,25|0,00||||||||
скобяные изделия|Болт 8*40|32|1,55|0,00||||||||
скобяные изделия|Болт 8*50|129|1,75|0,00||||||||
скобяные изделия|Болт 8*60|113|2,00|0,00||||||||
скобяные изделия|Болт 8*70|122|2,25|0,00||||||||
скобяные изделия|Болт 8*80|100|3,00|0,00||||||||
скобяные изделия|Болт 8*80|156|2,50|0,00||||||||
скобяные изделия|Болт 8*80|100|0,85|0,00||||||||
скобяные изделия|Болт 8*90|53|2,90|0,00||||||||
скобяные изделия|болт анкерный Ø 10*100|56|4,50|0,00||||||||
скобяные изделия|болт анкерный Ø 10*112|38|3,25|0,00||||||||
скобяные изделия|болт анкерный Ø 10*132|10|4,50|0,00||||||||
скобяные изделия|болт анкерный Ø 10*150|33|7,50|0,00||||||||
скобяные изделия|болт анкерный Ø 10*150 с крючком|50|21,00|0,00||||||||
скобяные изделия|болт анкерный Ø 10*152|68|4,00|0,00||||||||
скобяные изделия|болт анкерный Ø 10*180|54|10,75|0,00||||||||
скобяные изделия|болт анкерный Ø 10*182|52|5,75|0,00||||||||
скобяные изделия|болт анкерный Ø 10*202|36|7,50|0,00||||||||
скобяные изделия|болт анкерный Ø 10*300|10|22,00|0,00||||||||
скобяные изделия|болт анкерный Ø 10*52|42|2,50|0,00||||||||
скобяные изделия|болт анкерный Ø 10*60|108|3,50|0,00||||||||
скобяные изделия|болт анкерный Ø 10*72|193|3,00|0,00||||||||
скобяные изделия|болт анкерный Ø 10*80|79|4,00|0,00||||||||
скобяные изделия|болт анкерный Ø 10*92|31|3,50|0,00||||||||
скобяные изделия|болт анкерный Ø 12*100|35|7,50|0,00||||||||
скобяные изделия|болт анкерный Ø 12*130|49|9,90|0,00||||||||
скобяные изделия|болт анкерный Ø 12*150|47|12,00|0,00||||||||
скобяные изделия|болт анкерный Ø 12*250|24|17,50|0,00||||||||
скобяные изделия|болт анкерный Ø 12*80|32|7,00|0,00||||||||
скобяные изделия|болт анкерный Ø 14*100|21|10,00|0,00||||||||
скобяные изделия|болт анкерный Ø 14*200|20|17,50|0,00||||||||
скобяные изделия|болт анкерный Ø 8*100|108|4,00|0,00||||||||
скобяные изделия|болт анкерный Ø 8*115|26|3,85|0,00||||||||
скобяные изделия|болт анкерный Ø 8*130|29|4,25|0,00||||||||
скобяные изделия|болт анкерный Ø 8*40|53|2,50|0,00||||||||
скобяные изделия|болт анкерный Ø 8*60|30|3,00|0,00||||||||
скобяные изделия|болт анкерный Ø 8*80|68|3,35|0,00||||||||
скобяные изделия|болт анкерный Ø 8*85|69|3,75|0,00||||||||
скобяные изделия|Болт мебель 10*80|44|7,50|0,00||||||||
скобяные изделия|Болт мебель 8*60|45|3,90|0,00||||||||
скобяные изделия|Винт 3*15|500|0,15|0,00||||||||
скобяные изделия|Винт 4*20|420|0,75|0,00||||||||
скобяные изделия|Винт 4*40|8|0,40|0,00||||||||
скобяные изделия|Винт 4*50|732|0,55|0,00||||||||
скобяные изделия|Винт 4*70|436|0,80|0,00||||||||
скобяные изделия|Винт 5*25|540|0,50|0,00||||||||
скобяные изделия|Винт 5*25|304|0,35|0,00||||||||
скобяные изделия|Винт 5*35|117|1,00|0,00||||||||
скобяные изделия|Винт 6*140|43|2,50|0,00||||||||
скобяные изделия|Винт 6*30|320|1,00|0,00||||||||
скобяные изделия|Винт 6*30|45|0,85|0,00||||||||
скобяные изделия|Винт 6*50|17|1,20|0,00||||||||
скобяные изделия|Винт 8*20|149|1,15|0,00||||||||
скобяные изделия|Винт 8*40|19|1,50|0,00||||||||
скобяные изделия|Винт 8*45|82|1,65|0,00||||||||
скобяные изделия|винт дерево 10*120|50|7,00|0,00||||||||
скобяные изделия|винт дерево 10*80|25|1,75|0,00||||||||
скобяные изделия|винт дерево 5*45|347|0,40|0,00||||||||
скобяные изделия|винт дерево 5*60|430|0,50|0,00||||||||
скобяные изделия|винт дерево 6*100|98|1,65|0,00||||||||
скобяные изделия|винт дерево 6*50|42|0,70|0,00||||||||
скобяные изделия|винт дерево 6*80|61|1,25|0,00||||||||
скобяные изделия|винт дерево 8*120|91|2,70|0,00||||||||
скобяные изделия|винт дерево 8*50|35|1,75|0,00||||||||
скобяные изделия|винт дерево 8*60|88|1,75|0,00||||||||
скобяные изделия|винт дерево 8*70|70|2,10|0,00||||||||
скобяные изделия|винт дерево 8*80|64|2,25|0,00||||||||
скобяные изделия|винт дерево 8*90|34|2,15|0,00||||||||
скобяные изделия|винт дор 10*140|38|5,50|0,00||||||||
скобяные изделия|винт дор 12*180|1|9,50|0,00||||||||
скобяные изделия|винт дор 40*180|17|10,00|0,00||||||||
скобяные изделия|винт дор 8*100|83|2,50|0,00||||||||
скобяные изделия|винт кровельный 4,8*19|50|0,65|0,00||||||||
скобяные изделия|винт мебель 10*120|13|5,75|0,00||||||||
скобяные изделия|винт мебель 10*120|941|0,25|0,00||||||||
скобяные изделия|винт мебель 10*60|48|4,25|0,00||||||||
скобяные изделия|винт мебель 5*16|238|0,45|0,00||||||||
скобяные изделия|винт мебель 5*20|382|0,45|0,00||||||||
скобяные изделия|винт мебель 5*50|127|0,70|0,00||||||||
скобяные изделия|винт мебель 5*70|220|1,00|0,00||||||||
скобяные изделия|винт мебель 6*16|500|0,55|0,00||||||||
скобяные изделия|винт мебель 6*20|250|0,75|0,00||||||||
скобяные изделия|винт мебель 6*20|172|0,60|0,00||||||||
скобяные изделия|винт мебель 6*30|171|0,90|0,00||||||||
скобяные изделия|винт мебель 6*40|280|0,90|0,00||||||||
скобяные изделия|Винт мебель 6*50 |400|1,00|0,00||||||||
скобяные изделия|винт мебель 6*50 с квадрат|88|1,05|0,00||||||||
скобяные изделия|винт мебель 6*60|121|1,25|0,00||||||||
скобяные изделия|Винт мебель 6*70 |80|1,50|0,00||||||||
скобяные изделия|винт мебель 6*80|170|1,75|0,00||||||||
скобяные изделия|винт мебель 8*30|193|1,50|0,00||||||||
скобяные изделия|винт мебель 8*40|193|1,75|0,00||||||||
скобяные изделия|Винт мебель 8*50 |45|2,00|0,00||||||||
скобяные изделия|винт мебель 8*60|99|2,60|0,00||||||||
скобяные изделия|винт мебель 8*70|55|3,50|0,00||||||||
скобяные изделия|винт мебель квадр 6*50|129|2,00|0,00||||||||
скобяные изделия|винт мебель квадр 8*100|32|5,00|0,00||||||||
скобяные изделия|Винт мебель квадр 8*50|18|2,00|0,00||||||||
скобяные изделия|Винт мебель квадр 8*50|112|1,75|0,00||||||||
скобяные изделия|винт мебель квадр 8*60|45|3,25|0,00||||||||
скобяные изделия|винт мебель квадр 8*60|45|2,75|0,00||||||||
скобяные изделия|винт мебель квадр 8*80|90|3,25|0,00||||||||
скобяные изделия|винт потайн 4*30|582|0,35|0,00||||||||
скобяные изделия|винт потайн 4*40|326|0,45|0,00||||||||
скобяные изделия|винт потайн 5*35|205|1,00|0,00||||||||
скобяные изделия|винт потайн 5*60|194|0,90|0,00||||||||
скобяные изделия|винт потайной 4*20|333|0,55|0,00||||||||
скобяные изделия|винт резьба 8*100|92|4,00|0,00||||||||
скобяные изделия|винт самосверл 3,9*25|908|0,80|0,00||||||||
скобяные изделия|винт самосверлящ 3,9*25|1690|0,35|0,00||||||||
скобяные изделия|винт стяжн №10|2|41,00|0,00||||||||
скобяные изделия|винт стяжн №10|2|30,00|0,00||||||||
скобяные изделия|винт стяжн №6|1|16,00|0,00||||||||
скобяные изделия|Винт Turbo 10*35|40|1,50|0,00||||||||
скобяные изделия|Винт Turbo 7,5*112|16|1,35|0,00||||||||
скобяные изделия|Винт Turbo 7,5*132|35|6,60|0,00||||||||
скобяные изделия|Винт Turbo 7,5*72|82|2,00|0,00||||||||
скобяные изделия|Гайка внутренняя 2,5х2,5|15|8,50|0,00||||||||
скобяные изделия|гайка М-10|250|1,00|0,00||||||||
скобяные изделия|гайка М-4|120|0,10|0,00||||||||
скобяные изделия|гайка М-4|105|0,10|0,00||||||||
скобяные изделия|гайка М-5|620|0,15|0,00||||||||
скобяные изделия|гайка М-5|159|0,15|0,00||||||||
скобяные изделия|гайка М-6|760|0,25|0,00||||||||
скобяные изделия|гайка М-6 закрытая|480|0,30|0,00||||||||
скобяные изделия|гайка М-8|144|0,50|0,00||||||||
скобяные изделия|гайка М10|157|1,00|0,00||||||||
скобяные изделия|гайка М12|76|1,55|0,00||||||||
скобяные изделия|гайка М14|109|2,00|0,00||||||||
скобяные изделия|гайка М16|104|2,50|0,00||||||||
скобяные изделия|гайка М20|88|4,70|0,00||||||||
скобяные изделия|гайка фланец М-6|200|0,50|0,00||||||||
скобяные изделия|гайка фланец М-6|240|0,45|0,00||||||||
скобяные изделия|гайка фланец М-8|170|0,75|0,00||||||||
скобяные изделия|гайка фланец М-8|750|0,50|0,00||||||||
скобяные изделия|Гвозди 120|40|33,00|0,00||||||||
скобяные изделия|Гвозди 150|40|33,00|0,00||||||||
скобяные изделия|Гвозди 20|22,4|38,00|0,00||||||||
скобяные изделия|Гвозди 200|20,5|38,00|0,00||||||||
скобяные изделия|Гвозди 200|40|33,00|0,00||||||||
скобяные изделия|Гвозди 25|1|38,00|0,00||||||||
скобяные изделия|Гвозди 32|44|34,00|0,00||||||||
скобяные изделия|Гвозди 40|34|34,00|0,00||||||||
скобяные изделия|Гвозди 50|10|34,00|0,00||||||||
скобяные изделия|Гвозди 60|10|34,00|0,00||||||||
скобяные изделия|Гвозди 60|55|33,00|0,00||||||||
скобяные изделия|Гвозди 70|67|33,00|0,00||||||||
скобяные изделия|Гвозди 80|40|33,00|0,00||||||||
скобяные изделия|Гвозди 90|40|33,00|0,00||||||||
скобяные изделия|гвозди бел. Уп обивочные |2|10,00|0,00||||||||
скобяные изделия|гвозди золото уп обивочные|2|17,00|0,00||||||||
скобяные изделия|гвозди лидер|26|40,00|0,00||||||||
скобяные изделия|гвозди медь уп обивочные |2|26,00|0,00||||||||
скобяные изделия|гвозди медь уп обивочные |4|17,00|0,00||||||||
скобяные изделия|гвозди набор 16|1|16,00|0,00||||||||
скобяные изделия|гвозди набор 20|4|16,00|0,00||||||||
скобяные изделия|гвозди набор золото шляп|1|26,00|0,00||||||||
скобяные изделия|гвозди набор медный 20|1|25,00|0,00||||||||
скобяные изделия|гвозди набор медный 35|3|28,00|0,00||||||||
скобяные изделия|гвозди набор медный 40|2|28,00|0,00||||||||
скобяные изделия|гвозди набор медь 25|1|25,00|0,00||||||||
скобяные изделия|гвозди набор обычные|1|10,50|0,00||||||||
скобяные изделия|гвозди набор серебро|2|26,00|0,00||||||||
скобяные изделия|гвозди серебро уп обивочные |1|26,00|0,00||||||||
скобяные изделия|гвозди серебро уп обивочные |2|17,00|0,00||||||||
скобяные изделия|гвозди черные уп обивочные |1|10,00|0,00||||||||
скобяные изделия|гвозди шифер|26|40,00|0,00||||||||
скобяные изделия|гвоздь толевой|11|38,00|0,00||||||||
скобяные изделия|гвоздь толевой  80|7|33,00|0,00||||||||
скобяные изделия|гвоздь толевой 100|5|33,00|0,00||||||||
скобяные изделия|гвоздь толевой 120|6|33,00|0,00||||||||
скобяные изделия|гвоздь толевой 150|6|33,00|0,00||||||||
скобяные изделия|гвоздь толевой 200|11|33,00|0,00||||||||
скобяные изделия|гвоздь толевой 90|10|33,00|0,00||||||||
скобяные изделия|гвоздь шифер|2|40,00|0,00||||||||
скобяные изделия|гранбукса |4|36,00|0,00||||||||
скобяные изделия|гранбукса |11|36,00|0,00||||||||
скобяные изделия|гранбукса |2|33,00|0,00||||||||
скобяные изделия|гранбукса |2|33,00|0,00||||||||
скобяные изделия|гранбукса |6|32,00|0,00||||||||
скобяные изделия|гранбукса |6|32,00|0,00||||||||
скобяные изделия|гранбукса |9|30,00|0,00||||||||
скобяные изделия|гранбукса |4|30,00|0,00||||||||
скобяные изделия|гранбукса |7|28,00|0,00||||||||
скобяные изделия|гранбукса |2|17,00|0,00||||||||
скобяные изделия|гранбукса |1|15,00|0,00||||||||
скобяные изделия|гранбукса в сборе|1|90,00|0,00||||||||
скобяные изделия|гранбукса ремкомплект|5|6,50|0,00||||||||
скобяные изделия|гранбукса ремкомплект|10|6,00|0,00||||||||
скобяные изделия|гранбукса ремкомплект|10|3,50|0,00||||||||
скобяные изделия|гранбукса MF|1|92,50|0,00||||||||
скобяные изделия|гровер М-10|183|0,50|0,00||||||||
скобяные изделия|гровер М-5|1580|0,10|0,00||||||||
скобяные изделия|гровер М-6|1400|0,25|0,00||||||||
скобяные изделия|гровер М-8|770|0,35|0,00||||||||
скобяные изделия|Гровер М10|91|1,25|0,00||||||||
скобяные изделия|Гровер М12|203|1,50|0,00||||||||
скобяные изделия|Гровер М14|135|2,00|0,00||||||||
скобяные изделия|Гровер М16|119|2,50|0,00||||||||
скобяные изделия|Дюбель 5/110|100|2,10|0,00||||||||
скобяные изделия|дюбель для пенобетона 6*32|90|1,65|0,00||||||||
скобяные изделия|дюбель для пенобетона 8*60|50|3,00|0,00||||||||
скобяные изделия|дюбель моль 5*35|32|1,25|0,00||||||||
скобяные изделия|дюбель моль 6*37|32|3,00|0,00||||||||
скобяные изделия|Дюбель п/э 10*100|49|1,75|0,00||||||||
скобяные изделия|Дюбель п/э 10*115|50|2,00|0,00||||||||
скобяные изделия|Дюбель п/э 10*50|62|0,35|0,00||||||||
скобяные изделия|Дюбель п/э 10*50|50|0,20|0,00||||||||
скобяные изделия|Дюбель п/э 10*50|2|0,10|0,00||||||||
скобяные изделия|Дюбель п/э 10*60|13|0,50|0,00||||||||
скобяные изделия|Дюбель п/э 10*80|45|1,50|0,00||||||||
скобяные изделия|Дюбель п/э 10*80|2|0,80|0,00||||||||
скобяные изделия|Дюбель п/э 12*100|22|1,00|0,00||||||||
скобяные изделия|Дюбель п/э 12*60|272|0,50|0,00||||||||
скобяные изделия|Дюбель п/э 12*80|64|1,00|0,00||||||||
скобяные изделия|Дюбель п/э 12*80|93|0,75|0,00||||||||
скобяные изделия|Дюбель п/э 14*100|57|1,00|0,00||||||||
скобяные изделия|Дюбель п/э 14*70|97|1,00|0,00||||||||
скобяные изделия|Дюбель п/э 14*80|3|1,00|0,00||||||||
скобяные изделия|Дюбель п/э 6*35|54|0,15|0,00||||||||
скобяные изделия|Дюбель п/э 6*35|36|0,15|0,00||||||||
скобяные изделия|Дюбель п/э 6*35|85|0,10|0,00||||||||
скобяные изделия|Дюбель п/э 6*40|969|0,18|0,00||||||||
скобяные изделия|Дюбель п/э 6*40|9|0,15|0,00||||||||
скобяные изделия|Дюбель п/э 6*40|96|0,10|0,00||||||||
скобяные изделия|Дюбель п/э 8*30|98|0,15|0,00||||||||
скобяные изделия|Дюбель п/э 8*30|97|0,15|0,00||||||||
скобяные изделия|Дюбель п/э 8*30|49|0,15|0,00||||||||
скобяные изделия|Дюбель п/э 8*40|23|0,20|0,00||||||||
скобяные изделия|Дюбель п/э 8*50|32|0,35|0,00||||||||
скобяные изделия|Дюбель п/э 8*50|108|0,35|0,00||||||||
скобяные изделия|Дюбель п/э 8*50|43|0,35|0,00||||||||
скобяные изделия|Дюбель п/э 8*50|411|0,15|0,00||||||||
скобяные изделия|Дюбель10/110|100|2,10|0,00||||||||
скобяные изделия|заклепки Ø4,8х18|2|30,75|0,00||||||||
скобяные изделия|заклепки Ø4,8х19|2|28,00|0,00||||||||
скобяные изделия|заклепки Ø4,8х23|3|30,00|0,00||||||||
скобяные изделия|заклепки Ø4,8х26|3|32,00|0,00||||||||
скобяные изделия|заклепки Ø4,8х28|6|35,00|0,00||||||||
скобяные изделия|заклепки Ø4,8х30|2|35,00|0,00||||||||
скобяные изделия|заклепки Ø4х18|5|20,00|0,00||||||||
скобяные изделия|заклепки Ø4х19|5|19,00|0,00||||||||
скобяные изделия|заклепки Ø6х10|2|38,00|0,00||||||||
скобяные изделия|заклепки Ø6х12|5|45,00|0,00||||||||
скобяные изделия|заклепки Ø6х16|2|48,00|0,00||||||||
скобяные изделия|засов задвижка 100мм|2|28,00|0,00||||||||
скобяные изделия|засов задвижка 105*70|2|55,00|0,00||||||||
скобяные изделия|засов задвижка 105*70|6|25,00|0,00||||||||
скобяные изделия|засов задвижка 110*70|2|60,00|0,00||||||||
скобяные изделия|засов задвижка 120мм|1|36,00|0,00||||||||
скобяные изделия|засов задвижка 160мм|2|46,00|0,00||||||||
скобяные изделия|засов задвижка 180*90|2|87,00|0,00||||||||
скобяные изделия|засов задвижка 180мм|1|56,00|0,00||||||||
скобяные изделия|засов задвижка 400 мм|1|86,00|0,00||||||||
скобяные изделия|засов задвижка 75*60|4|16,00|0,00||||||||
скобяные изделия|засов задвижка квадрат|5|28,00|0,00||||||||
скобяные изделия|Камень точильный  набор |2|56,00|0,00||||||||
скобяные изделия|камень Luga  150*2,0|13|15,00|0,00||||||||
скобяные изделия|камень Luga  150*2,0|1|15,00|0,00||||||||
скобяные изделия|камень Luga  230*2,5|1|28,50|0,00||||||||
скобяные изделия|Камень Ring 125*2,0|1|15,00|0,00||||||||
скобяные изделия|Камень Ring 230*2|1|28,50|0,00||||||||
скобяные изделия|Конек (165 мм)|7|78,00|0,00||||||||
скобяные изделия|Конек оцинк 2 метровый |16|80,00|0,00||||||||
скобяные изделия|Конек оцинк с зажимом|11|95,00|0,00||||||||
скобяные изделия|Конек с бортиком|2|91,00|0,00||||||||
скобяные изделия|Конек фигурный|15|95,00|0,00||||||||
скобяные изделия|коронка по бетону Ø65|2|95,00|0,00||||||||
скобяные изделия|кровля по металу 4,8*19|50|0,75|0,00||||||||
скобяные изделия|кровля по металу 4,8*25|455|0,85|0,00||||||||
скобяные изделия|кровля по металу 4,8*35|247|0,90|0,00||||||||
скобяные изделия|кровля по металу 5,5*25|127|0,90|0,00||||||||
скобяные изделия|круг наждачный с.|415|3,50|0,00||||||||
скобяные изделия|Круг отрез запорожье|29|12,00|0,00||||||||
скобяные изделия|Круг Luga отрез|3|10,00|0,00||||||||
скобяные изделия|крючки на карниз|9|0,65|0,00||||||||
скобяные изделия|Крючок 10*100|50|5,00|0,00||||||||
скобяные изделия|Крючок 10*120 L|11|6,15|0,00||||||||
скобяные изделия|Крючок 10*120 L|92|3,65|0,00||||||||
скобяные изделия|Крючок 10*130 L|46|6,50|0,00||||||||
скобяные изделия|Крючок 10*140 C|10|12,00|0,00||||||||
скобяные изделия|Крючок 10*80 L|48|4,50|0,00||||||||
скобяные изделия|Крючок 4*40 L|289|1,35|0,00||||||||
скобяные изделия|Крючок 5*40 L|80|2,25|0,00||||||||
скобяные изделия|Крючок 5*50 L|74|2,50|0,00||||||||
скобяные изделия|Крючок 6*100 C|58|3,50|0,00||||||||
скобяные изделия|Крючок 6*100 L|25|2,20|0,00||||||||
скобяные изделия|Крючок 6*60 L|65|2,00|0,00||||||||
скобяные изделия|Крючок 6*80 L|76|1,80|0,00||||||||
скобяные изделия|Крючок 8*100 C|40|4,50|0,00||||||||
скобяные изделия|Крючок 8*100 L|99|3,50|0,00||||||||
скобяные изделия|Крючок 8*120|10|10,50|0,00||||||||
скобяные изделия|Крючок 8*60 L|47|2,50|0,00||||||||
скобяные изделия|Крючок 8*80|100|4,25|0,00||||||||
скобяные изделия|лед панель,квадрат|1|155,00|0,00||||||||
скобяные изделия|лед панель,круг|1|155,00|0,00||||||||
скобяные изделия|леденец|1|45,00|0,00||||||||
скобяные изделия|лезвия строительные по шт|9|1,50|0,00||||||||
скобяные изделия|Лепесток Intertool  125*22|3|27,00|0,00||||||||
скобяные изделия|Лепесток Novo abrasive 125*22,2|5|26,00|0,00||||||||
скобяные изделия|Лепесток Ring 125*22,2|5|26,00|0,00||||||||
скобяные изделия|Масса 400|1|48,00|0,00||||||||
скобяные изделия|Масса 500|1|75,00|0,00||||||||
скобяные изделия|Масса 500|1|58,00|0,00||||||||
скобяные изделия|метчик Ø 10|2|38,00|0,00||||||||
скобяные изделия|метчик Ø 10|2|30,00|0,00||||||||
скобяные изделия|метчик Ø 10|2|28,00|0,00||||||||
скобяные изделия|метчик Ø 14|2|66,00|0,00||||||||
скобяные изделия|метчик Ø 4|2|18,00|0,00||||||||
скобяные изделия|метчик Ø 5|2|18,00|0,00||||||||
скобяные изделия|метчик Ø 6|1|20,00|0,00||||||||
скобяные изделия|набор сверл по бетону|1|27,00|0,00||||||||
скобяные изделия|навес метал 110|33|12,50|0,00||||||||
скобяные изделия|навес метал 130|18|16,00|0,00||||||||
скобяные изделия|навес метал 85|11|12,00|0,00||||||||
скобяные изделия|навес оцинк 85|4|16,00|0,00||||||||
скобяные изделия|навес стрела б|36|20,00|0,00||||||||
скобяные изделия|навес стрела м|16|12,00|0,00||||||||
скобяные изделия|навес стрела с|16|14,00|0,00||||||||
скобяные изделия|навес точеный 16-тий|13|22,50|0,00||||||||
скобяные изделия|навес точеный 18-тий|8|25,00|0,00||||||||
скобяные изделия|навес точеный 20-тий|41|28,00|0,00||||||||
скобяные изделия|навес точеный 25-тий|6|36,00|0,00||||||||
скобяные изделия|навес точеный 30-тий|22|38,50|0,00||||||||
скобяные изделия|навес точечный  16|1|25,00|0,00||||||||
скобяные изделия|навес точечный  18|1|25,00|0,00||||||||
скобяные изделия|навес точечный  20|1|28,00|0,00||||||||
скобяные изделия|навес точечный  25|1|36,00|0,00||||||||
скобяные изделия|навес точечный  30|1|39,00|0,00||||||||
скобяные изделия|номерок больш|64|7,00|0,00||||||||
скобяные изделия|номерок мален |37|12,00|0,00||||||||
скобяные изделия|остатки фриза 105/70|3|18,00|0,00||||||||
скобяные изделия|остатки фриза 613/80|3|31,00|0,00||||||||
скобяные изделия|остатки фриза 706/40|15|12,00|0,00||||||||
скобяные изделия|Отрез Запорожье 150*2,0|2|15,00|0,00||||||||
скобяные изделия|Отрез Запорожье 230*2,0|5|28,00|0,00||||||||
скобяные изделия|Отрез Ataman шлиф 125*6,0|5|25,00|0,00||||||||
скобяные изделия|отрез Ataman125*1,0|22|12,00|0,00||||||||
скобяные изделия|отрез Ataman125*1,2|12|12,00|0,00||||||||
скобяные изделия|отрез Ataman125*1,6|2|12,00|0,00||||||||
скобяные изделия|отрез Ataman150*1,6|4|18,00|0,00||||||||
скобяные изделия|отрез Ataman150*2,0|4|15,00|0,00||||||||
скобяные изделия|отрез Ataman150*2,0|8|12,00|0,00||||||||
скобяные изделия|отрез Ataman180*1,6|25|20,50|0,00||||||||
скобяные изделия|отрез Ataman230*2,0|6|30,00|0,00||||||||
скобяные изделия|отрез Ataman230*2,0|1|30,00|0,00||||||||
скобяные изделия|отрез Dnipro  125*1,2|1|11,00|0,00||||||||
скобяные изделия|отрез Dnipro  125*1,2|18|8,50|0,00||||||||
скобяные изделия|отрез Dnipro  150*1,6|10|15,00|0,00||||||||
скобяные изделия|Отрез Dnipro 125*1,6|2|11,00|0,00||||||||
скобяные изделия|Отрез Dnipro 230*2,0|4|26,00|0,00||||||||
скобяные изделия|отрез Hauer 125*1,2|1|12,00|0,00||||||||
скобяные изделия|отрез Hauer 150*1,6|7|18,00|0,00||||||||
скобяные изделия|Отрез Kronenflex 180*3 |4|28,50|0,00||||||||
скобяные изделия|Отрез Luga 150*1,6|3|15,00|0,00||||||||
скобяные изделия|отрез Novo abrasive   125*1,0|17|12,00|0,00||||||||
скобяные изделия|отрез Novo abrasive   125*1,2|17|8,50|0,00||||||||
скобяные изделия|отрез Novo abrasive   150*1,6|7|17,50|0,00||||||||
скобяные изделия|Отрез Polax 125*1,2|4|12,00|0,00||||||||
скобяные изделия|отрез Ring   230*2|20|33,00|0,00||||||||
скобяные изделия|отрез Ring   230*2,5|9|33,00|0,00||||||||
скобяные изделия|отрез Ring  115*1,0|15|11,00|0,00||||||||
скобяные изделия|отрез Ring  125*1,0|9|12,00|0,00||||||||
скобяные изделия|отрез Ring  125*1,6|8|12,00|0,00||||||||
скобяные изделия|отрез Ring  125*2,0|8|12,00|0,00||||||||
скобяные изделия|отрез Ring  125*3,0|10|13,00|0,00||||||||
скобяные изделия|отрез Ring  150*1,6|14|18,50|0,00||||||||
скобяные изделия|отрез Ring  150*2,0|11|15,00|0,00||||||||
скобяные изделия|отрез Ring  180*1,6|11|20,50|0,00||||||||
скобяные изделия|отрез Ring  180*2,0|9|21,00|0,00||||||||
скобяные изделия|отрез Ring  круг 230*1,8|1|33,00|0,00||||||||
скобяные изделия|отрез Ring  круг 230*2|1|33,00|0,00||||||||
скобяные изделия|отрез Sigma  125*1,2|70|12,00|0,00||||||||
скобяные изделия|отрез Sigma  125*1,2|10|12,00|0,00||||||||
скобяные изделия|отрез Sigma  150*1,6|14|19,00|0,00||||||||
скобяные изделия|оцинк проф лист 2м|7|165,00|0,00||||||||
скобяные изделия|П-обраст 100|383|2,50|0,00||||||||
скобяные изделия|П-обраст 125|192|2,50|0,00||||||||
скобяные изделия|П-обраст длинный500|247|7,00|0,00||||||||
скобяные изделия|П-обраст сред 300|90|3,50|0,00||||||||
скобяные изделия|Патриот 125*1,4|13|10,00|0,00||||||||
скобяные изделия|Патриот отрез 180*2,0|10|23,00|0,00||||||||
скобяные изделия|Перо 10*150|1|19,00|0,00||||||||
скобяные изделия|Перо 10*150|1|17,00|0,00||||||||
скобяные изделия|Перо 12|1|13,50|0,00||||||||
скобяные изделия|Перо 12|1|12,50|0,00||||||||
скобяные изделия|Перо 12*150|1|18,00|0,00||||||||
скобяные изделия|Перо 12*150|1|18,00|0,00||||||||
скобяные изделия|Перо 14*160|1|15,00|0,00||||||||
скобяные изделия|Перо 16|1|20,00|0,00||||||||
скобяные изделия|Перо 16*160|3|13,00|0,00||||||||
скобяные изделия|Перо 18*160|3|14,00|0,00||||||||
скобяные изделия|Перо 20|1|25,00|0,00||||||||
скобяные изделия|Перо 22*160|3|16,00|0,00||||||||
скобяные изделия|Перо 25|1|28,00|0,00||||||||
скобяные изделия|Перо 25*160|2|20,00|0,00||||||||
скобяные изделия|Перо 30|2|32,00|0,00||||||||
скобяные изделия|Перо 32|2|34,00|0,00||||||||
скобяные изделия|Перо 32*150|1|30,00|0,00||||||||
скобяные изделия|Перо 35|2|36,00|0,00||||||||
скобяные изделия|Перо 45|1|22,00|0,00||||||||
скобяные изделия|Перо 8,0|3|20,00|0,00||||||||
скобяные изделия|перо по дереву 40 мм|5|21,00|0,00||||||||
скобяные изделия|перо по дереву 40 мм|1|21,00|0,00||||||||
скобяные изделия|перо по дереву 45 мм|2|22,00|0,00||||||||
скобяные изделия|перо по дереву 50 мм|1|26,00|0,00||||||||
скобяные изделия|Петля 50 мм|1|3,00|0,00||||||||
скобяные изделия|петля меб №2|1|1,00|0,00||||||||
скобяные изделия|петля меб №3|1|1,50|0,00||||||||
скобяные изделия|петля под шкаф|2|2,50|0,00||||||||
скобяные изделия|петля ровн 40х100|1|7,00|0,00||||||||
скобяные изделия|петля ровн 65 мм|1|3,00|0,00||||||||
скобяные изделия|петля рояльная 0,5|2|20,00|0,00||||||||
скобяные изделия|петля углов 40х100|1|7,00|0,00||||||||
скобяные изделия|петля углов 40х100|1|3,50|0,00||||||||
скобяные изделия|Петля №50|1|2,50|0,00||||||||
скобяные изделия|плашка М-6|1|32,00|0,00||||||||
скобяные изделия|Подшипник 902|8|15,00|0,00||||||||
скобяные изделия|Порожек 0,9|5|43,00|0,00||||||||
скобяные изделия|Порожек 0,9 алюминий|2|74,00|0,00||||||||
скобяные изделия|Порожек 0,9 алюминий|2|62,00|0,00||||||||
скобяные изделия|Порожек 0,9 алюминий|5|50,00|0,00||||||||
скобяные изделия|Порожек 1,8 16 Ам|3|90,00|0,00||||||||
скобяные изделия|Порожек 1,8 алюм |2|98,00|0,00||||||||
скобяные изделия|Порожек 1,8 алюм  |4|122,00|0,00||||||||
скобяные изделия|Порожек 1,8 алюм  |2|108,00|0,00||||||||
скобяные изделия|Порожек 1,8 алюм  1А(м)|3|120,00|0,00||||||||
скобяные изделия|Порожек 1,8 алюм  5А(м)|6|93,00|0,00||||||||
скобяные изделия|Порожек 1,8 алюм  5А(м)|2|90,00|0,00||||||||
скобяные изделия|Порожек 1,8 алюминий|5|85,00|0,00||||||||
скобяные изделия|Порожек 1,8 алюминий|3|82,00|0,00||||||||
скобяные изделия|Порожек 1м  пласт|16|25,00|0,00||||||||
скобяные изделия|порожек 2м пластик|7|42,00|0,00||||||||
скобяные изделия|Порожек алюм 0,8|1|46,00|0,00||||||||
скобяные изделия|Порожек алюм 0,9 16 А(м)|6|45,00|0,00||||||||
скобяные изделия|Порожек алюм 0,9 16 А(м)|1|43,00|0,00||||||||
скобяные изделия|Порожек алюм 2,5|2|196,00|0,00||||||||
скобяные изделия|прес шайба 4,8*14|887|0,30|0,00||||||||
скобяные изделия|прес шайба М-6|1000|0,30|0,00||||||||
скобяные изделия|пресшайба М-6|750|0,30|0,00||||||||
скобяные изделия|проволка вязан 0,8 сер|300|0,80|0,00||||||||
скобяные изделия|проволка вязан 1,8 черн|100|0,90|0,00||||||||
скобяные изделия|профиль СД 3м|18|41,00|0,00||||||||
скобяные изделия|Профиль СД 3м|49|40,00|0,00||||||||
скобяные изделия|Профиль СД 3м|57|35,00|0,00||||||||
скобяные изделия|Профиль СД 3м|52|25,50|0,00||||||||
скобяные изделия|профиль CW-100|8|64,00|0,00||||||||
скобяные изделия|профиль CW-50|10|53,00|0,00||||||||
скобяные изделия|профиль CW-75|7|60,00|0,00||||||||
скобяные изделия|профиль VW-100|9|58,00|0,00||||||||
скобяные изделия|профиль VW-50|7|45,00|0,00||||||||
скобяные изделия|профиль VW-75|6|54,00|0,00||||||||
скобяные изделия|Профнастил 1,5 вишня|18|135,00|0,00||||||||
скобяные изделия|Профнастил 1,5 зеленый|12|135,00|0,00||||||||
скобяные изделия|Профнастил 1,5 коричневый|7|135,00|0,00||||||||
скобяные изделия|Профнастил 1,5 синий|7|135,00|0,00||||||||
скобяные изделия|Профнастил 1,7 вишня|9|155,00|0,00||||||||
скобяные изделия|Профнастил 1,7 зеленый|10|155,00|0,00||||||||
скобяные изделия|Профнастил 2 вишня|8|165,00|0,00||||||||
скобяные изделия|Профнастил 2 зеленый|7|165,00|0,00||||||||
скобяные изделия|Профнастил 2 коричневый|4|165,00|0,00||||||||
скобяные изделия|пружина внутр МП 16|1|38,00|0,00||||||||
скобяные изделия|пружина внутр МП 20|1|48,00|0,00||||||||
скобяные изделия|пружина дверная|8|13,00|0,00||||||||
скобяные изделия|пружина мет трубы|1|46,00|0,00||||||||
скобяные изделия|пружина на двери |2|18,00|0,00||||||||
скобяные изделия|пули|1|45,00|0,00||||||||
скобяные изделия|ролик дверной|1|38,00|0,00||||||||
скобяные изделия|саморез бел 2,5*16|605|0,15|0,00||||||||
скобяные изделия|саморез бел 3,5*25|973|0,25|0,00||||||||
скобяные изделия|саморез бел 3*30|920|0,30|0,00||||||||
скобяные изделия|саморез клоп 3,5*9,5 белый|403|0,15|0,00||||||||
скобяные изделия|саморез клоп 3,5*9,5 черн|1050|0,15|0,00||||||||
скобяные изделия|саморез кровель зел 4,8*35|455|0,90|0,00||||||||
скобяные изделия|саморез кровель кор 4,8*35|345|0,75|0,00||||||||
скобяные изделия|саморез кровельн 4,6*19 |228|0,80|0,00||||||||
скобяные изделия|саморез кровельн 4,8*19 вишня|250|0,75|0,00||||||||
скобяные изделия|саморез кровельн 4,8*19 зелен|700|0,75|0,00||||||||
скобяные изделия|саморез кровельн 4,8*19 корич|700|0,75|0,00||||||||
скобяные изделия|саморез кровельн 4,8*19 синий|483|0,70|0,00||||||||
скобяные изделия|саморез кровельн 4,8*25|297|0,65|0,00||||||||
скобяные изделия|саморез кровельн 4,8*25ореш|830|0,65|0,00||||||||
скобяные изделия|саморез кровельн 4,8*32*19 |242|0,75|0,00||||||||
скобяные изделия|саморез кровельн 4,8*35 |250|1,00|0,00||||||||
скобяные изделия|саморез кровельн 4,8*35 |239|0,85|0,00||||||||
скобяные изделия|саморез кровельн 4,8*35 зелен|250|0,90|0,00||||||||
скобяные изделия|саморез кровельн 4,8*35ор|500|0,85|0,00||||||||
скобяные изделия|саморез кровельн 4,8*50 |151|0,85|0,00||||||||
скобяные изделия|саморез кровельн 4,8*80 ор|1000|1,00|0,00||||||||
скобяные изделия|саморез кровельн 5,5*50|134|1,50|0,00||||||||
скобяные изделия|саморез кровельн 5,54*25 виш|1070|0,90|0,00||||||||
скобяные изделия|саморез кровельн 5,54*25 зелен|250|0,75|0,00||||||||
скобяные изделия|саморез кровельн 5,54*25 синий|245|0,90|0,00||||||||
скобяные изделия|саморез кровельн бел 4,8*35|119|1,10|0,00||||||||
скобяные изделия|саморез кровельн вишня 4,8*19|350|0,75|0,00||||||||
скобяные изделия|саморез кровельн вишня 4,8*25|40|0,90|0,00||||||||
скобяные изделия|саморез кровельн вишня 4,8*35|153|0,90|0,00||||||||
скобяные изделия|саморез кровельн корич 4,8*19|225|0,85|0,00||||||||
скобяные изделия|саморез кровельн корич 4,8*35|250|0,85|0,00||||||||
скобяные изделия|саморез кровельн сер 4,8*19|42|0,75|0,00||||||||
скобяные изделия|саморез кровельн сер 4,8*25|397|0,85|0,00||||||||
скобяные изделия|саморез кровельн синий 4,8*19|87|0,75|0,00||||||||
скобяные изделия|саморез кровельн синий 4,8*25|72|0,90|0,00||||||||
скобяные изделия|саморез кровельн синий 4,8*35|224|0,90|0,00||||||||
скобяные изделия|саморез кровельные 4,8*19|360|0,75|0,00||||||||
скобяные изделия|саморез кровельные 4,8*35|345|0,75|0,00||||||||
скобяные изделия|саморез кровельные 4,8*36|455|0,90|0,00||||||||
скобяные изделия|саморез кровельный 4,8*38|190|0,90|0,00||||||||
скобяные изделия|саморез кровельный 4,8*70|200|0,75|0,00||||||||
скобяные изделия|саморез кровельный 4,8*90|202|1,05|0,00||||||||
скобяные изделия|саморез ПШ 4,2*14|423|0,17|0,00||||||||
скобяные изделия|саморез ПШ 4,2*32|462|0,35|0,00||||||||
скобяные изделия|Саморез ПШ бел 4,2*13|1650|0,15|0,00||||||||
скобяные изделия|Саморез ПШ бел 4,2*16|2290|0,20|0,00||||||||
скобяные изделия|Саморез ПШ бел 4,2*16|1000|0,20|0,00||||||||
скобяные изделия|Саморез ПШ бел 4,2*19|2000|0,25|0,00||||||||
скобяные изделия|Саморез ПШ бел 4,2*25|3200|0,30|0,00||||||||
скобяные изделия|Саморез ПШ бел 4,2*32|2040|0,35|0,00||||||||
скобяные изделия|Саморез ПШ бел 4,2*41|1570|0,40|0,00||||||||
скобяные изделия|Саморез ПШ бел 4,2*51|250|0,50|0,00||||||||0,00
скобяные изделия|Саморез ПШ с шестигран головкой 4,8*35|180|1,00|0,00||||||||
скобяные изделия|Саморез ПШ с шестигран головкой 4,8*70|75|0,90|0,00||||||||
скобяные изделия|Саморез ПШ черн 4,2*13|185|0,15|0,00||||||||
скобяные изделия|Саморез ПШ черн 4,2*13|1020|0,15|0,00||||||||
скобяные изделия|Саморез ПШ черн 4,2*16|996|0,20|0,00||||||||
скобяные изделия|Саморез ПШ черн 4,2*16|1000|0,20|0,00||||||||
скобяные изделия|Саморез ПШ черн 4,2*19|304|0,25|0,00||||||||
скобяные изделия|Саморез ПШ черн 4,2*19|1058|0,25|0,00||||||||
скобяные изделия|Саморез ПШ черн 4,2*19|667|0,25|0,00||||||||
скобяные изделия|Саморез ПШ черн 4,2*19|67|0,22|0,00||||||||
скобяные изделия|Саморез ПШ черн 4,2*25|707|0,30|0,00||||||||
скобяные изделия|Саморез ПШ черн 4,2*25|17|0,30|0,00||||||||
скобяные изделия|Саморез ПШ черн 4,2*25|200|0,30|0,00||||||||
скобяные изделия|Саморез ПШ черн 4,2*32|175|0,35|0,00||||||||
скобяные изделия|Саморез ПШ черн 4,2*32|241|0,35|0,00||||||||
скобяные изделия|саморез универс желт 3,5*30|290|0,35|0,00||||||||
скобяные изделия|саморез универс желт 4*50|220|0,45|0,00||||||||
скобяные изделия|саморез универс желт 5*30|125|0,35|0,00||||||||
скобяные изделия|саморез универс желт 5*40|200|0,45|0,00||||||||
скобяные изделия|саморез универс желт 5*80|250|0,85|0,00||||||||
скобяные изделия|саморез универс желт 6*100|120|1,75|0,00||||||||
скобяные изделия|саморез универс желт 6*60|140|1,00|0,00||||||||
скобяные изделия|саморез универс желт 6*80|200|1,50|0,00||||||||
скобяные изделия|сверло бур  10*110|1|17,00|0,00||||||||
скобяные изделия|сверло бур  10*110|1|17,00|0,00||||||||
скобяные изделия|сверло бур  12*110|1|21,00|0,00||||||||
скобяные изделия|сверло бур  12*160|1|25,00|0,00||||||||
скобяные изделия|сверло бур  12*210|1|26,00|0,00||||||||
скобяные изделия|сверло бур  12*260|1|31,00|0,00||||||||
скобяные изделия|сверло бур  12*600|1|90,00|0,00||||||||
скобяные изделия|сверло бур  16*210|1|41,00|0,00||||||||
скобяные изделия|сверло бур  5*10|1|14,00|0,00||||||||
скобяные изделия|сверло бур  8*210|1|21,00|0,00||||||||
скобяные изделия|Сверло бур 10х110 мм|7|18,50|0,00||||||||
скобяные изделия|Сверло бур 10х160 мм|5|35,00|0,00||||||||
скобяные изделия|Сверло бур 10х160 мм|4|29,50|0,00||||||||
скобяные изделия|Сверло бур 10х210 мм|3|42,00|0,00||||||||
скобяные изделия|Сверло бур 10х210 мм|2|40,50|0,00||||||||
скобяные изделия|Сверло бур 10х210 мм|4|40,00|0,00||||||||
скобяные изделия|Сверло бур 10х260 мм|2|46,00|0,00||||||||
скобяные изделия|Сверло бур 10х260 мм|1|36,50|0,00||||||||
скобяные изделия|Сверло бур 12х160 мм|9|45,00|0,00||||||||
скобяные изделия|Сверло бур 12х160 мм|7|38,00|0,00||||||||
скобяные изделия|Сверло бур 12х210 мм|6|42,00|0,00||||||||
скобяные изделия|Сверло бур 12х260 мм|1|48,00|0,00||||||||
скобяные изделия|Сверло бур 12х310 мм|1|65,00|0,00||||||||
скобяные изделия|Сверло бур 12х310 мм|1|42,00|0,00||||||||
скобяные изделия|Сверло бур 14х160 мм|1|49,00|0,00||||||||
скобяные изделия|Сверло бур 14х210 мм|2|49,00|0,00||||||||
скобяные изделия|Сверло бур 14х260 мм|3|63,00|0,00||||||||
скобяные изделия|Сверло бур 14х260 мм|2|57,00|0,00||||||||
скобяные изделия|Сверло бур 14х260 мм|3|55,00|0,00||||||||
скобяные изделия|Сверло бур 14х260 мм|1|50,00|0,00||||||||
скобяные изделия|Сверло бур 14х310 мм|2|78,00|0,00||||||||
скобяные изделия|Сверло бур 16х800 мм|1|225,00|0,00||||||||
скобяные изделия|Сверло бур 5х160 мм|13|18,00|0,00||||||||
скобяные изделия|Сверло бур 6х110 мм|1|25,00|0,00||||||||
скобяные изделия|Сверло бур 6х110 мм|1|21,00|0,00||||||||
скобяные изделия|Сверло бур 6х110 мм|1|19,50|0,00||||||||
скобяные изделия|Сверло бур 6х110 мм|1|18,00|0,00||||||||
скобяные изделия|Сверло бур 6х110 мм|17|15,00|0,00||||||||
скобяные изделия|Сверло бур 6х150 мм|6|19,00|0,00||||||||
скобяные изделия|Сверло бур 6х160 мм|8|23,00|0,00||||||||
скобяные изделия|Сверло бур 6х210 мм|7|38,50|0,00||||||||
скобяные изделия|Сверло бур 6х210 мм|3|27,00|0,00||||||||
скобяные изделия|Сверло бур 6х260 мм|4|42,00|0,00||||||||
скобяные изделия|Сверло бур 6х260 мм|3|32,50|0,00||||||||
скобяные изделия|Сверло бур 6х260 мм|3|32,00|0,00||||||||
скобяные изделия|Сверло бур 6х260 мм|1|30,00|0,00||||||||
скобяные изделия|Сверло бур 6х300 мм|1|45,00|0,00||||||||
скобяные изделия|Сверло бур 6х310 мм|4|46,00|0,00||||||||
скобяные изделия|Сверло бур 8х110 мм|9|27,50|0,00||||||||
скобяные изделия|Сверло бур 8х110 мм|8|27,00|0,00||||||||
скобяные изделия|Сверло бур 8х110 мм|18|22,00|0,00||||||||
скобяные изделия|Сверло бур 8х160 мм|26|29,50|0,00||||||||
скобяные изделия|Сверло бур 8х160 мм|2|20,00|0,00||||||||
скобяные изделия|Сверло бур 8х210 мм|1|42,00|0,00||||||||
скобяные изделия|Сверло бур 8х210 мм|3|31,00|0,00||||||||
скобяные изделия|Сверло бур 8х260 мм|1|42,00|0,00||||||||
скобяные изделия|Сверло бур 8х310 мм|2|53,00|0,00||||||||
скобяные изделия|Сверло бур 8х460 мм|1|60,00|0,00||||||||
скобяные изделия|сверло коронка d 65|1|140,00|0,00||||||||
скобяные изделия|сверло мет Q  2,5|10|4,50|0,00||||||||
скобяные изделия|сверло мет Q 1,0|10|2,50|0,00||||||||
скобяные изделия|сверло мет Q 1,2|16|5,00|0,00||||||||
скобяные изделия|сверло мет Q 1,2|5|3,75|0,00||||||||
скобяные изделия|сверло мет Q 1,2|10|1,70|0,00||||||||
скобяные изделия|сверло мет Q 1,5|5|5,50|0,00||||||||
скобяные изделия|сверло мет Q 1,5|6|2,50|0,00||||||||
скобяные изделия|сверло мет Q 1,8|7|2,75|0,00||||||||
скобяные изделия|сверло мет Q 10,0|4|90,00|0,00||||||||
скобяные изделия|сверло мет Q 10,0|5|35,00|0,00||||||||
скобяные изделия|сверло мет Q 10,0|6|20,00|0,00||||||||
скобяные изделия|сверло мет Q 10,5|5|38,00|0,00||||||||
скобяные изделия|сверло мет Q 11,0|5|37,00|0,00||||||||
скобяные изделия|сверло мет Q 11,5|3|31,00|0,00||||||||
скобяные изделия|сверло мет Q 12,0|5|39,00|0,00||||||||
скобяные изделия|сверло мет Q 12,5|3|35,00|0,00||||||||
скобяные изделия|сверло мет Q 13,0|6|50,00|0,00||||||||
скобяные изделия|сверло мет Q 14,0|3|62,00|0,00||||||||
скобяные изделия|сверло мет Q 15,0|2|97,00|0,00||||||||
скобяные изделия|сверло мет Q 16,0|2|80,00|0,00||||||||
скобяные изделия|сверло мет Q 2,0|7|3,50|0,00||||||||
скобяные изделия|сверло мет Q 2,2|11|4,25|0,00||||||||
скобяные изделия|сверло мет Q 2,5|9|10,75|0,00||||||||
скобяные изделия|сверло мет Q 2,5|5|4,50|0,00||||||||
скобяные изделия|сверло мет Q 2,6|6|4,50|0,00||||||||
скобяные изделия|сверло мет Q 2,8|3|4,50|0,00||||||||
скобяные изделия|сверло мет Q 3,0|2|12,00|0,00||||||||
скобяные изделия|сверло мет Q 3,0|10|6,00|0,00||||||||
скобяные изделия|сверло мет Q 3,0|10|4,50|0,00||||||||
скобяные изделия|сверло мет Q 3,1|17|5,50|0,00||||||||
скобяные изделия|сверло мет Q 3,2|7|16,00|0,00||||||||
скобяные изделия|сверло мет Q 3,2|10|9,00|0,00||||||||
скобяные изделия|сверло мет Q 3,2|20|6,00|0,00||||||||
скобяные изделия|сверло мет Q 3,3|9|6,00|0,00||||||||
скобяные изделия|сверло мет Q 3,3|10|4,00|0,00||||||||
скобяные изделия|сверло мет Q 3,5|6|16,50|0,00||||||||
скобяные изделия|сверло мет Q 3,5|10|9,00|0,00||||||||
скобяные изделия|сверло мет Q 3,5|10|6,15|0,00||||||||
скобяные изделия|сверло мет Q 3,5|1|3,50|0,00||||||||
скобяные изделия|сверло мет Q 3,6|18|7,00|0,00||||||||
скобяные изделия|сверло мет Q 3,7|6|7,60|0,00||||||||
скобяные изделия|сверло мет Q 3,7|10|7,50|0,00||||||||
скобяные изделия|сверло мет Q 3,8|9|19,50|0,00||||||||
скобяные изделия|сверло мет Q 3,8|10|6,75|0,00||||||||
скобяные изделия|сверло мет Q 3,9|7|8,00|0,00||||||||
скобяные изделия|сверло мет Q 3,9|7|7,00|0,00||||||||
скобяные изделия|сверло мет Q 3,9|24|6,85|0,00||||||||
скобяные изделия|сверло мет Q 4,0|16|18,00|0,00||||||||
скобяные изделия|сверло мет Q 4,0|8|15,00|0,00||||||||
скобяные изделия|сверло мет Q 4,0|23|12,50|0,00||||||||
скобяные изделия|сверло мет Q 4,0|10|6,00|0,00||||||||
скобяные изделия|сверло мет Q 4,1|5|21,00|0,00||||||||
скобяные изделия|сверло мет Q 4,1|7|8,50|0,00||||||||
скобяные изделия|сверло мет Q 4,2|13|21,00|0,00||||||||
скобяные изделия|сверло мет Q 4,2|2|8,50|0,00||||||||
скобяные изделия|сверло мет Q 4,3|10|22,00|0,00||||||||
скобяные изделия|сверло мет Q 4,3|6|7,15|0,00||||||||
скобяные изделия|сверло мет Q 4,4|10|8,50|0,00||||||||
скобяные изделия|сверло мет Q 4,4|6|6,90|0,00||||||||
скобяные изделия|сверло мет Q 4,5|12|21,75|0,00||||||||
скобяные изделия|сверло мет Q 4,5|14|8,10|0,00||||||||
скобяные изделия|сверло мет Q 4,7|7|8,25|0,00||||||||
скобяные изделия|сверло мет Q 4,8|5|9,00|0,00||||||||
скобяные изделия|сверло мет Q 4,9|2|9,00|0,00||||||||
скобяные изделия|сверло мет Q 4,9|5|6,50|0,00||||||||
скобяные изделия|сверло мет Q 5,0|7|28,00|0,00||||||||
скобяные изделия|сверло мет Q 5,0|4|25,50|0,00||||||||
скобяные изделия|сверло мет Q 5,0|6|10,75|0,00||||||||
скобяные изделия|сверло мет Q 5,0|6|7,00|0,00||||||||
скобяные изделия|сверло мет Q 5,1|10|11,00|0,00||||||||
скобяные изделия|сверло мет Q 5,1|1|7,50|0,00||||||||
скобяные изделия|сверло мет Q 5,2|7|8,50|0,00||||||||
скобяные изделия|сверло мет Q 5,5|6|26,50|0,00||||||||
скобяные изделия|сверло мет Q 5,5|14|9,00|0,00||||||||
скобяные изделия|сверло мет Q 5,8|5|9,50|0,00||||||||
скобяные изделия|сверло мет Q 6,0|8|35,00|0,00||||||||
скобяные изделия|сверло мет Q 6,0|8|18,00|0,00||||||||
скобяные изделия|сверло мет Q 6,0|9|12,50|0,00||||||||
скобяные изделия|сверло мет Q 6,0|3|9,00|0,00||||||||
скобяные изделия|сверло мет Q 6,2|9|16,50|0,00||||||||
скобяные изделия|сверло мет Q 6,2|8|10,75|0,00||||||||
скобяные изделия|сверло мет Q 6,5|6|32,00|0,00||||||||
скобяные изделия|сверло мет Q 6,5|11|14,50|0,00||||||||
скобяные изделия|сверло мет Q 6,7|10|33,00|0,00||||||||
скобяные изделия|сверло мет Q 6,7|14|11,50|0,00||||||||
скобяные изделия|сверло мет Q 6,8|4|11,75|0,00||||||||
скобяные изделия|сверло мет Q 7,0|12|36,00|0,00||||||||
скобяные изделия|сверло мет Q 7,0|18|20,00|0,00||||||||
скобяные изделия|сверло мет Q 7,0|3|12,00|0,00||||||||
скобяные изделия|сверло мет Q 7,2|11|16,00|0,00||||||||
скобяные изделия|сверло мет Q 7,5|10|36,00|0,00||||||||
скобяные изделия|сверло мет Q 7,5|7|15,00|0,00||||||||
скобяные изделия|сверло мет Q 8,0|6|60,00|0,00||||||||
скобяные изделия|сверло мет Q 8,0|7|24,00|0,00||||||||
скобяные изделия|сверло мет Q 8,0|2|20,00|0,00||||||||
скобяные изделия|сверло мет Q 8,2|4|18,00|0,00||||||||
скобяные изделия|сверло мет Q 8,5|3|75,00|0,00||||||||
скобяные изделия|сверло мет Q 8,5|4|20,00|0,00||||||||
скобяные изделия|сверло мет Q 9,0|4|88,00|0,00||||||||
скобяные изделия|сверло мет Q 9,5|3|24,00|0,00||||||||
скобяные изделия|сверло мет Q 9,8|3|26,00|0,00||||||||
скобяные изделия|сверло по бетону набор|1|61,50|0,00||||||||
скобяные изделия|сверло по бетону Q 10*200|10|40,00|0,00||||||||
скобяные изделия|сверло по бетону Q 6*150|4|22,75|0,00||||||||
скобяные изделия|сверло по бетону Q 6*200|1|25,00|0,00||||||||
скобяные изделия|сверло по бетону Q 8*200|4|23,25|0,00||||||||
скобяные изделия|сверло по гипсу набор|1|125,00|0,00||||||||
скобяные изделия|сверло по дереву  бет Q 10*16|1|18,50|0,00||||||||
скобяные изделия|сверло по дереву 8,0|1|12,00|0,00||||||||
скобяные изделия|сверло по дереву бет Q 10|4|25,00|0,00||||||||
скобяные изделия|сверло по дереву Q 10*120|7|25,00|0,00||||||||
скобяные изделия|сверло по дереву Q 10*120|1|23,50|0,00||||||||
скобяные изделия|сверло по дереву Q 10*120|8|18,00|0,00||||||||
скобяные изделия|сверло по дереву Q 10*120|1|14,00|0,00||||||||
скобяные изделия|сверло по дереву Q 10*120|2|13,00|0,00||||||||
скобяные изделия|сверло по дереву Q 10*120|2|13,00|0,00||||||||
скобяные изделия|сверло по дереву Q 10*150|10|30,50|0,00||||||||
скобяные изделия|сверло по дереву Q 10*300|1|67,00|0,00||||||||
скобяные изделия|сверло по дереву Q 12*150|5|26,00|0,00||||||||
скобяные изделия|сверло по дереву Q 12*150|2|21,00|0,00||||||||
скобяные изделия|сверло по дереву Q 12*200|2|55,50|0,00||||||||
скобяные изделия|сверло по дереву Q 12*200|4|50,50|0,00||||||||
скобяные изделия|сверло по дереву Q 12*200|1|28,00|0,00||||||||
скобяные изделия|сверло по дереву Q 12*210|1|28,00|0,00||||||||
скобяные изделия|сверло по дереву Q 12*300|2|70,00|0,00||||||||
скобяные изделия|сверло по дереву Q 4*75|5|6,00|0,00||||||||
скобяные изделия|сверло по дереву Q 5,0|1|8,00|0,00||||||||
скобяные изделия|сверло по дереву Q 5*85|8|8,00|0,00||||||||
скобяные изделия|сверло по дереву Q 5*85|8|6,00|0,00||||||||
скобяные изделия|сверло по дереву Q 6|4|18,15|0,00||||||||
скобяные изделия|сверло по дереву Q 6|1|10,00|0,00||||||||
скобяные изделия|сверло по дереву Q 6,0|1|9,00|0,00||||||||
скобяные изделия|сверло по дереву Q 6*100|6|10,00|0,00||||||||
скобяные изделия|сверло по дереву Q 6*150|12|12,00|0,00||||||||
скобяные изделия|сверло по дереву Q 6*200|1|25,00|0,00||||||||
скобяные изделия|сверло по дереву Q 6*200|8|16,00|0,00||||||||
скобяные изделия|сверло по дереву Q 6*300|5|34,00|0,00||||||||
скобяные изделия|сверло по дереву Q 7*100|2|15,75|0,00||||||||
скобяные изделия|сверло по дереву Q 8*110|9|21,00|0,00||||||||
скобяные изделия|сверло по дереву Q 8*110|1|12,00|0,00||||||||
скобяные изделия|сверло по дереву Q 8*120|1|27,00|0,00||||||||
скобяные изделия|сверло по дереву Q 8*120|1|14,00|0,00||||||||
скобяные изделия|сверло по дереву Q 8*150|7|27,00|0,00||||||||
скобяные изделия|сверло по дереву Q 8*150|1|24,00|0,00||||||||
скобяные изделия|сверло по дереву Q 8*300|5|49,00|0,00||||||||
скобяные изделия|сверло по дереву Q 8*300|3|46,00|0,00||||||||
скобяные изделия|сверло по дереву Q 8*300|1|29,00|0,00||||||||
скобяные изделия|сверло по дереву Q 800|2|6,00|0,00||||||||
скобяные изделия|сверло по плитке Балеринка |2|120,00|0,00||||||||
скобяные изделия|сверло по плитке Ø8|1|135,00|0,00||||||||
скобяные изделия|сверло по плитке Ø8|2|49,00|0,00||||||||
скобяные изделия|СД профиль 3|24|33,00|0,00||||||||
скобяные изделия|сетка затирочная|967|3,50|0,00||||||||
скобяные изделия|Сетка пластиковая тонкая 13х13|14|40,00|0,00||||||||
скобяные изделия|Сетка пластиковая тонкая 15х15|4|15,00|0,00||||||||
скобяные изделия|Сетка пластиковая тонкая 20х20|13|40,00|0,00||||||||
скобяные изделия|Сетка просечка 17х40|4|95,00|0,00||||||||
скобяные изделия|Сетка просечка 17х40|1|95,00|0,00||||||||
скобяные изделия|Сетка просечка оцинк 17х40|1|105,00|0,00||||||||
скобяные изделия|Сетка сварная оцинк 12х12|15|53,00|0,00||||||||
скобяные изделия|Сетка сварная оцинк 25х25|36|55,00|0,00||||||||
скобяные изделия|Сетка сварная оцинк 50х25|9|43,00|0,00||||||||
скобяные изделия|Сетка сварная оцинк 5х5|20|50,00|0,00||||||||
скобяные изделия|сетка cварнаz 10*10 1-2м|10|40,00|0,00||||||||
скобяные изделия|сетка cварнаz 5*5 1-2м|9|62,00|0,00||||||||
скобяные изделия|Скоба 10 мм|22|13,00|0,00||||||||
скобяные изделия|Скоба 10 мм|3|12,00|0,00||||||||
скобяные изделия|Скоба 11,3х12 мм|4|15,00|0,00||||||||
скобяные изделия|Скоба 11,3х12 мм|10|13,00|0,00||||||||
скобяные изделия|Скоба 11,3х14 мм|2|18,00|0,00||||||||
скобяные изделия|Скоба 11,3х14 мм|4|14,00|0,00||||||||
скобяные изделия|Скоба 11,3х14 мм|1|10,50|0,00||||||||
скобяные изделия|Скоба 14 мм|4|16,00|0,00||||||||
скобяные изделия|Скоба 4 мм|2|7,50|0,00||||||||
скобяные изделия|Скоба 6 мм|9|12,00|0,00||||||||
скобяные изделия|Скоба 6 мм|2|11,00|0,00||||||||
скобяные изделия|Скоба 6 мм|6|10,00|0,00||||||||
скобяные изделия|Скоба 6 мм|1|8,50|0,00||||||||
скобяные изделия|Скоба 8 мм|8|13,00|0,00||||||||
скобяные изделия|Скоба 8 мм|12|12,00|0,00||||||||
скобяные изделия|соединитель планка №8|180|11,00|0,00||||||||
скобяные изделия|спица D 10*1м|5|28,00|0,00||||||||
скобяные изделия|спица D 12*1м|6|35,00|0,00||||||||
скобяные изделия|спица D 14*1м|3|47,00|0,00||||||||
скобяные изделия|спица D 16*1м|1|79,00|0,00||||||||
скобяные изделия|спица D 4*1м|3|11,00|0,00||||||||
скобяные изделия|спица D 5*1м|3|12,00|0,00||||||||
скобяные изделия|спица D 6*1м|6|14,00|0,00||||||||
скобяные изделия|спица D 8*1м|5|16,00|0,00||||||||
скобяные изделия|угол мебельный  № 55х50|1|11,00|0,00||||||||
скобяные изделия|угол мебельный  №10 40х40|1|5,50|0,00||||||||
скобяные изделия|угол мебельный  №120 61х60|1|12,00|0,00||||||||
скобяные изделия|угол мебельный  №125 62х48|1|9,50|0,00||||||||
скобяные изделия|угол мебельный  №135 70х60|1|12,00|0,00||||||||
скобяные изделия|угол мебельный  №2 25х15|1|1,50|0,00||||||||
скобяные изделия|угол мебельный  №20 25х20|1|1,50|0,00||||||||
скобяные изделия|угол мебельный  №220 110х60|1|28,00|0,00||||||||
скобяные изделия|угол мебельный  №30|1|3,50|0,00||||||||
скобяные изделия|угол мебельный  №37 25х37|1|3,50|0,00||||||||
скобяные изделия|угол мебельный  №4 20х40|1|3,50|0,00||||||||
скобяные изделия|угол мебельный  №40 25х20|1|3,50|0,00||||||||
скобяные изделия|угол мебельный  №6 60х20|1|4,50|0,00||||||||
скобяные изделия|угол мебельный  №75|1|8,50|0,00||||||||
скобяные изделия|угол мебельный  №8 80х20|1|5,00|0,00||||||||
скобяные изделия|угол мебельный №      55*50|36|11,00|0,00||||||||
скобяные изделия|угол мебельный №     40*20|49|3,50|0,00||||||||
скобяные изделия|угол мебельный №     40*60|40|4,50|0,00||||||||
скобяные изделия|угол мебельный №10 40*40|29|5,50|0,00||||||||
скобяные изделия|угол мебельный №122 61*60|35|10,00|0,00||||||||
скобяные изделия|угол мебельный №125 62*48|1|9,50|0,00||||||||
скобяные изделия|угол мебельный №135 70*60|18|12,00|0,00||||||||
скобяные изделия|угол мебельный №2|24|1,50|0,00||||||||
скобяные изделия|угол мебельный №220 110*60|40|28,00|0,00||||||||
скобяные изделия|угол мебельный №37 25*37|104|3,50|0,00||||||||
скобяные изделия|угол мебельный №40|45|3,50|0,00||||||||
скобяные изделия|угол мебельный №75|14|8,50|0,00||||||||
скобяные изделия|угол мебельный №8 20*80|20|6,00|0,00||||||||
скобяные изделия|угол наружный дерев 30|12|50,00|0,00||||||||
скобяные изделия|угол наружный дерев 45|3|56,00|0,00||||||||
скобяные изделия|угол оконный 100 мм|104|2,50|0,00||||||||
скобяные изделия|угол оконный 50 мм|58|2,00|0,00||||||||
скобяные изделия|угол оконный 75 мм|93|2,50|0,00||||||||
скобяные изделия|угол фриза|1|26,00|0,00||||||||
скобяные изделия|УД профиль 3м|36|23,00|0,00||||||||
скобяные изделия|Фриз 01/25|459|8,00|0,00||||||||
скобяные изделия|Фриз 04/50|1|20,00|0,00||||||||
скобяные изделия|Фриз 06/30|52|13,00|0,00||||||||
скобяные изделия|Фриз 06507|4|20,00|0,00||||||||
скобяные изделия|Фриз 06509|1|20,00|0,00||||||||
скобяные изделия|Фриз 07/50|16|20,00|0,00||||||||
скобяные изделия|Фриз 10/20|82|10,00|0,00||||||||
скобяные изделия|Фриз 101/80|13|26,00|0,00||||||||
скобяные изделия|Фриз 15/35|2|15,00|0,00||||||||
скобяные изделия|Фриз 15/40|59|11,00|0,00||||||||
скобяные изделия|Фриз 19/40|42|11,00|0,00||||||||
скобяные изделия|Фриз 20031/35|6|21,00|0,00||||||||
скобяные изделия|Фриз 203/60|24|28,00|0,00||||||||
скобяные изделия|Фриз 70/35|39|10,00|0,00||||||||
скобяные изделия|Фриз 714/75|38|26,00|0,00||||||||
скобяные изделия|Фриз 719/45|4|7,00|0,00||||||||
скобяные изделия|хвостовик для ,,,, 110см|1|54,50|0,00||||||||
скобяные изделия|цепь Ø3 |1,8|10,50|0,00||||||||
скобяные изделия|цепь Ø3 оцинк|7|13,00|0,00||||||||
скобяные изделия|цепь Ø5|4,5|21,00|0,00||||||||
скобяные изделия|цепь Ø6|4|25,00|0,00||||||||
скобяные изделия|цепь Ø8|4,3|73,00|0,00||||||||
скобяные изделия|Шайба 10*20|192|0,75|0,00||||||||
скобяные изделия|Шайба 10*30|177|1,00|0,00||||||||
скобяные изделия|Шайба 10*37|100|3,00|0,00||||||||
скобяные изделия|Шайба 12*30|190|0,85|0,00||||||||
скобяные изделия|Шайба 12*45|91|2,90|0,00||||||||
скобяные изделия|Шайба 14*30|155|1,50|0,00||||||||
скобяные изделия|Шайба 14*44|46|3,50|0,00||||||||
скобяные изделия|Шайба 16*30|216|4,50|0,00||||||||
скобяные изделия|Шайба 16*30|218|2,50|0,00||||||||
скобяные изделия|Шайба 16*50|12|2,50|0,00||||||||
скобяные изделия|Шайба 8*16|497|0,35|0,00||||||||
скобяные изделия|Шайба 8*22|119|1,00|0,00||||||||
скобяные изделия|Шайба 8*27|285|0,90|0,00||||||||
скобяные изделия|Шайба 8*80|156|4,25|0,00||||||||
скобяные изделия|шайба М 10*30|250|1,00|0,00||||||||
скобяные изделия|шайба М 4*12|220|0,15|0,00||||||||
скобяные изделия|шайба М 5*12|260|0,15|0,00||||||||
скобяные изделия|шайба М 6*12|440|0,15|0,00||||||||
скобяные изделия|шайба М 6*18|500|0,25|0,00||||||||
скобяные изделия|шайба М 6*22|500|0,40|0,00||||||||
скобяные изделия|шайба М 6*30|240|1,00|0,00||||||||
скобяные изделия|шайба М 6*30|750|0,50|0,00||||||||
скобяные изделия|шайба М 8*22|95|0,40|0,00||||||||
скобяные изделия|шайба М 8*22 утолщ|200|0,65|0,00||||||||
скобяные изделия|шайба М 8*24|1000|0,45|0,00||||||||
скобяные изделия|шайба М 8*30|87|1,00|0,00||||||||
скобяные изделия|шайба М-10|46|0,35|0,00||||||||
скобяные изделия|шайба М-10*18|270|0,25|0,00||||||||
скобяные изделия|шайба М-10*20|58|0,30|0,00||||||||
скобяные изделия|шайба М-10*22 усилен|71|0,45|0,00||||||||
скобяные изделия|шайба М-10*22 усилен|35|0,40|0,00||||||||
скобяные изделия|шайба М-10*25|89|0,65|0,00||||||||
скобяные изделия|шайба М-10*30 тонкая|134|0,50|0,00||||||||
скобяные изделия|шайба М-8*22|70|0,40|0,00||||||||
скобяные изделия|шайба М-8*24|164|0,45|0,00||||||||
скобяные изделия|шайба М-8*30|10|1,00|0,00||||||||
скобяные изделия|шарик дверной|6|38,00|0,00||||||||
скобяные изделия|шарик дверной|4|15,00|0,00||||||||
скобяные изделия|шарошки набор |1|56,00|0,00||||||||
скобяные изделия|шлиф Luga 230*6|1|40,00|0,00||||||||
скобяные изделия|шлиф Luga 230*6|1|26,00|0,00||||||||
скобяные изделия|Шлиф Novo abrasive  150*6|3|35,00|0,00||||||||
скобяные изделия|Шлиф Novo abrasive  180*1,6|17|21,00|0,00||||||||
скобяные изделия|Шлиф Novo abrasive 180*2,0|23|21,00|0,00||||||||
скобяные изделия|Шлиф Novo abrasive 230*2,5|4|30,00|0,00||||||||
скобяные изделия|Шлиф Novo abrasive 230*6|3|58,00|0,00||||||||
скобяные изделия|шлиф Ring  115*6|4|20,00|0,00||||||||
скобяные изделия|шлиф Ring  125*6|5|25,00|0,00||||||||
скобяные изделия|шлиф Ring  150*6|6|32,00|0,00||||||||
скобяные изделия|шлиф Ring  150*6|6|32,00|0,00||||||||
скобяные изделия|шлиф Ring  180*6|3|38,00|0,00||||||||
скобяные изделия|Шлиф Ring 230*1,6|2|33,00|0,00||||||||
скобяные изделия|Шлиф Sigma 115|2|23,00|0,00||||||||
скобяные изделия|Шлиф Sigma 230*2|7|32,00|0,00||||||||
скобяные изделия|шлифRing 125*1,0|1|12,00|0,00||||||||
скобяные изделия|шуруп блоха бела бур 3,9*9,5|1000|0,15|0,00||||||||
скобяные изделия|шуруп блоха черна остра  3,9*9,5|1300|0,15|0,00||||||||
скобяные изделия|шуруп желтый 3,5*50|62|0,35|0,00||||||||
скобяные изделия|шуруп желтый 4*30|230|0,25|0,00||||||||
скобяные изделия|шуруп желтый 4*35|57|0,35|0,00||||||||
скобяные изделия|шуруп желтый 4*50|270|0,45|0,00||||||||
скобяные изделия|шуруп желтый 4*70|29|0,45|0,00||||||||
скобяные изделия|шуруп желтый 5*60|81|0,65|0,00||||||||
скобяные изделия|шуруп желтый 6*100|49|1,75|0,00||||||||
скобяные изделия|шуруп желтый 6*40|79|0,90|0,00||||||||
скобяные изделия|шуруп желтый 6*60|52|1,00|0,00||||||||
скобяные изделия|шуруп с шестигран головкой 4,8*19|470|0,80|0,00||||||||
скобяные изделия|шуруп с шестигран головкой 5,5*32|290|1,05|0,00||||||||
скобяные изделия|шуруп с шестигран головкой 5,5*50|420|1,50|0,00||||||||
скобяные изделия|Шуруп ТДN 6*40|29|2,00|0,00||||||||
скобяные изделия|шуруп универ желт 2,5*16|1443|0,15|0,00||||||||
скобяные изделия|шуруп универ желт 2,5*30|47|0,15|0,00||||||||
скобяные изделия|шуруп универ желт 3,5*16|620|0,15|0,00||||||||
скобяные изделия|шуруп универ желт 3,5*30|675|0,20|0,00||||||||
скобяные изделия|шуруп универ желт 3,5*4*25|52|0,20|0,00||||||||
скобяные изделия|шуруп универ желт 4*16|275|0,15|0,00||||||||
скобяные изделия|Шуруп универ желт 4*20|138|0,20|0,00||||||||
скобяные изделия|шуруп универ желт 4*40|410|0,30|0,00||||||||
скобяные изделия|шуруп универ желт 5*30|149|0,35|0,00||||||||
скобяные изделия|шуруп универс 4*70|325|0,55|0,00||||||||
скобяные изделия|шуруп универс 5*60|500|0,65|0,00||||||||
скобяные изделия|шуруп универс 6*40|155|0,90|0,00||||||||
скобяные изделия|шуруп универс желтый 5*40|265|0,45|0,00||||||||
скобяные изделия|шуруп универс желтый 5*50|100|0,55|0,00||||||||
скобяные изделия|шуруп универс желтый 5*80|107|0,85|0,00||||||||
скобяные изделия|шуруп универс желтый 6*80|104|1,50|0,00||||||||
скобяные изделия|шуруп черн дер 3,5*19|247|0,10|0,00||||||||
скобяные изделия|шуруп черн дер 3,5*25|249|0,13|0,00||||||||
скобяные изделия|шуруп черн дер 3,5*25|700|0,13|0,00||||||||
скобяные изделия|шуруп черн дер 3,5*30|43|0,15|0,00||||||||
скобяные изделия|шуруп черн дер 3,5*30|53|0,15|0,00||||||||
скобяные изделия|шуруп черн дер 3,5*32|285|0,15|0,00||||||||
скобяные изделия|шуруп черн дер 3,5*35|700|0,20|0,00||||||||
скобяные изделия|шуруп черн дер 3,5*35|27|0,20|0,00||||||||
скобяные изделия|шуруп черн дер 3,5*40|170|0,20|0,00||||||||
скобяные изделия|шуруп черн дер 3,5*45|33|0,20|0,00||||||||
скобяные изделия|шуруп черн дер 3,5*45|412|0,20|0,00||||||||
скобяные изделия|шуруп черн дер 3,5*50|141|0,25|0,00||||||||
скобяные изделия|шуруп черн дер 3,5*55|241|0,25|0,00||||||||
скобяные изделия|шуруп черн дер 3,5*60|2|0,30|0,00||||||||
скобяные изделия|шуруп черн дер 3,9*70|150|0,40|0,00||||||||
скобяные изделия|шуруп черн дер 4,2*120|47|1,15|0,00||||||||
скобяные изделия|шуруп черн дер 4,2*120|400|1,00|0,00||||||||
скобяные изделия|шуруп черн дер 4,2*127|17|1,00|0,00||||||||
скобяные изделия|шуруп черн дер 4,2*152|100|1,20|0,00||||||||
скобяные изделия|шуруп черн дер 4,2*70|302|0,40|0,00||||||||
скобяные изделия|шуруп черн дер 4,2*75|260|0,40|0,00||||||||
скобяные изделия|шуруп черн дер 4,2*90|18|0,80|0,00||||||||
скобяные изделия|шуруп черн дер 4,8*90|152|0,45|0,00||||||||
скобяные изделия|шуруп черн дер3,5*19|1000|0,10|0,00||||||||
скобяные изделия|шуруп черн дер3,5*25|1000|0,13|0,00||||||||
скобяные изделия|шуруп черн дер3,5*30|3000|0,15|0,00||||||||
скобяные изделия|шуруп черн дер3,5*35|3000|0,20|0,00||||||||
скобяные изделия|шуруп черн дер3,5*40|3630|0,20|0,00||||||||
скобяные изделия|шуруп черн дер3,5*45|1000|0,20|0,00||||||||
скобяные изделия|шуруп черн дер3,5*50|1500|0,25|0,00||||||||
скобяные изделия|шуруп черн дер3,5*50|285|0,25|0,00||||||||
скобяные изделия|шуруп черн дер3,5*55|1460|0,25|0,00||||||||
скобяные изделия|шуруп черн дер3,5*60|1000|0,30|0,00||||||||
скобяные изделия|шуруп черн дер3,9*65|1000|0,35|0,00||||||||
скобяные изделия|шуруп черн дер3,9*70|500|0,40|0,00||||||||
скобяные изделия|шуруп черн дер3,9*75|1500|0,40|0,00||||||||
скобяные изделия|шуруп черн дер3,9*80|365|0,45|0,00||||||||
скобяные изделия|шуруп черн дер3,9*80|150|0,45|0,00||||||||
скобяные изделия|шуруп черн дер3,9*90|400|0,50|0,00||||||||
скобяные изделия|шуруп черн мет  3,5*35|118|0,18|0,00||||||||
скобяные изделия|шуруп черн мет  3,5*40|260|0,20|0,00||||||||
скобяные изделия|шуруп черн мет  3,5*40|443|0,20|0,00||||||||
скобяные изделия|шуруп черн мет  3,5*55|285|0,25|0,00||||||||
скобяные изделия|шуруп черн мет  3,5*60|17|0,30|0,00||||||||
скобяные изделия|шуруп черн мет  4,2*70|53|0,40|0,00||||||||
скобяные изделия|шуруп черн мет  4,2*75|220|0,45|0,00||||||||
скобяные изделия|шуруп черн мет  4,8*100|79|0,80|0,00||||||||
скобяные изделия|шуруп черн мет  4,8*152|90|0,95|0,00||||||||
скобяные изделия|шуруп черн мет  4,8*80|99|0,45|0,00||||||||
скобяные изделия|шуруп черн мет  4,8*90|91|0,50|0,00||||||||
скобяные изделия|шуруп черн мет 3,5*25|230|0,13|0,00||||||||
скобяные изделия|шуруп черн мет 3,5*25|3000|0,13|0,00||||||||
скобяные изделия|шуруп черн мет 3,5*35|2832|0,20|0,00||||||||
скобяные изделия|шуруп черн мет 3,5*40|495|0,20|0,00||||||||
скобяные изделия|шуруп черн мет 3,5*45|4500|0,20|0,00||||||||
скобяные изделия|шуруп черн мет 3,5*55|2260|0,25|0,00||||||||
скобяные изделия|шуруп черн мет 3,5*60|236|0,30|0,00||||||||
скобяные изделия|шуруп черн мет 3,5*70|250|0,35|0,00||||||||
скобяные изделия|шуруп черн мет 3,5*75|735|0,40|0,00||||||||
скобяные изделия|шуруп черн мет 4,8*100|200|0,80|0,00||||||||
скобяные изделия|щечки на воду|1|235,00|0,00||||||||
скобяные изделия|Щлиф Novo abrasive 180*60|2|43,00|0,00||||||||
скобяные изделия|Щлиф Novo abrasive 230*20|12|30,00|0,00||||||||
скобяные изделия|электроды МАХ АНО21  1кг|2|48,50|0,00||||||||
скобяные изделия|электроды МАХ Ø3 1кг|1|55,50|0,00||||||||
скобяные изделия|Электроды Монолит 2 1 кг|1|73,60|0,00||||||||
скобяные изделия|Электроды Монолит 2,5 1 кг|1|62,55|0,00||||||||
скобяные изделия|Электроды Монолит 3 1 кг|1|67,50|0,00||||||||
скобяные изделия|Электроды Монолит 3 2,5 кг|1|156,50|0,00||||||||
скобяные изделия|Электроды Монолит 3 чугун|1|125,00|0,00||||||||
скобяные изделия|Электроды Монолит 4 1 кг|1|66,25|0,00||||||||
скобяные изделия|Электроды Монолит 4 2,5 кг|1|140,50|0,00||||||||
скобяные изделия|Электроды монолит постоян 3 кг|1|138,00|0,00||||||||
скобяные изделия|электроды монолит постоян Ø3 2,5кг|1|138,00|0,00||||||||
скобяные изделия|электроды монолит стандарт Ø3 1кг|6|58,00|0,00||||||||
скобяные изделия|электроды монолит стандарт Ø3 2,5кг|4|133,50|0,00||||||||
скобяные изделия|электроды монолит стандарт Ø4 1кг|1|50,00|0,00||||||||
скобяные изделия|электроды монолит стандарт Ø4 2,5кг|4|120,50|0,00||||||||
скобяные изделия|электроды монолит чугун Ø3 1кг|1|125,00|0,00||||||||
скобяные изделия|электроды монолит Ø2 0,5кг|1|36,00|0,00||||||||
скобяные изделия|электроды монолит Ø2 1кг|4|62,00|0,00||||||||
скобяные изделия|электроды монолит Ø3 1кг|8|67,50|0,00||||||||
скобяные изделия|электроды монолит Ø3 2,5кг|7|156,50|0,00||||||||
скобяные изделия|электроды монолит Ø4 1кг|3|66,25|0,00||||||||
скобяные изделия|электроды монолит Ø4 2,5кг|4|140,50|0,00||||||||
скобяные изделия|Электроды Стандарт 3 1кг|1|58,00|0,00||||||||
скобяные изделия|Электроды Стандарт 3 2,5кг|1|133,50|0,00||||||||
скобяные изделия|Электроды Стандарт 4 1кг|1|50,00|0,00||||||||
скобяные изделия|Электроды Стандарт 4 2,5кг|1|120,50|0,00||||||||
скобяные изделия|электроды d 3|1|37,00|0,00||||||||
скобяные изделия|электроды d 3,5|1|235,00|0,00||||||||
скобяные изделия|ящик поч корич|1|155,00|0,00||||||||
скобяные изделия|ящик поч серый|1|90,00|0,00||||||||
скобяные изделия||||0,00||||||||
